family,commodity,episodes_x,draw_universe_episodes,bootstrap_mean_log_return,median_return,positive_share,log_mean_direction,log_sign_agreement,standard_error,t_statistic,confidence_level,ci_lower,ci_upper,log_mean_bootstrap_p_value,bootstrap_p_value_method,centered_p_value,studentized_p_value,studentized_ci_lower,studentized_ci_upper,studentized_valid_replicates,studentized_status,index_definition,anchor_type,direction,episodes_y,arithmetic_mean_return,mean_log_return,geometric_equivalent_return,jensen_gap,jensen_share_of_arithmetic_mean,time_spearman_rho,time_spearman_p_value,log_mean_bh_q_value,reject_log_mean_fdr,time_trend_bh_q_value,reject_time_trend_fdr,reject_log_mean_raw,reject_time_trend_raw
candidates,"Banana, US",17,17,0.02865655411576605,-0.00850601670407221,0.47058823529411764,positive,False,0.04835911488873631,0.5925781350981812,0.95,-0.0580202405500875,0.12355652382696443,0.563943605639436,studentized,0.5431456854314568,0.563943605639436,-0.06463627372071877,0.1438563582232733,10000,estimated,oni,observable,cold,17,0.049206147422172344,0.028656554115766064,0.02907110354100704,0.020135043881165306,0.40919773109675384,-0.17156862745098042,0.5102663098717944,0.704929507049295,False,0.9404583435037518,False,,
candidates,Barley,15,17,0.06107641628054557,0.046137207714213126,0.6,positive,True,0.059565521147766545,1.0253652633883767,0.95,-0.049089051471505406,0.17479507848661407,0.3224677532246775,studentized,0.28717128287171284,0.3224677532246775,-0.05779246753657016,0.19389155452385537,10000,estimated,oni,observable,cold,15,0.09025119337416264,0.06107641628054557,0.06298014007226385,0.027271053301898787,0.3021683401884636,0.4392857142857142,0.10136057119347246,0.5837063352488281,False,0.7473618482582888,False,,
candidates,Beef **,17,17,0.0065837772932673365,-0.019747543344382317,0.47058823529411764,positive,False,0.04831130146911095,0.13627820185048917,0.95,-0.08302274874594542,0.10145504447646485,0.8953104689531047,studentized,0.8905109489051095,0.8953104689531047,-0.08032363831360766,0.13281729874317694,10000,estimated,oni,observable,cold,17,0.02658191310102454,0.006583777293267333,0.0066054979969183535,0.019976415104106186,0.7515040406680225,0.10539215686274511,0.6872658389566565,0.9261832437445912,False,0.9404583435037518,False,,
candidates,Chicken **,17,17,-0.030129227716098748,0.005250747873290824,0.5882352941176471,negative,False,0.02339464869712416,-1.287868354261821,0.95,-0.07553709485740624,0.012101798744706533,0.21547845215478453,studentized,0.18348165183481652,0.21547845215478453,-0.08784960290205016,0.01406572357207293,10000,estimated,oni,observable,cold,17,-0.025500347470531277,-0.030129227716098748,-0.02967986680861514,0.004179519338083863,-0.16390048578411728,-0.11519607843137256,0.659750043107423,0.5714428557144285,False,0.9404583435037518,False,,
candidates,"Coal, Australian",17,17,-0.03682851081017885,-0.11339468041929372,0.29411764705882354,negative,True,0.06465278919327672,-0.5696352975597326,0.95,-0.1406593134033849,0.09924321835700471,0.5887411258874112,studentized,0.5597440255974403,0.5887411258874112,-0.1359710055479732,0.19884821565055644,10000,estimated,oni,observable,cold,17,0.003556741199394895,-0.03682851081017884,-0.03615859044028035,0.03971533163967525,11.16621351208572,-0.1519607843137255,0.5604155062809044,0.7064893510648935,False,0.9404583435037518,False,,
candidates,Cocoa,17,17,0.1288537646802236,0.15688211172801686,0.7058823529411765,positive,True,0.0624911113007499,2.0619534842338028,0.95,0.012094705183113431,0.24744264717302633,0.055894410558944105,studentized,0.031196880311968805,0.055894410558944105,-0.008315992499011493,0.2561812748936434,10000,estimated,oni,observable,cold,17,0.17322674735663,0.1288537646802236,0.13752376585064494,0.035702981505985054,0.2061054776516796,-0.019607843137254905,0.9404583435037518,0.2421186452783293,False,0.9404583435037518,False,,
candidates,Coconut oil,17,17,0.18053652535920853,0.12372174209358326,0.7058823529411765,positive,True,0.09211208793176952,1.959965618116679,0.95,0.0056608239987507745,0.35829995799372677,0.066993300669933,studentized,0.044195580441955803,0.066993300669933,-0.010927239877709022,0.38169606800669614,10000,estimated,oni,observable,cold,17,0.28159021706176307,0.18053652535920856,0.1978598729436036,0.08373034411815947,0.2973481997771049,-0.08088235294117649,0.7576329086921563,0.25122487751224876,False,0.9404583435037518,False,,
candidates,"Coffee, Arabica",17,17,0.22083903618747763,0.15444373554526844,0.8235294117647058,positive,True,0.09124065584117526,2.420401674576927,0.95,0.049273705080187476,0.4012094737955792,0.0324967503249675,studentized,0.0136986301369863,0.0324967503249675,0.04300688459762095,0.4390638782249417,10000,estimated,oni,observable,cold,17,0.33778586094445384,0.22083903618747766,0.2471226727870349,0.09066318815741894,0.2684043313829757,-0.2916666666666667,0.2560026072263,0.2421186452783293,False,0.9404583435037518,False,,
candidates,"Coffee, Robusta",17,17,0.17857969125964376,0.16137474266606278,0.7058823529411765,positive,True,0.07956452021462859,2.2444638738211156,0.95,0.03324594419407438,0.3358810829596025,0.042495750424957505,studentized,0.021397860213978603,0.042495750424957505,0.024557916738158436,0.3630553225479087,10000,estimated,oni,observable,cold,17,0.2610380668354271,0.17857969125964376,0.19551815182483873,0.06551991501058835,0.25099754915016187,-0.06127450980392158,0.8152828502754568,0.2421186452783293,False,0.9404583435037518,False,,
candidates,"Cotton, A Index",17,17,-0.06032421574455313,-0.09230038738213432,0.35294117647058826,negative,True,0.07562210218386338,-0.7977061467807941,0.95,-0.20756620755909128,0.08318832599171133,0.42425757424257576,studentized,0.40285971402859716,0.42425757424257576,-0.2165924174975628,0.10952336795718234,10000,estimated,oni,observable,cold,17,-0.014458831746339176,-0.06032421574455313,-0.058540751813360596,0.04408192006702142,-3.0487885079776587,-0.02696078431372549,0.9181909009189737,0.6474852514748525,False,0.9404583435037518,False,,
candidates,DAP,17,17,0.11782271538588959,0.021051483341169342,0.6470588235294118,positive,True,0.11390253317406634,1.0344169888287946,0.95,-0.10610935557353908,0.3293549541694511,0.32326767323267674,studentized,0.288971102889711,0.32326767323267674,-0.1253637655158328,0.35664778540008135,10000,estimated,oni,observable,cold,17,0.2447726316582907,0.11782271538588959,0.12504464058135165,0.11972799107693904,0.4891396160829067,0.019607843137254905,0.9404583435037518,0.5837063352488281,False,0.9404583435037518,False,,
candidates,Fish meal,14,17,0.051909215726082376,0.08638953709989923,0.5714285714285714,positive,True,0.07447234427936097,0.6970267450069828,0.95,-0.08857143065032977,0.19160876147717223,0.49035096490350966,studentized,0.46955304469553044,0.49035096490350966,-0.10742704193934513,0.2184763079479801,10000,estimated,oni,observable,cold,14,0.09209394416230172,0.051909215726082376,0.053280116902134765,0.03881382726016696,0.42145906132289684,0.44175824175824174,0.11377750302872344,0.6727153371619359,False,0.7473618482582888,False,,
candidates,Groundnut oil **,17,17,-0.05590747790650599,-0.09829595571416971,0.29411764705882354,negative,True,0.06667155013715992,-0.8385507430304296,0.95,-0.176075747458052,0.0760612024791151,0.40885911408859116,studentized,0.388961103889611,0.40885911408859116,-0.17924714321172514,0.11663426171508934,10000,estimated,oni,observable,cold,17,-0.017742287672275214,-0.055907477906506,-0.05437337680207863,0.03663108912980341,-2.0646204033228797,0.03186274509803922,0.9033768447188891,0.6474852514748525,False,0.9404583435037518,False,,
candidates,Lamb **,16,17,0.0023971014872352196,-0.01647138973506088,0.4375,positive,False,0.04388877002622137,0.054617650159780505,0.95,-0.0807717840704674,0.086265365806995,0.9583041695830417,studentized,0.9567043295670433,0.9583041695830417,-0.08995572842044611,0.0975098611126917,10000,estimated,oni,observable,cold,16,0.01703492900176285,0.0023971014872352214,0.0023999768320440286,0.014634952169718822,0.859114362508017,0.0588235294117647,0.8286807500332257,0.9583041695830417,False,0.9404583435037518,False,,
candidates,"Logs, Malaysian",17,17,0.1113051569089208,0.08248587612809719,0.7058823529411765,positive,True,0.03938740375476888,2.8259074297438147,0.95,0.03799239905385431,0.18606218454999734,0.0173982601739826,studentized,0.0027997200279972004,0.0173982601739826,0.03391250628876434,0.20548592792543544,10000,estimated,oni,observable,cold,17,0.13193903289753933,0.1113051569089208,0.11773593966189004,0.014203093235649292,0.10764891119581778,0.22303921568627455,0.3895228783967918,0.234976502349765,False,0.9404583435037518,False,,
candidates,Maize,17,17,-0.007541717610902695,-0.022627821281132665,0.4117647058823529,negative,True,0.042261163508848024,-0.17845503968019527,0.95,-0.08364045904976686,0.076918963769519,0.8625137486251375,studentized,0.855014498550145,0.8625137486251375,-0.08339292675086162,0.10575264158429264,10000,estimated,oni,observable,cold,17,0.007626683964005003,-0.007541717610902698,-0.0075133502163969405,0.015140034180401944,1.9851398395235789,0.3651960784313726,0.14947236965165778,0.9261832437445912,False,0.7473618482582888,False,,
candidates,"Natural gas, Europe",17,17,-0.015869075268477126,-0.05156531465633341,0.4117647058823529,negative,True,0.11463459663502272,-0.13843181495200435,0.95,-0.21521587119921856,0.2176821717798931,0.8932106789321068,studentized,0.8849115088491151,0.8932106789321068,-0.2150797659242044,0.29117950831840667,10000,estimated,oni,observable,cold,17,0.12043941231085471,-0.015869075268477133,-0.015743824904580622,0.13618323721543535,1.1307198748524756,-0.24754901960784317,0.33808764785888096,0.9261832437445912,False,0.9404583435037518,False,,
candidates,"Natural gas, US",17,17,-0.17216894960104848,-0.12209306244800627,0.23529411764705882,negative,True,0.0647757545789306,-2.6579227169211443,0.95,-0.2978465044178881,-0.05458647117960974,0.023497650234976502,studentized,0.0052994700529947,0.023497650234976502,-0.33367803005962643,-0.05029855665712123,10000,estimated,oni,observable,cold,17,-0.13100172279613553,-0.1721689496010485,-0.15816306686086162,0.02716134406472609,-0.20733577761411953,-0.44852941176470595,0.07094643963763717,0.234976502349765,False,0.7473618482582888,False,,
candidates,Orange,17,17,-0.09631570943850289,-0.13820721757612675,0.29411764705882354,negative,True,0.06889329433885666,-1.3980418611536718,0.95,-0.22983738061244516,0.03569415873826541,0.1795820417958204,studentized,0.14878512148785122,0.1795820417958204,-0.2475636752117753,0.0473467521807165,10000,estimated,oni,observable,cold,17,-0.057363314814875555,-0.09631570943850289,-0.09182274932605422,0.034459434511178666,-0.6007225109355533,0.06372549019607844,0.808021077411703,0.5387461253874612,False,0.9404583435037518,False,,
candidates,Palm oil,17,17,0.0873685583536638,0.06698748557246413,0.5882352941176471,positive,True,0.08666972003504998,1.0080632349836969,0.95,-0.07337533345039839,0.25480016243194564,0.3307669233076692,studentized,0.3043695630436956,0.3307669233076692,-0.09257003665483943,0.27482199371297267,10000,estimated,oni,observable,cold,17,0.159482555809172,0.0873685583536638,0.09129881290279225,0.06818374290637975,0.42753103974559226,0.21078431372549022,0.41674984855133407,0.5837063352488281,False,0.9404583435037518,False,,
candidates,"Rice, Thai 5%",17,17,0.06388551765795444,0.06697768477296134,0.7058823529411765,positive,True,0.050454265378636544,1.2662064778571722,0.95,-0.03549420756730364,0.1551719661936483,0.22857714228577142,studentized,0.18548145185481452,0.22857714228577142,-0.04817577823284194,0.15926692621373895,10000,estimated,oni,observable,cold,17,0.08717234536479401,0.06388551765795446,0.06597035699280512,0.02120198837198889,0.2432192031000655,0.056372549019607844,0.8298485835353617,0.5714428557144285,False,0.9404583435037518,False,,
candidates,"Rubber, RSS3",17,17,-0.01398839682418794,-0.11042637627338317,0.35294117647058826,negative,True,0.07065762158632323,-0.1979743516712936,0.95,-0.138347382919875,0.1277681793432228,0.8452154784521548,studentized,0.8398160183981602,0.8452154784521548,-0.1336655827266516,0.19806918797321738,10000,estimated,oni,observable,cold,17,0.03152604472002604,-0.013988396824187942,-0.013891013807582942,0.04541705852760898,1.4406202532206351,0.12745098039215688,0.6259301508467394,0.9261832437445912,False,0.9404583435037518,False,,
candidates,"Shrimps, Mexican",17,17,-0.053552661716703163,-0.10957717678442844,0.35294117647058826,negative,True,0.04661194661657772,-1.1489042102707838,0.95,-0.1394666110590763,0.03978871500334797,0.2663733626637336,studentized,0.23447655234476553,0.2663733626637336,-0.1436159429420335,0.06809319552873538,10000,estimated,oni,observable,cold,17,-0.034934791915668575,-0.05355266171670318,-0.05214397603595322,0.017209184120284646,-0.49260874837402907,-0.37990196078431376,0.13254890262758853,0.5837063352488281,False,0.7473618482582888,False,,
candidates,Sorghum,15,17,-0.0492418497483208,-0.08714923699291802,0.3333333333333333,negative,True,0.04882427379084381,-1.0085526301787062,0.95,-0.14143339291154908,0.04301502303346281,0.3301669833016698,studentized,0.29387061293870614,0.3301669833016698,-0.15092951402310273,0.05722956281243552,10000,estimated,oni,observable,cold,15,-0.031931255486726685,-0.0492418497483208,-0.048049127223156934,0.01611787173643025,-0.5047678674310251,-0.125,0.6571356681869506,0.5837063352488281,False,0.9404583435037518,False,,
candidates,Soybeans,17,17,-0.023892963914215064,0.024466470659201555,0.5294117647058824,negative,False,0.03654071760811197,-0.6538723232110492,0.95,-0.09215970992656174,0.0466880505412252,0.5157484251574842,studentized,0.5028497150284972,0.5157484251574842,-0.10136397181753565,0.056172017423506124,10000,estimated,oni,observable,cold,17,-0.013062745295093062,-0.023892963914215064,-0.0236097868483931,0.010547041553300038,-0.8074138563554453,0.14215686274509806,0.586262862651232,0.6727153371619359,False,0.9404583435037518,False,,
candidates,"Sugar, world",17,17,0.10389424562764853,-0.009607420261990726,0.4117647058823529,positive,False,0.13083737158382946,0.7940716354201744,0.95,-0.13724291520933735,0.3645915327348406,0.4316568343165683,studentized,0.41485851414858516,0.4316568343165683,-0.1549237918745292,0.41744114984064284,10000,estimated,oni,observable,cold,17,0.28368258768383053,0.10389424562764853,0.109483116020572,0.17419947166325855,0.614064730181491,-0.13235294117647062,0.6125925983674195,0.6474852514748525,False,0.9404583435037518,False,,
candidates,"Tea, avg 3 auctions",17,17,0.030672833936799676,0.05754675436288616,0.5882352941176471,positive,True,0.04530478661147472,0.6770329634226975,0.95,-0.05762113559725998,0.11209293702501306,0.5034496550344966,studentized,0.47515248475152483,0.5034496550344966,-0.07562580858466066,0.11438987554761783,10000,estimated,oni,observable,cold,17,0.0475662773820916,0.030672833936799676,0.03114809203283153,0.016418185349260067,0.34516439487949946,-0.022058823529411766,0.9330304490530753,0.6727153371619359,False,0.9404583435037518,False,,
candidates,"Tobacco, US import u.v.",17,17,0.046078778658937794,0.009839592043302273,0.5294117647058824,positive,True,0.025331701310662282,1.8190163421650218,0.95,-0.00013371360941899648,0.09591086249809536,0.0902909709029097,studentized,0.059394060593940604,0.0902909709029097,-0.0023735437422796185,0.10909541771300225,10000,estimated,oni,observable,cold,17,0.05264272621961183,0.046078778658937794,0.04715690132403804,0.005485824895573789,0.10420860182446379,-0.4068627450980392,0.10506394931043998,0.30096990300969906,False,0.7473618482582888,False,,
candidates,Urea,17,17,0.22557533489728399,0.28977779867608394,0.7647058823529411,positive,True,0.1081143413028901,2.086451549154968,0.95,0.018776638072850693,0.42869905412279197,0.05649435056494351,studentized,0.030796920307969204,0.05649435056494351,-0.02911541112119459,0.43720129630803084,10000,estimated,oni,observable,cold,17,0.36976630126798965,0.22557533489728404,0.25304342845872985,0.1167228728092598,0.31566660457969753,-0.058823529411764705,0.8225588681711513,0.2421186452783293,False,0.9404583435037518,False,,
candidates,"Wheat, US HRW",17,17,-0.11251984774197737,-0.09991171087854307,0.23529411764705882,negative,True,0.04295965871194233,-2.6191978967164853,0.95,-0.19222554362239644,-0.03068457700811236,0.016998300169983,studentized,0.006799320067993201,0.016998300169983,-0.2034509137000939,-0.02523417764001082,10000,estimated,oni,observable,cold,17,-0.09310301137255576,-0.11251984774197737,-0.1064203886050539,0.013317377232498137,-0.14303916743582085,0.25000000000000006,0.3331701359154762,0.234976502349765,False,0.9404583435037518,False,,
controls,Gold,17,17,0.06921512898703247,0.0281845092932891,0.5882352941176471,positive,True,0.04404260052933354,1.5715495487359643,0.95,-0.014355505614575223,0.15435367433707897,0.14428557144285573,studentized,0.10898910108989102,0.14428557144285573,-0.022684396637391135,0.16540206715709876,10000,estimated,oni,observable,cold,17,0.08851996269347107,0.06921512898703248,0.07166673092975982,0.016853231763711243,0.1903890518127645,0.2524509803921569,0.32829422956501814,,,,,False,False
controls,Platinum,17,17,-0.007238377037260002,0.016835322944276573,0.5294117647058824,negative,False,0.03519983575179639,-0.2056366708157324,0.95,-0.0747789201449388,0.057207727705044356,0.8346165383461653,studentized,0.83001699830017,0.8346165383461653,-0.08798849021997514,0.0635594542717861,10000,estimated,oni,observable,cold,17,0.0025456921999549185,-0.0072383770372600005,-0.007212243080022002,0.00975793527997692,3.8331166981419527,0.14215686274509806,0.586262862651232,,,,,False,False
controls,Silver,17,17,0.10004718613278785,0.10487038266875241,0.7058823529411765,positive,True,0.04960108429484261,2.0170362715879273,0.95,0.0013271507781381976,0.19193295879282926,0.0643935606439356,studentized,0.03949605039496051,0.0643935606439356,-0.01667926732333691,0.19688444063621008,10000,estimated,oni,observable,cold,17,0.12649071303862908,0.10004718613278785,0.10522306804770928,0.021267644990919793,0.168136019475397,0.22058823529411767,0.3948890883363402,,,,,False,False
candidates,"Banana, US",17,17,-0.06750838481905048,-0.010321181574477265,0.47058823529411764,negative,True,0.07287128803888396,-0.9264058127122463,0.95,-0.21411990396629954,0.06726858772572744,0.37736226377362264,studentized,0.3528647135286471,0.37736226377362264,-0.25678918877769413,0.07210974170095456,10000,estimated,oni,observable,warm,17,-0.02738621542033096,-0.0675083848190505,-0.0652801168739133,0.037893901453582346,-1.3836852179819887,-0.232843137254902,0.368459654854376,0.4717028297170283,False,0.915106662996154,False,,
candidates,Barley,15,17,0.2195097586712172,0.19615677806918566,0.8666666666666667,positive,True,0.054494756360851535,4.0280895508124654,0.95,0.11943350173278225,0.32834709709614857,0.0028997100289971,studentized,9.999000099990002e-05,0.0028997100289971,0.1139429328269729,0.3544816368961059,10000,estimated,oni,observable,warm,15,0.272526246578878,0.2195097586712172,0.2454660019896437,0.027060244589234284,0.09929408608870327,-0.07857142857142857,0.7807545523090464,0.0144985501449855,True,0.915106662996154,False,,
candidates,Beef **,17,17,0.08074652922641817,0.04840090196474516,0.6470588235294118,positive,True,0.05727951086823522,1.4096930648057744,0.95,-0.024521398855011783,0.1961610718207662,0.1795820417958204,studentized,0.14978502149785022,0.1795820417958204,-0.03200083736396876,0.21742463864571085,10000,estimated,oni,observable,warm,17,0.11410271211864208,0.0807465292264182,0.08409607506783832,0.030006637050803753,0.26297917458441616,-0.4093137254901961,0.10278434681514409,0.24727961986410057,False,0.915106662996154,False,,
candidates,Chicken **,17,17,-0.016437304616510235,0.02804966264251275,0.6470588235294118,negative,False,0.023567769153339458,-0.6974484733605402,0.95,-0.06274957934532836,0.025458152568381485,0.48075192480751927,studentized,0.47055294470552944,0.48075192480751927,-0.07852880478571019,0.02692052247244527,10000,estimated,oni,observable,warm,17,-0.012024695114814271,-0.016437304616510235,-0.016302949278768953,0.004278254163954682,-0.35578899282726323,-0.28921568627450983,0.2602032490665049,0.5150913480080563,False,0.915106662996154,False,,
candidates,"Coal, Australian",16,17,-0.11399059900726478,-0.20029522362580987,0.1875,negative,True,0.07187488086085525,-1.5859587889674922,0.95,-0.24402883650651142,0.031235257158678587,0.14228577142285773,studentized,0.101989801019898,0.14228577142285773,-0.24874997615080607,0.07548704600895494,10000,estimated,oni,observable,warm,16,-0.07021974985117319,-0.1139905990072648,-0.1077336559676021,0.03751390611642891,-0.5342358267572517,0.5529411764705882,0.026314499870666506,0.21342865713428658,False,0.7894349961199951,False,,
candidates,Cocoa,17,17,0.162834135128387,0.09257857171871597,0.6470588235294118,positive,True,0.08220563434779339,1.98081477529232,0.95,0.019251950941608788,0.32885613297525795,0.08919108089191082,studentized,0.038896110388961104,0.08919108089191082,0.022706848131954144,0.42743045406531477,10000,estimated,oni,observable,warm,17,0.25194253315369336,0.16283413512838701,0.17684147683897272,0.07510105631472064,0.29808804164442726,0.26960784313725494,0.2953357994714052,0.166218672250422,False,0.915106662996154,False,,
candidates,Coconut oil,17,17,0.766548649604979,0.7027530365652576,1.0,positive,True,0.09488225031266613,8.078946769063402,0.95,0.5927991428301675,0.9556121535443839,9.999000099990002e-05,studentized,9.999000099990002e-05,9.999000099990002e-05,0.5875514186340443,0.9958923102326813,10000,estimated,oni,observable,warm,17,1.3303084104245446,0.7665486496049791,1.1523249922587944,0.17798341816575025,0.13379109443422219,0.1519607843137255,0.5604155062809044,0.0014998500149985003,True,0.915106662996154,False,,
candidates,"Coffee, Arabica",17,17,0.27589371861958845,0.3319183951971366,0.8235294117647058,positive,True,0.06742288833265189,4.091989018007959,0.95,0.14885549421042135,0.40009946478353164,0.0017998200179982,studentized,9.999000099990002e-05,0.0017998200179982,0.12640580482090105,0.40975747763467835,10000,estimated,oni,observable,warm,17,0.3651980409196985,0.2758937186195885,0.3177078087799065,0.04749023213979198,0.13003966839524847,0.28186274509803927,0.2730598973799546,0.010798920107989201,True,0.915106662996154,False,,
candidates,"Coffee, Robusta",17,17,0.2838567616797474,0.28685801724680615,0.8823529411764706,positive,True,0.07448830068965927,3.8107563073881936,0.95,0.14564701648202116,0.42066205386339917,0.0007999200079992001,studentized,9.999000099990002e-05,0.0007999200079992001,0.12384667625612797,0.4342228221578094,10000,estimated,oni,observable,warm,17,0.38721948250449595,0.2838567616797474,0.32824266187844775,0.0589768206260482,0.15230850535874943,0.24754901960784317,0.33808764785888096,0.007999200079992002,True,0.915106662996154,False,,
candidates,"Cotton, A Index",17,17,0.11898054258013377,0.044422878036381404,0.5882352941176471,positive,True,0.07407331063381688,1.606253879596618,0.95,-0.011173284034973498,0.2665303515087793,0.1341865813418658,studentized,0.0903909609039096,0.1341865813418658,-0.012819350108056654,0.32171636446833135,10000,estimated,oni,observable,warm,17,0.18177184336300847,0.11898054258013377,0.12634800224914355,0.05542384111386492,0.3049088356505272,0.09803921568627452,0.7081513097186048,0.21187354948715653,False,0.915106662996154,False,,
candidates,DAP,17,17,0.2809540093904005,0.2335077413257233,0.8823529411764706,positive,True,0.0700991657973253,4.007950825017102,0.95,0.15822633987502066,0.42118696082452933,0.0105989401059894,studentized,0.00019998000199980003,0.0105989401059894,0.16126934645075325,0.4953153967905133,10000,estimated,oni,observable,warm,17,0.3838084769076592,0.28095400939040044,0.32439269290730444,0.05941578400035474,0.15480581481437586,0.1985294117647059,0.44495054367880854,0.028906200289062,True,0.915106662996154,False,,
candidates,Fish meal,13,17,0.09432319920724846,0.020611832207234934,0.5384615384615384,positive,True,0.05060970500499406,1.8637373839254912,0.95,0.0002845936967910141,0.19374403510194,0.09419058094190581,studentized,0.0560943905609439,0.09419058094190581,-0.005793389823361347,0.2279775215096514,10000,estimated,oni,observable,warm,13,0.11630478811489572,0.09432319920724846,0.09891485693887843,0.017389931176017295,0.14952033753621602,-0.4010989010989011,0.17435746494503296,0.166218672250422,False,0.915106662996154,False,,
candidates,Groundnut oil **,17,17,0.1262218242281004,0.002361302765294282,0.5882352941176471,positive,True,0.07709482666961201,1.637228199098507,0.95,-0.012337911331881828,0.27339593570601184,0.12018798120187982,studentized,0.08639136086391361,0.12018798120187982,-0.017008782451790022,0.31628431476841207,10000,estimated,oni,observable,warm,17,0.1928381318775938,0.12622182422810038,0.13453380745825344,0.05830432441934036,0.3023485233529938,-0.08333333333333334,0.750504450153402,0.20031330200313302,False,0.915106662996154,False,,
candidates,Lamb **,16,17,0.04464147673388496,0.04223485368962439,0.6875,positive,True,0.05371264377374175,0.8311167277844669,0.95,-0.053140956770869566,0.15278744971408295,0.42655734426557346,studentized,0.39266073392660733,0.42655734426557346,-0.055621155534956494,0.17719465400528844,10000,estimated,oni,observable,warm,16,0.06992783879825581,0.044641476733884966,0.0456529018035538,0.024274936994702012,0.3471426746754755,-0.049999999999999996,0.8540995521297438,0.5118688131186881,False,0.915106662996154,False,,
candidates,"Logs, Malaysian",17,17,0.21259639867405375,0.16868658035647918,0.9411764705882353,positive,True,0.06002901286020781,3.5415607977618473,0.95,0.11156877872434486,0.33722729895285347,0.008399160083991601,studentized,0.0011998800119988001,0.008399160083991601,0.11465182252024107,0.38683738354133573,10000,estimated,oni,observable,warm,17,0.27862551159533056,0.21259639867405378,0.2368853419253826,0.04174016966994795,0.1498074222670982,-0.3088235294117647,0.22778565332325174,0.027997200279972004,True,0.915106662996154,False,,
candidates,Maize,17,17,0.20077240247252306,0.1658003626465971,0.8235294117647058,positive,True,0.056612617674533426,3.546424997105166,0.95,0.09602361789582944,0.30963906584970263,0.006099390060993901,studentized,0.00039996000399960006,0.006099390060993901,0.08820342339080889,0.33179598455839643,10000,estimated,oni,observable,warm,17,0.25455490020354965,0.20077240247252304,0.22234653711219526,0.032208363091354386,0.12652815980206872,-0.16666666666666669,0.5226031535880373,0.02614024311854529,True,0.915106662996154,False,,
candidates,"Natural gas, Europe",17,17,-0.1293043586366546,-0.10621082137863436,0.29411764705882354,negative,True,0.06784226868702928,-1.9059556989929527,0.95,-0.25666490035530526,0.0003098020267240819,0.0724927507249275,studentized,0.04889511048895111,0.0724927507249275,-0.2797042196366668,0.007381639119494271,10000,estimated,oni,observable,warm,17,-0.08831129315355996,-0.12930435863665457,-0.12129351706483897,0.032982223911279016,-0.3734768536785882,0.14950980392156862,0.5668307307163287,0.14858514148585142,False,0.915106662996154,False,,
candidates,"Natural gas, US",17,17,-0.0763187408328968,-0.052291076767087996,0.47058823529411764,negative,True,0.05589733134765207,-1.3653378254899913,0.95,-0.18658098758085512,0.026067720864497906,0.18958104189581043,studentized,0.1601839816018398,0.18958104189581043,-0.2117666555097082,0.031209569328347134,10000,estimated,oni,observable,warm,17,-0.0510927273939342,-0.0763187408328968,-0.07347916053496124,0.02238643314102704,-0.43815302652417787,-0.14950980392156862,0.5668307307163287,0.24727961986410057,False,0.915106662996154,False,,
candidates,Orange,17,17,-0.0317159126585293,-0.054116467845632094,0.4117647058823529,negative,True,0.07562439086139149,-0.41938734708832176,0.95,-0.17034708078508637,0.11370155131738861,0.6804319568043196,studentized,0.6683331666833316,0.6804319568043196,-0.18178773474526827,0.1386444943235967,10000,estimated,oni,observable,warm,17,0.01555868168903171,-0.0317159126585293,-0.031218238375040584,0.046776920064072296,3.006483518269307,-0.06862745098039216,0.7935424429160596,0.7038951277286064,False,0.915106662996154,False,,
candidates,Palm oil,17,17,0.47497752546951433,0.49047512951323585,1.0,positive,True,0.05860761726852092,8.104365057076501,0.95,0.3640489890478888,0.584025601111052,9.999000099990002e-05,studentized,9.999000099990002e-05,9.999000099990002e-05,0.3468573112977308,0.5903510382954288,10000,estimated,oni,observable,warm,17,0.6516714497048576,0.47497752546951433,0.6079780585277845,0.04369339117707305,0.06704818999951864,0.17892156862745098,0.4920209629048917,0.0014998500149985003,True,0.915106662996154,False,,
candidates,"Rice, Thai 5%",17,17,0.254293093295781,0.20265862671551424,0.8235294117647058,positive,True,0.09271023486701171,2.7428804776576388,0.95,0.08883194163710505,0.4454368065513644,0.0387961203879612,studentized,0.0052994700529947,0.0387961203879612,0.09335092812416726,0.5447840130206321,10000,estimated,oni,observable,warm,17,0.3974080267144618,0.254293093295781,0.28954970725845636,0.10785831945600544,0.27140448155442465,-0.11519607843137256,0.659750043107423,0.08952950858760277,False,0.915106662996154,False,,
candidates,"Rubber, RSS3",17,17,0.265579793765807,0.2556085837988321,0.8235294117647058,positive,True,0.06578722154501014,4.036951060231404,0.95,0.14554399081024638,0.39312197680926086,0.0013998600139986002,studentized,0.00019998000199980003,0.0013998600139986002,0.14249463822392255,0.42282548092257277,10000,estimated,oni,observable,warm,17,0.35252305155880737,0.26557979376580704,0.30418691605583853,0.048336135502968836,0.13711482210662038,0.06372549019607844,0.808021077411703,0.010498950104989501,True,0.915106662996154,False,,
candidates,"Shrimps, Mexican",16,17,-0.0473355297671645,-0.05305336981447459,0.375,negative,True,0.06141649428366038,-0.7707299206714561,0.95,-0.1671647860280972,0.06866241271411175,0.46155384461553844,studentized,0.42895710428957107,0.46155384461553844,-0.1791360981108901,0.08290756085743921,10000,estimated,oni,observable,warm,16,-0.019210180314415327,-0.047335529767164486,-0.04623267343231626,0.027022493117900934,-1.4066756623634211,-0.21176470588235297,0.4310832472392213,0.5128376051283761,False,0.915106662996154,False,,
candidates,Sorghum,15,17,0.1117887718369071,0.06149557464292513,0.7333333333333333,positive,True,0.05773896336397372,1.9361063192668577,0.95,0.004631575801377775,0.22322863493720646,0.07429257074292571,studentized,0.045295470452954706,0.07429257074292571,-0.0053032608428037475,0.2438453958646692,10000,estimated,oni,observable,warm,15,0.14509768098564416,0.1117887718369071,0.11827662417887111,0.026821056806773047,0.18484828030729658,-0.10714285714285714,0.7039010016261618,0.14858514148585142,False,0.915106662996154,False,,
candidates,Soybeans,17,17,0.13880440139000208,0.1554784894149397,0.7647058823529411,positive,True,0.046200009375298876,3.0044236628275387,0.95,0.05161732883311198,0.22478187022395016,0.007899210078992101,studentized,0.0021997800219978004,0.007899210078992101,0.038700981992127154,0.23284308923990166,10000,estimated,oni,observable,warm,17,0.16839664988191547,0.13880440139000208,0.14889935490755998,0.019497294974355484,0.11578196471264447,-0.05147058823529412,0.8444669030406069,0.027997200279972004,True,0.915106662996154,False,,
candidates,"Sugar, world",17,17,-0.009280155143345573,-0.07054843206642093,0.4117647058823529,negative,True,0.08766449097203338,-0.10585991021502784,0.95,-0.17201131386603244,0.1560912037139485,0.9199080091990801,studentized,0.9168083191680831,0.9199080091990801,-0.18374838727816722,0.18087607487089383,10000,estimated,oni,observable,warm,17,0.05481299605518778,-0.00928015514334556,-0.00923722739827865,0.06405022345346643,1.1685225779116009,0.3872549019607844,0.12460639350840529,0.9199080091990801,False,0.915106662996154,False,,
candidates,"Tea, avg 3 auctions",17,17,0.10241072389498034,0.09966606276076787,0.8235294117647058,positive,True,0.04527942624142725,2.2617495934893777,0.95,0.016633275492205835,0.18735251252897533,0.0382961703829617,studentized,0.0184981501849815,0.0382961703829617,0.00322204795206002,0.19491848373452142,10000,estimated,oni,observable,warm,17,0.1259841562930212,0.10241072389498034,0.10783839399800643,0.018145762295014772,0.1440320975981322,-0.02450980392156863,0.9256077760199252,0.08952950858760277,False,0.9256077760199252,False,,
candidates,"Tobacco, US import u.v.",17,17,-0.01883690045840367,-0.02130670303267132,0.4117647058823529,negative,True,0.024789134445136387,-0.7598853642951401,0.95,-0.06614311371867296,0.02797085862437308,0.46025397460253975,studentized,0.4393560643935606,0.46025397460253975,-0.07366495071129361,0.032453788641053805,10000,estimated,oni,observable,warm,17,-0.013847936136898727,-0.01883690045840367,-0.01866059480187687,0.004812658664978143,-0.347536168379236,0.02450980392156863,0.9256077760199252,0.5128376051283761,False,0.9256077760199252,False,,
candidates,Urea,17,17,0.20214345656191882,0.18853452381221142,0.8235294117647058,positive,True,0.06627160211347527,3.0502273992983215,0.95,0.0721444994566501,0.3261979572803236,0.010198980101989802,studentized,0.0017998200179982,0.010198980101989802,0.04662693073393842,0.3354390915906674,10000,estimated,oni,observable,warm,17,0.26620956323832473,0.20214345656191884,0.22402358973277975,0.04218597350554498,0.15846903842360424,0.232843137254902,0.368459654854376,0.028906200289062,True,0.915106662996154,False,,
candidates,"Wheat, US HRW",17,17,0.08744477912701708,-0.0031781706265910574,0.47058823529411764,positive,False,0.061351614671142134,1.4253052604359302,0.95,-0.021446936207292388,0.20914024575241685,0.18398160183981602,studentized,0.1406859314068593,0.18398160183981602,-0.0226739706238374,0.266723711408848,10000,estimated,oni,observable,warm,17,0.12728673128544274,0.08744477912701706,0.09138199571235996,0.03590473557308278,0.2820775992162591,-0.05392156862745098,0.8371514461082936,0.24727961986410057,False,0.915106662996154,False,,
controls,Gold,17,17,0.07646562224992304,0.09404403344896424,0.5882352941176471,positive,True,0.03941507386132332,1.940009614569216,0.95,0.0023335734472129297,0.1524357748174295,0.07139286071392861,studentized,0.045995400459954004,0.07139286071392861,-0.007276402564809117,0.1609512244147345,10000,estimated,oni,observable,warm,17,0.09295467491328839,0.07646562224992304,0.07946508011854511,0.013489594794743279,0.14512013308988364,0.465686274509804,0.05957824210811781,,,,,False,False
controls,Platinum,17,17,0.07329193139557598,0.07145357182380342,0.7058823529411765,positive,True,0.03377555077399325,2.169969984679268,0.95,0.010292515576550065,0.13753579276030137,0.043695630436956304,studentized,0.026597340265973404,0.043695630436956304,0.0003040653339163035,0.14179794354438352,10000,estimated,oni,observable,warm,17,0.08587065736433497,0.07329193139557598,0.07604462227506685,0.009826035089268118,0.11442832034670329,0.04656862745098039,0.8591333762840924,,,,,True,False
controls,Silver,17,17,0.21424170908745005,0.23835812659090896,0.9411764705882353,positive,True,0.03501695507382892,6.118227830939267,0.95,0.14722286104919471,0.2811097599086364,9.999000099990002e-05,studentized,9.999000099990002e-05,9.999000099990002e-05,0.13747064646990592,0.2878105040687412,10000,estimated,oni,observable,warm,17,0.25107657204708095,0.21424170908745002,0.23892207733015364,0.012154494716927311,0.04840951355130078,0.3088235294117647,0.22778565332325174,,,,,True,False
candidates,"Banana, US",17,17,-0.10690404064955897,-0.07748928979133067,0.29411764705882354,negative,True,0.062441109342186045,-1.7120778566522548,0.95,-0.22915290952726772,0.009623214252527877,0.10718928107189281,studentized,0.0770922907709229,0.10718928107189281,-0.2496007726621587,0.018247454249437217,10000,estimated,oni,retrospective,cold,17,-0.07394345145765306,-0.106904040649559,-0.10138810093272674,0.027444649475073676,-0.37115726861615395,0.22549019607843138,0.3841966507618189,0.292334402923344,False,0.8225588681711513,False,,
candidates,Barley,15,17,0.17467904551642494,0.17680702368762705,0.8,positive,True,0.0565771248496682,3.087450024732908,0.95,0.06760639958297322,0.2798881414687659,0.0082991700829917,studentized,0.0013998600139986002,0.0082991700829917,0.053172029043787025,0.2960401032850334,10000,estimated,oni,retrospective,cold,15,0.21768843951514877,0.17467904551642494,0.19086394214772784,0.02682449736742093,0.12322426228589063,0.5928571428571427,0.019846421970181147,0.11398860113988603,False,0.5953926591054344,False,,
candidates,Beef **,17,17,-0.0033259896753461433,-0.03551977745511892,0.23529411764705882,negative,True,0.03483550785945726,-0.0954769968838905,0.95,-0.06544143754991144,0.0648165172521527,0.9278072192780722,studentized,0.9266073392660734,0.9278072192780722,-0.06680142481134313,0.08999226335345188,10000,estimated,oni,retrospective,cold,17,0.0067418776253072585,-0.003325989675346145,-0.0033204646987216517,0.01006234232402891,1.49251334468865,-0.09558823529411767,0.7151579154299805,0.9278072192780722,False,0.8225588681711513,False,,
candidates,Chicken **,17,17,-0.005792290995373291,0.002480270422804227,0.5294117647058824,negative,False,0.029563949261812935,-0.19592412854175265,0.95,-0.0654968529948405,0.04796062637876682,0.8515148485151485,studentized,0.8435156484351565,0.8515148485151485,-0.08589670046684095,0.046495182790027054,10000,estimated,oni,retrospective,cold,17,0.0009250309509526042,-0.0057922909953732945,-0.005775548020211631,0.006700578971164235,7.24362678271892,-0.2622549019607843,0.3092086598982379,0.9278072192780722,False,0.8225588681711513,False,,
candidates,"Coal, Australian",17,17,0.08497616992892143,-0.009471076695504779,0.47058823529411764,positive,False,0.08605512331106822,0.9874620668632751,0.95,-0.06634787874559728,0.2548583412268086,0.33456654334566543,studentized,0.30686931306869314,0.33456654334566543,-0.06449542588641172,0.32830633076098714,10000,estimated,oni,retrospective,cold,17,0.16295845405070097,0.08497616992892143,0.08869112280243849,0.07426733124826249,0.4557439605137382,0.20833333333333337,0.4223129818009652,0.5018498150184982,False,0.8225588681711513,False,,
candidates,Cocoa,17,17,0.12756074367623732,0.15729358470528254,0.7058823529411765,positive,True,0.0591186471271519,2.1577074218542367,0.95,0.01783516220630408,0.23886722446186937,0.046295370462953706,studentized,0.025097490250974904,0.046295370462953706,-0.0034382316495917553,0.24614634674064573,10000,estimated,oni,retrospective,cold,17,0.16786667310720257,0.12756074367623732,0.13605387423402646,0.03181279887317612,0.18951229737459507,0.2132352941176471,0.4112256782090655,0.154317901543179,False,0.8225588681711513,False,,
candidates,Coconut oil,17,17,0.30636214139402074,0.38150628015098736,0.7647058823529411,positive,True,0.11556512586522746,2.6509912839216008,0.95,0.08791099874095003,0.5247862714060845,0.018998100189981004,studentized,0.0065993400659934,0.018998100189981004,0.04906509340616322,0.5397121016959048,10000,estimated,oni,retrospective,cold,17,0.5091338373459277,0.30636214139402085,0.3584741772114297,0.15065966013449794,0.29591366568734506,-0.08088235294117649,0.7576329086921563,0.11398860113988603,False,0.8225588681711513,False,,
candidates,"Coffee, Arabica",17,17,0.2428457564071345,0.24026778453331973,0.7647058823529411,positive,True,0.06656435975701401,3.6482850175922468,0.95,0.11753429368088987,0.3672109671314528,0.0027997200279972004,studentized,9.999000099990002e-05,0.0027997200279972004,0.0958733278433706,0.3817450018682376,10000,estimated,oni,retrospective,cold,17,0.32028471802594305,0.24284575640713454,0.2748719681195793,0.045412749906363736,0.14178868784705895,0.11029411764705883,0.6734589975422938,0.08399160083991601,False,0.8225588681711513,False,,
candidates,"Coffee, Robusta",17,17,0.20310665435091532,0.16377279368086298,0.7647058823529411,positive,True,0.07714139264356991,2.6329140217803055,0.95,0.05715434282274607,0.3454921615846001,0.0184981501849815,studentized,0.005499450054994501,0.0184981501849815,0.04351431629937211,0.3659099385455524,10000,estimated,oni,retrospective,cold,17,0.2845818339331212,0.20310665435091532,0.22520313452436394,0.05937869940875726,0.20865245890119494,0.06372549019607844,0.808021077411703,0.11398860113988603,False,0.8225588681711513,False,,
candidates,"Cotton, A Index",17,17,0.022845237013595938,0.057105875240864815,0.5882352941176471,positive,True,0.059362334387433276,0.38484397976155343,0.95,-0.08899614137861694,0.1344535191660429,0.7034296570342966,studentized,0.6953304669533047,0.7034296570342966,-0.11265110585398581,0.14385656706461084,10000,estimated,oni,retrospective,cold,17,0.05184601998730141,0.02284523701359593,0.023108188015463833,0.028737831971837574,0.5542919587439171,0.16911764705882354,0.5164176230839818,0.8116496042703422,False,0.8225588681711513,False,,
candidates,DAP,17,17,0.16728337195633522,0.19229320111942097,0.8235294117647058,positive,True,0.1276886577627633,1.3100879505455854,0.95,-0.08080916949785315,0.40399384584697795,0.2104789521047895,studentized,0.17068293170682933,0.2104789521047895,-0.1388179504306747,0.4108948538336814,10000,estimated,oni,retrospective,cold,17,0.33357652378502994,0.1672833719563352,0.18208918877814767,0.15148733500688227,0.4541306842819274,0.16176470588235298,0.5350755062766513,0.39464803519648034,False,0.8225588681711513,False,,
candidates,Fish meal,14,17,-0.04228892362733498,-0.009133137498034797,0.5,negative,False,0.06433194446901602,-0.6573549731222947,0.95,-0.16815665287029496,0.07756623776927947,0.5137486251374862,studentized,0.49855014498550143,0.5137486251374862,-0.20143774117527607,0.08917880424071999,10000,estimated,oni,retrospective,cold,14,-0.01600606354355077,-0.04228892362733498,-0.04140721954479409,0.025401156001243316,-1.5869708334050725,0.3802197802197802,0.17990614630608132,0.6421857814218578,False,0.8225588681711513,False,,
candidates,Groundnut oil **,17,17,0.03738014520218517,-0.03298735135902426,0.4117647058823529,positive,False,0.0772746798026915,0.48373083263016264,0.95,-0.10478001840806765,0.19139055485460324,0.6387361263873612,studentized,0.6143385661433857,0.6387361263873612,-0.11380331938612304,0.22238329858191072,10000,estimated,oni,retrospective,cold,17,0.091490970051385,0.03738014520218517,0.038087569849575224,0.053403400201809774,0.5837013223470718,0.08578431372549021,0.7433950261372769,0.7664833516648335,False,0.8225588681711513,False,,
candidates,Lamb **,16,17,0.06122246628837425,-0.008899664967220448,0.4375,positive,False,0.05609144899163405,1.091475927061636,0.95,-0.034516365380255216,0.1735939869718523,0.2976702329767023,studentized,0.2558744125587441,0.2976702329767023,-0.03386974111941831,0.24480792926949885,10000,estimated,oni,retrospective,cold,16,0.0910362667013379,0.061222466288374244,0.06313539966759972,0.027900867033738175,0.3064807910595936,0.09705882352941177,0.7206513082372035,0.47774169951425915,False,0.8225588681711513,False,,
candidates,"Logs, Malaysian",17,17,0.135198267138302,0.11469634531781055,0.7647058823529411,positive,True,0.0443029360438657,3.051677365230107,0.95,0.05546920428093437,0.2208376788831666,0.011898810118988102,studentized,0.0017998200179982,0.011898810118988102,0.0515263124620598,0.24531092489078787,10000,estimated,oni,retrospective,cold,17,0.1635276308940937,0.13519826713830196,0.14476373088150526,0.01876390001258843,0.11474452305091241,-0.06862745098039216,0.7935424429160596,0.11398860113988603,False,0.8225588681711513,False,,
candidates,Maize,17,17,0.15105341827796467,0.12307373565096151,0.7647058823529411,positive,True,0.06278787492038888,2.405773701841176,0.95,0.03290889806797386,0.2691734236444042,0.029197080291970802,studentized,0.0115988401159884,0.029197080291970802,0.024726650076603157,0.2929795847860157,10000,estimated,oni,retrospective,cold,17,0.2006630525962392,0.15105341827796462,0.16305878501991583,0.037604267576323375,0.18740005740861607,0.37990196078431376,0.13254890262758853,0.13198680131986804,False,0.8225588681711513,False,,
candidates,"Natural gas, Europe",17,17,0.09069838331228836,0.0010109045452124377,0.5294117647058824,positive,True,0.12660798362222953,0.7163717541139621,0.95,-0.12476084318592438,0.34830606556559196,0.48205179482051796,studentized,0.45645435456454353,0.48205179482051796,-0.11989967277657926,0.4901380569621379,10000,estimated,oni,retrospective,cold,17,0.28786460452680285,0.09069838331228836,0.09493870366368662,0.19292590086311623,0.6701966752051763,0.41666666666666674,0.09615710991420606,0.6421857814218578,False,0.8225588681711513,False,,
candidates,"Natural gas, US",17,17,-0.08270826512245309,-0.06645538710209603,0.4117647058823529,negative,True,0.10119806194991508,-0.8172909987484448,0.95,-0.27576003678872335,0.1012551390115327,0.4273572642735726,studentized,0.40605939406059394,0.4273572642735726,-0.3191322951426435,0.11119949179047879,10000,estimated,oni,retrospective,cold,17,-0.005671324044286869,-0.08270826512245309,-0.0793803150816392,0.07370899103735233,-12.996787075075472,0.12009803921568628,0.6461426985863068,0.6105103775336752,False,0.8225588681711513,False,,
candidates,Orange,17,17,-0.08611505576375686,-0.09746520120772274,0.35294117647058826,negative,True,0.05307546468316206,-1.6225021538262,0.95,-0.18749208275859824,0.01589754519466295,0.1277872212778722,studentized,0.09609039096090391,0.1277872212778722,-0.19882648536921826,0.0304921481015743,10000,estimated,oni,retrospective,cold,17,-0.06159263598103526,-0.08611505576375686,-0.0825113372116962,0.020918701230660947,-0.33962990700872,0.13235294117647062,0.6125925983674195,0.3194680531946805,False,0.8225588681711513,False,,
candidates,Palm oil,17,17,0.13707603971463397,0.16919751368900005,0.6470588235294118,positive,True,0.07820038328831493,1.7528819418857826,0.95,-0.013957475341546332,0.27972075624776027,0.10028997100289971,studentized,0.06979302069793021,0.10028997100289971,-0.042209891824565055,0.29389341784923745,10000,estimated,oni,retrospective,cold,17,0.2018932653209068,0.13707603971463395,0.146915356321132,0.05497790899977478,0.2723117530066597,0.07107843137254903,0.7863266619781205,0.292334402923344,False,0.8225588681711513,False,,
candidates,"Rice, Thai 5%",17,17,0.152506615632199,0.08040028908762785,0.6470588235294118,positive,True,0.0953717323197401,1.5990756581930419,0.95,-0.010485495808346526,0.3563612192038893,0.17198280171982802,studentized,0.10138986101389862,0.17198280171982802,-0.0057794050723286305,0.5424583062070999,10000,estimated,oni,retrospective,cold,17,0.2749766528035946,0.15250661563219897,0.1647501676278385,0.11022648517575612,0.40085761482625476,0.3651960784313726,0.14947236965165778,0.39464803519648034,False,0.8225588681711513,False,,
candidates,"Rubber, RSS3",17,17,-0.00588220478046446,-0.017793955188954318,0.4117647058823529,negative,True,0.05115354943313898,-0.11499113640496998,0.95,-0.10227692859625334,0.09382467327212222,0.9073092690730927,studentized,0.9034096590340965,0.9073092690730927,-0.10679562223618716,0.1173851626584436,10000,estimated,oni,retrospective,cold,17,0.015588560622995629,-0.0058822047804644615,-0.0058649384851415754,0.021453499108137205,1.3762334847317366,-0.1519607843137255,0.5604155062809044,0.9278072192780722,False,0.8225588681711513,False,,
candidates,"Shrimps, Mexican",17,17,-0.10405068519195104,-0.13764498270747436,0.29411764705882354,negative,True,0.044212877033799766,-2.353402270393003,0.95,-0.18660840991610245,-0.020653025217991207,0.0321967803219678,studentized,0.014698530146985302,0.0321967803219678,-0.1949056759685375,-0.006413557710339732,10000,estimated,oni,retrospective,cold,17,-0.08451076842431836,-0.10405068519195104,-0.0988203801983869,0.014309611774068545,-0.16932294003317674,-0.25980392156862747,0.31391716151942506,0.13198680131986804,False,0.8225588681711513,False,,
candidates,Sorghum,15,17,0.0855963837861174,0.05756791848009949,0.6,positive,True,0.06466794413100392,1.3236292716019669,0.95,-0.033674269327882915,0.20915484685013677,0.20757924207579243,studentized,0.17068293170682933,0.20757924207579243,-0.04207913102327791,0.23585362372572938,10000,estimated,oni,retrospective,cold,15,0.12244118361174496,0.0855963837861174,0.0893665535571124,0.033074630054632556,0.27012667698076653,0.2178571428571428,0.43539267351553756,0.39464803519648034,False,0.8225588681711513,False,,
candidates,Soybeans,17,17,0.03443272133781458,0.10808837030234289,0.6470588235294118,positive,True,0.05096809408926696,0.6755740420175049,0.95,-0.06802528153772257,0.1276256640249469,0.5009499050094991,studentized,0.48905109489051096,0.5009499050094991,-0.0910428101370569,0.13357970920178316,10000,estimated,oni,retrospective,cold,17,0.05588105947853933,0.03443272133781458,0.035032390439019664,0.020848669039519666,0.37309008157811374,0.43137254901960786,0.08383073912478922,0.6421857814218578,False,0.8225588681711513,False,,
candidates,"Sugar, world",17,17,0.013632970063855488,0.08947573949162024,0.6470588235294118,positive,True,0.09033585425545526,0.15091427624411058,0.95,-0.1706094451388182,0.1742332676638139,0.8858114188581142,studentized,0.8809119088091191,0.8858114188581142,-0.2554061556064818,0.17207014395301057,10000,estimated,oni,retrospective,cold,17,0.07406645661185167,0.013632970063855488,0.013726322742603578,0.060340133869248094,0.8146755850014948,-0.08823529411764706,0.7363051515421217,0.9278072192780722,False,0.8225588681711513,False,,
candidates,"Tea, avg 3 auctions",17,17,0.06633744574977085,0.08885421261249114,0.7058823529411765,positive,True,0.054353490427941374,1.2204817984544543,0.95,-0.042285556057355116,0.16356052233427965,0.24957504249575044,studentized,0.20987901209879012,0.24957504249575044,-0.0801636105295444,0.16527981549258997,10000,estimated,oni,retrospective,cold,17,0.092444365869713,0.06633744574977085,0.06858724655762699,0.023857119312086006,0.2580700196019428,-0.07843137254901962,0.7647798831352098,0.4404265455807361,False,0.8225588681711513,False,,
candidates,"Tobacco, US import u.v.",17,17,0.039977406393383465,0.05445780660396885,0.5882352941176471,positive,True,0.030109639358867256,1.3277278388128606,0.95,-0.017046560105539368,0.09596781333785664,0.20487951204879512,studentized,0.17698230176982302,0.20487951204879512,-0.023567176387799378,0.10478814825782953,10000,estimated,oni,retrospective,cold,17,0.048357850460837876,0.03997740639338346,0.040787258788843754,0.007570591671994122,0.15655351922900482,-0.21813725490196081,0.40029509071151087,0.39464803519648034,False,0.8225588681711513,False,,
candidates,Urea,17,17,0.2694786881659121,0.2723138952055862,0.7647058823529411,positive,True,0.11586383132261246,2.3258223475760333,0.95,0.047565178634141524,0.4888846130733081,0.03519648035196481,studentized,0.015798420157984203,0.03519648035196481,0.01378015460616977,0.5129615039115163,10000,estimated,oni,retrospective,cold,17,0.45248557405893075,0.26947868816591203,0.30928172873383614,0.14320384532509461,0.31648267599011687,0.058823529411764705,0.8225588681711513,0.13198680131986804,False,0.8225588681711513,False,,
candidates,"Wheat, US HRW",17,17,0.04444520173559365,0.07601466741428309,0.6470588235294118,positive,True,0.0421096030736099,1.0554647513039008,0.95,-0.034542006872422606,0.12513056052832108,0.30256974302569745,studentized,0.27207279272072793,0.30256974302569745,-0.042042209141059404,0.1376321573110971,10000,estimated,oni,retrospective,cold,17,0.06059227539301483,0.044445201735593645,0.045447686422022134,0.015144588970992696,0.2499425689621583,0.19607843137254904,0.4507049808818775,0.47774169951425915,False,0.8225588681711513,False,,
controls,Gold,17,17,0.03928094339238801,0.025097926611802775,0.6470588235294118,positive,True,0.04158850334151916,0.9445144748253675,0.95,-0.038728678671583236,0.12034499377858444,0.3468653134686531,studentized,0.33186681331866813,0.3468653134686531,-0.046936589320894895,0.13092716149703088,10000,estimated,oni,retrospective,cold,17,0.05463617897267275,0.03928094339238801,0.040062641335103344,0.014573537637569405,0.2667378632912565,-0.02450980392156863,0.9256077760199252,,,,,False,False
controls,Platinum,17,17,-0.06318859390020948,-0.08782167182639616,0.17647058823529413,negative,True,0.033365805362163034,-1.8938129385561187,0.95,-0.12064016530687646,0.005595047809581719,0.1146885311468853,studentized,0.046795320467953205,0.1146885311468853,-0.12019868190736124,0.05659670196753905,10000,estimated,oni,retrospective,cold,17,-0.05229645132674292,-0.06318859390020949,-0.06123358862568497,0.00893713729894205,-0.17089376185591873,0.23529411764705882,0.363295114375383,,,,,False,False
controls,Silver,17,17,0.11253506043141341,0.0027490017888616124,0.5294117647058824,positive,True,0.06703222213093797,1.6788203770358692,0.95,-0.0054122079626077345,0.24943786703104387,0.1267873212678732,studentized,0.0822917708229177,0.1267873212678732,-0.008213689454421691,0.30245868959688993,10000,estimated,oni,retrospective,cold,17,0.1638579062832036,0.1125350604314134,0.11911149275669948,0.04474641352650412,0.2730805887948227,-0.27450980392156865,0.28629837865879204,,,,,False,False
candidates,"Banana, US",17,17,-0.14153577579538,-0.04235773498409664,0.35294117647058826,negative,True,0.06893538358525254,-2.0531658552438805,0.95,-0.284780332210373,-0.02412002239892032,0.08499150084991501,studentized,0.033596640335966405,0.08499150084991501,-0.37439863206961177,-0.024755950966959442,10000,estimated,oni,retrospective,warm,17,-0.10259618400511121,-0.14153577579537996,-0.13197587922393994,0.02937969521882873,-0.2863624559112751,-0.10539215686274511,0.6872658389566565,0.14998500149985003,False,0.8885928675683452,False,,
candidates,Barley,15,17,0.19624965627365076,0.09181427041298476,0.8666666666666667,positive,True,0.062407231453438135,3.144662112115518,0.95,0.08186673998063321,0.3176188722354137,0.012598740125987402,studentized,0.0011998800119988001,0.012598740125987402,0.07010152272708667,0.34624872598873674,10000,estimated,oni,retrospective,warm,15,0.251132326284628,0.19624965627365076,0.21683065682345265,0.034301669461175355,0.1365880289831687,0.13928571428571426,0.6205460876279013,0.042329100423291,True,0.886494410897002,False,,
candidates,Beef **,17,17,-0.013370605108675902,-0.054843346535904815,0.47058823529411764,negative,True,0.059794937983449495,-0.22360764237897063,0.95,-0.12026746280973141,0.1056437034566199,0.8358164183581642,studentized,0.8224177582241776,0.8358164183581642,-0.11827297189181818,0.1442595470458664,10000,estimated,oni,retrospective,warm,17,0.01816978681589873,-0.013370605108675899,-0.013281615624128941,0.03145140244002767,1.7309725622376264,-0.34558823529411764,0.17425156925857002,0.8358164183581642,False,0.8235635178541271,False,,
candidates,Chicken **,17,17,-0.07652556373525644,-0.03762023226029805,0.35294117647058826,negative,True,0.03319391317696797,-2.3054095287673015,0.95,-0.14326383243191035,-0.01619597586979159,0.0463953604639536,studentized,0.019698030196980302,0.0463953604639536,-0.16310756150885275,-0.014767041565132102,10000,estimated,oni,retrospective,warm,17,-0.06575930123150339,-0.07652556373525644,-0.07367076644914745,0.007911465217644062,-0.12030944778126544,-0.6446078431372549,0.005214479339958623,0.0933906609339066,False,0.1564343801987587,False,,
candidates,"Coal, Australian",16,17,-0.16413910090167425,-0.16912216887755122,0.1875,negative,True,0.05693950552182134,-2.882692770114943,0.95,-0.27156291063950094,-0.05422219579214066,0.012698730126987301,studentized,0.0027997200279972004,0.012698730126987301,-0.2793366695608923,-0.03602958174999765,10000,estimated,oni,retrospective,warm,16,-0.13020465897224176,-0.16413910090167422,-0.1513760306895258,0.021171371717284032,-0.16260072323370198,0.15882352941176472,0.5568612810855391,0.042329100423291,True,0.8352919216283088,False,,
candidates,Cocoa,17,17,0.2535150065450421,0.12438686059536594,0.8823529411764706,positive,True,0.077570701994932,3.268179867208179,0.95,0.12243037389149349,0.4106298274882086,0.0362963703629637,studentized,0.0018998100189981002,0.0362963703629637,0.12745709238145234,0.5817025626337384,10000,estimated,oni,retrospective,warm,17,0.36364153917469827,0.25351500654504205,0.2885467159745363,0.07509482320016198,0.2065078246302478,-0.20833333333333337,0.4223129818009652,0.08376085468376239,False,0.8235635178541271,False,,
candidates,Coconut oil,17,17,0.6167697085019421,0.6054075859656898,1.0,positive,True,0.07994227173844923,7.715188661636433,0.95,0.46623526480585764,0.7687348293178277,9.999000099990002e-05,studentized,9.999000099990002e-05,9.999000099990002e-05,0.4527716281997714,0.7964570989666557,10000,estimated,oni,retrospective,warm,17,0.951125750796122,0.6167697085019421,0.8529328507179392,0.09819290007818282,0.10323860961181242,-0.2058823529411765,0.42791485314270766,0.0009999000099990003,True,0.8235635178541271,False,,
candidates,"Coffee, Arabica",17,17,0.18745763205488059,0.30916067436967354,0.7058823529411765,positive,True,0.07487241563421576,2.5036941905373062,0.95,0.04229835006431138,0.3260497085531984,0.0287971202879712,studentized,0.008899110088991101,0.0287971202879712,0.009585133587648398,0.3335627811076963,10000,estimated,oni,retrospective,warm,17,0.2585988878798735,0.18745763205488059,0.206179145006574,0.05241974287329951,0.20270676066344864,-0.06372549019607844,0.808021077411703,0.071992800719928,False,0.8885928675683452,False,,
candidates,"Coffee, Robusta",17,17,0.2491419826143132,0.31470136078574756,0.7058823529411765,positive,True,0.0668228105819217,3.7283972410719923,0.95,0.11987326752487093,0.3736598296377356,0.0035996400359964,studentized,9.999000099990002e-05,0.0035996400359964,0.10199307650573139,0.387872309617715,10000,estimated,oni,retrospective,warm,17,0.32853974649322676,0.24914198261431314,0.28292417306720646,0.045615573426020295,0.1388433938752087,0.03676470588235294,0.8885928675683452,0.015427028725698858,True,0.8885928675683452,False,,
candidates,"Cotton, A Index",17,17,0.10353219039068957,0.14310057423325137,0.5882352941176471,positive,True,0.06751435505872329,1.5334841057229731,0.95,-0.018019826521530443,0.23820870452378431,0.1461853814618538,studentized,0.11508849115088492,0.1461853814618538,-0.02512821399989286,0.2661519385196146,10000,estimated,oni,retrospective,warm,17,0.15330161380663831,0.10353219039068956,0.10908149455706344,0.04422011924957488,0.28845175306080206,-0.06127450980392158,0.8152828502754568,0.21927807219278073,False,0.8885928675683452,False,,
candidates,DAP,17,17,0.25142936473699384,0.24902386842676455,0.8823529411764706,positive,True,0.05171108238936476,4.862194970970178,0.95,0.15515752702753763,0.35310813624193876,9.999000099990002e-05,studentized,9.999000099990002e-05,9.999000099990002e-05,0.14799040075552536,0.36999518372602813,10000,estimated,oni,retrospective,warm,17,0.3143448692952146,0.2514293647369939,0.2858620696505454,0.02848279964466921,0.09061003511375847,0.232843137254902,0.368459654854376,0.0009999000099990003,True,0.8235635178541271,False,,
candidates,Fish meal,13,17,0.10728839359369305,0.06931255676010306,0.6153846153846154,positive,True,0.04512351711319388,2.3776602635950663,0.95,0.027896839948386126,0.1967142876433824,0.0466953304669533,studentized,0.014098590140985901,0.0466953304669533,0.023208818368953207,0.23321249760176746,10000,estimated,oni,retrospective,warm,13,0.12743986187478615,0.10728839359369305,0.11325526387482068,0.014184597999965465,0.11130424806880518,-0.39010989010989006,0.18757411613383787,0.0933906609339066,False,0.8235635178541271,False,,
candidates,Groundnut oil **,17,17,0.05136555043407514,-0.011615315424053517,0.47058823529411764,positive,False,0.06342968415820832,0.8098030301705044,0.95,-0.06371593948929388,0.1771293581516318,0.43375662433756623,studentized,0.4056594340565943,0.43375662433756623,-0.06612795778785593,0.21565937362692605,10000,estimated,oni,retrospective,warm,17,0.08914630895574109,0.05136555043407514,0.05270764069163748,0.03643866826410361,0.4087512841635933,-0.058823529411764705,0.8225588681711513,0.49639480496394806,False,0.8885928675683452,False,,
candidates,Lamb **,16,17,-0.0506905275528,-0.03935392434534575,0.3125,negative,True,0.042575302452742624,-1.1906087480896945,0.95,-0.13169986028000663,0.029497858468692517,0.253974602539746,studentized,0.22317768223177684,0.253974602539746,-0.14310606428289974,0.04086181160136593,10000,estimated,oni,retrospective,warm,16,-0.03649055840545193,-0.050690527552800006,-0.04942719889157435,0.01293664048612242,-0.3545202115676476,-0.3970588235294118,0.12780600908826178,0.3174682531746825,False,0.8235635178541271,False,,
candidates,"Logs, Malaysian",17,17,0.12495033536580852,0.1219000839027947,0.8823529411764706,positive,True,0.0503272476072083,2.482757180384966,0.95,0.033634819999058964,0.22443601770994648,0.0193980601939806,studentized,0.010998900109989001,0.0193980601939806,0.031744183466691944,0.2385575662336024,10000,estimated,oni,retrospective,warm,17,0.15754201383384775,0.12495033536580849,0.13309217706089527,0.024449836772952482,0.15519565973517763,-0.07598039215686275,0.7719448512425435,0.05563080055630801,False,0.8885928675683452,False,,
candidates,Maize,17,17,0.10231462030085257,0.10799255513491152,0.7058823529411765,positive,True,0.06116343768750054,1.6728068952501303,0.95,-0.013913444263428798,0.21723578455138218,0.11678832116788321,studentized,0.0846915308469153,0.11678832116788321,-0.030917024314723443,0.23042724072732207,10000,estimated,oni,retrospective,warm,17,0.1411474440724166,0.10231462030085257,0.10773193186240937,0.03341551221000724,0.23674188668172552,-0.2843137254901961,0.26873189936784375,0.194647201946472,False,0.8235635178541271,False,,
candidates,"Natural gas, Europe",17,17,-0.15882188554536353,-0.1602661280474513,0.17647058823529413,negative,True,0.05755111485723197,-2.7596665319056926,0.95,-0.27428808106961783,-0.055998398144427156,0.020397960203979604,studentized,0.0045995400459954,0.020397960203979604,-0.3045942793130242,-0.05086835616052572,10000,estimated,oni,retrospective,warm,17,-0.12517005722519847,-0.15882188554536356,-0.14685169651822855,0.021681639293030075,-0.1732174593003642,0.2720588235294118,0.2907959385044183,0.05563080055630801,False,0.8235635178541271,False,,
candidates,"Natural gas, US",17,17,-0.04780242313377708,-0.053018612493449774,0.47058823529411764,negative,True,0.05540625567090292,-0.8627622017576789,0.95,-0.1577640222754917,0.05462645517871,0.4006599340065993,studentized,0.37366263373662634,0.4006599340065993,-0.1745369557624151,0.061342365239241525,10000,estimated,oni,retrospective,warm,17,-0.023715482390360157,-0.04780242313377708,-0.04667787713096822,0.022962394740608065,-0.9682448943118186,-0.22058823529411767,0.3948890883363402,0.4807919208079192,False,0.8235635178541271,False,,
candidates,Orange,17,17,-0.07383735169245552,-0.03816201643656181,0.47058823529411764,negative,True,0.060789531344079044,-1.2146392653452713,0.95,-0.1949172324356672,0.03587435959698743,0.24137586241375864,studentized,0.21137886211378862,0.24137586241375864,-0.22498353633902474,0.042646511162840434,10000,estimated,oni,retrospective,warm,17,-0.04474391509644513,-0.07383735169245552,-0.07117724699501943,0.026433331898574296,-0.5907693111252663,-0.15686274509803924,0.5476805847029369,0.3148380814092504,False,0.8352919216283088,False,,
candidates,Palm oil,17,17,0.39846604652246576,0.37155369701695123,1.0,positive,True,0.05073195968397984,7.854339729917698,0.95,0.304115150864156,0.4959044258771103,9.999000099990002e-05,studentized,9.999000099990002e-05,9.999000099990002e-05,0.2953427848904102,0.5119060970519725,10000,estimated,oni,retrospective,warm,17,0.520878557456464,0.3984660465224657,0.4895380622030167,0.03134049525344734,0.060168526434430616,-0.04166666666666667,0.8738435327825248,0.0009999000099990003,True,0.8885928675683452,False,,
candidates,"Rice, Thai 5%",17,17,0.19842618522055772,0.16471218412118152,0.8235294117647058,positive,True,0.05288360239887373,3.7521306457894337,0.95,0.10107482493539512,0.2985519095972233,0.0022997700229977,studentized,9.999000099990002e-05,0.0022997700229977,0.09482352793503507,0.31719969706330087,10000,estimated,oni,retrospective,warm,17,0.2476174255392724,0.19842618522055772,0.219482008296445,0.028135417242827393,0.11362454472480203,-0.16666666666666669,0.5226031535880373,0.011498850114988501,True,0.8352919216283088,False,,
candidates,"Rubber, RSS3",17,17,0.24988472581422433,0.2015896154899616,0.9411764705882353,positive,True,0.057164919035315745,4.371295018538359,0.95,0.14200354801950657,0.3577164620501759,0.00029997000299970003,studentized,9.999000099990002e-05,0.00029997000299970003,0.13746380601798458,0.37798667993653834,10000,estimated,oni,retrospective,warm,17,0.3183111007506734,0.24988472581422433,0.28387741023414315,0.03443369051653028,0.10817621639749687,-0.09558823529411767,0.7151579154299805,0.00224977502249775,True,0.8885928675683452,False,,
candidates,"Shrimps, Mexican",16,17,-0.10338188986292529,-0.05060514219313404,0.4375,negative,True,0.05843279188734609,-1.7692444006823702,0.95,-0.22457213064398135,-0.003758124658901596,0.134986501349865,studentized,0.0665933406659334,0.134986501349865,-0.2898615585699335,-0.007020905753151618,10000,estimated,oni,retrospective,warm,16,-0.07745621723716119,-0.10338188986292528,-0.09821747389006164,0.020761256652900448,-0.2680386080478484,-0.22352941176470587,0.40529834728275926,0.2131365810787342,False,0.8235635178541271,False,,
candidates,Sorghum,15,17,0.08878588093050138,0.04358713121078649,0.6666666666666666,positive,True,0.059400431383379616,1.4947009451406759,0.95,-0.02367480976505841,0.20227687526520458,0.1613838616138386,studentized,0.1272872712728727,0.1613838616138386,-0.032637874951429224,0.22763397231565202,10000,estimated,oni,retrospective,warm,15,0.12042839047433165,0.08878588093050138,0.09284663196874363,0.027581758505588028,0.22903036731581045,-0.3571428571428571,0.19127476343157904,0.23054837373405515,False,0.8235635178541271,False,,
candidates,Soybeans,17,17,0.11811936379227626,0.05873445891254967,0.7058823529411765,positive,True,0.07483516618215451,1.5783938196217098,0.95,-0.009710268289973258,0.2724312833234304,0.17468253174682533,studentized,0.09609039096090391,0.17468253174682533,-0.0027214530148774035,0.36555104192275983,10000,estimated,oni,retrospective,warm,17,0.1872599575638365,0.11811936379227628,0.12537843278810928,0.061881524775727226,0.330457859655511,-0.04411764705882353,0.8664832749198726,0.23820345238203453,False,0.8885928675683452,False,,
candidates,"Sugar, world",17,17,0.061493176229911246,0.05952321979343712,0.5294117647058824,positive,True,0.07897769025169094,0.7786145180232674,0.95,-0.08532691952305616,0.20768289871093568,0.4467553244675532,studentized,0.42705729427057293,0.4467553244675532,-0.09635021914510028,0.23711643541452332,10000,estimated,oni,retrospective,warm,17,0.11877335828925,0.061493176229911246,0.06342323994834459,0.055350118340905405,0.46601459399767653,0.24754901960784317,0.33808764785888096,0.49639480496394806,False,0.8235635178541271,False,,
candidates,"Tea, avg 3 auctions",17,17,0.08191333620681021,0.054885798422869586,0.7647058823529411,positive,True,0.0388656540152504,2.1076021562551976,0.95,0.009183856839626428,0.1576039686665692,0.053894610538946106,studentized,0.029597040295970403,0.053894610538946106,0.004036071983409439,0.1711764100460465,10000,estimated,oni,retrospective,warm,17,0.0987119841403154,0.08191333620681021,0.08536174418783087,0.013350239952484536,0.13524436843967869,0.23529411764705882,0.363295114375383,0.10105239476052395,False,0.8235635178541271,False,,
candidates,"Tobacco, US import u.v.",17,17,-0.01224711863397342,-0.022515192478565666,0.4117647058823529,negative,True,0.016648921240116157,-0.7356103411951737,0.95,-0.04195924143534892,0.0204219187507913,0.47705229477052297,studentized,0.44325567443255676,0.47705229477052297,-0.043096496017341224,0.028687746858256213,10000,estimated,oni,retrospective,warm,17,-0.0099401810584322,-0.01224711863397342,-0.0121724279029111,0.0022322468444789002,-0.2245680266140925,0.1593137254901961,0.5413616326261632,0.5111274586827032,False,0.8352919216283088,False,,
candidates,Urea,17,17,0.25213258329187804,0.22969758319246716,0.8823529411764706,positive,True,0.059232977066792945,4.256625207400356,0.95,0.13830643444131507,0.36362538475600215,0.0008999100089991,studentized,9.999000099990002e-05,0.0008999100089991,0.11862463794139116,0.37343396247365435,10000,estimated,oni,retrospective,warm,17,0.32256376952710175,0.25213258329187804,0.2867666297313852,0.035797139795716526,0.11097693906602507,0.25980392156862747,0.31391716151942506,0.0053994600539946005,True,0.8235635178541271,False,,
candidates,"Wheat, US HRW",17,17,-0.04206939418675993,-0.08843094555017329,0.35294117647058826,negative,True,0.07228497478862073,-0.5819936205246156,0.95,-0.17461781360667616,0.09657404669672433,0.5664433556644336,studentized,0.5554444555544445,0.5664433556644336,-0.18074620377059997,0.13282095055388823,10000,estimated,oni,retrospective,warm,17,0.0011965507302052578,-0.04206939418675993,-0.041196757107456156,0.04239330783766141,35.42959505811275,-0.20098039215686278,0.4392338761888678,0.5859758851701037,False,0.8235635178541271,False,,
controls,Gold,17,17,0.12637217951120203,0.05485014514155139,0.7058823529411765,positive,True,0.043728794064611505,2.8899077190301825,0.95,0.04723688573041586,0.21251094129613435,0.014198580141985802,studentized,0.0026997300269973002,0.014198580141985802,0.043431013505126015,0.23157619615067088,10000,estimated,oni,retrospective,warm,17,0.1528968993184202,0.12637217951120203,0.13470440343474402,0.01819249588367619,0.11898538142221472,0.33333333333333337,0.19105762734590404,,,,,True,False
controls,Platinum,17,17,0.05025007146417732,-0.027849963444751408,0.4117647058823529,positive,False,0.046077879237356824,1.0905465333013409,0.95,-0.030994134847461583,0.14240790487211433,0.2950704929507049,studentized,0.261973802619738,0.2950704929507049,-0.029428117450180334,0.19139145739101238,10000,estimated,oni,retrospective,warm,17,0.07082600457542586,0.050250071464177336,0.051534022152088806,0.019291982423337052,0.2723855812421571,0.04901960784313726,0.8517943990009383,,,,,False,False
controls,Silver,17,17,0.19749984873598955,0.18865376525660185,0.7647058823529411,positive,True,0.05706905199461301,3.460717180909758,0.95,0.09290314390367617,0.3082188211171472,0.004899510048995101,studentized,0.00039996000399960006,0.004899510048995101,0.08782512908946415,0.33156822957447335,10000,estimated,oni,retrospective,warm,17,0.2518632476835973,0.19749984873598955,0.21835288067668246,0.03351036700691484,0.13304984873780462,0.26470588235294124,0.3045422200057607,,,,,True,False
candidates,"Banana, US",17,17,-0.005489211931487085,-0.02814955832387821,0.29411764705882354,negative,True,0.045430266827184186,-0.12082719990106895,0.95,-0.0855911093229805,0.08594012835965456,0.9036096390360964,studentized,0.8998100189981002,0.9036096390360964,-0.08260214426762494,0.1358330195380132,10000,estimated,roni,observable,cold,17,0.012480771061718268,-0.005489211931487092,-0.005474173736201828,0.017954944797920095,1.4386086171384496,-0.3382352941176471,0.18421188285210155,0.9410783059625072,False,0.8889283873951623,False,,
candidates,Barley,16,17,0.0071165903176165215,-0.017991107994322502,0.4375,positive,False,0.06039267693261964,0.11783863009676704,0.95,-0.10326349927391472,0.12436101755418176,0.9097090290970903,studentized,0.9062093790620938,0.9097090290970903,-0.11374457959960145,0.14815938466889886,10000,estimated,roni,observable,cold,16,0.03595744807009251,0.007116590317616526,0.007141973424488488,0.028815474645604022,0.8013770774119868,0.4088235294117647,0.11588783814878345,0.9410783059625072,False,0.8691587861158758,False,,
candidates,Beef **,17,17,-0.04593052082133522,-0.07348603260193044,0.35294117647058826,negative,True,0.03300490744860538,-1.391627014644939,0.95,-0.10954705326267332,0.013772210927040436,0.18318168183181682,studentized,0.14728527147285272,0.18318168183181682,-0.11725396276732061,0.020032364151633876,10000,estimated,roni,observable,cold,17,-0.03667532009980878,-0.04593052082133522,-0.044891679972944666,0.00821635987313589,-0.22402967038258323,0.26715686274509803,0.2999179120959027,0.35977652234776525,False,0.8889283873951623,False,,
candidates,Chicken **,17,17,0.014265225304509643,0.01567665791208871,0.6470588235294118,positive,True,0.01991764411493802,0.7162104725935371,0.95,-0.02458035993808558,0.05149892416302875,0.48235176482351766,studentized,0.4587541245875412,0.48235176482351766,-0.034380364752384734,0.052559882145271505,10000,estimated,roni,observable,cold,17,0.017549625794680546,0.014265225304509643,0.014367459182325968,0.0031821666123545787,0.1813239011238133,0.11274509803921569,0.6665920499637249,0.6890739497478824,False,0.9345277703988508,False,,
candidates,"Coal, Australian",17,17,-0.10713546566338132,-0.1736497009748656,0.29411764705882354,negative,True,0.05160126987693938,-2.076217618653222,0.95,-0.19937515764801086,-0.004995880080810891,0.058394160583941604,studentized,0.030096990300969902,0.058394160583941604,-0.20260320090164852,0.020318721982338597,10000,estimated,roni,observable,cold,17,-0.08114655339547955,-0.10713546566338135,-0.10159603814202552,0.020449484746545968,-0.2520068184151017,0.19117647058823534,0.46232612062451384,0.218978102189781,False,0.8889283873951623,False,,
candidates,Cocoa,17,17,0.13916874364575668,0.11059015236491868,0.6470588235294118,positive,True,0.07692001050521326,1.8092657909390757,0.95,0.00011817231533880076,0.29082938306003114,0.09419058094190581,studentized,0.061693830616938304,0.09419058094190581,-0.0024868391642881016,0.3262831085751734,10000,estimated,roni,observable,cold,17,0.209630246242786,0.13916874364575665,0.1493180237549068,0.06031222248787921,0.28770763555764667,-0.2303921568627451,0.3736648667172987,0.289607402896074,False,0.8889283873951623,False,,
candidates,Coconut oil,17,17,0.16879376241283095,0.14611106563765444,0.6470588235294118,positive,True,0.09726081573715667,1.735475495794618,0.95,-0.01262423612524101,0.35029096023888917,0.10028997100289971,studentized,0.0705929407059294,0.10028997100289971,-0.04432007409597705,0.36440109557724754,10000,estimated,roni,observable,cold,17,0.27348799200358653,0.16879376241283098,0.1838759540245172,0.08961203797906933,0.32766351942023897,-0.058823529411764705,0.8225588681711513,0.289607402896074,False,0.9345277703988508,False,,
candidates,"Coffee, Arabica",17,17,0.19832128626922163,0.12623776782012833,0.8823529411764706,positive,True,0.08764917813898598,2.262671373309879,0.95,0.03230200325915461,0.36943217783570537,0.038896110388961104,studentized,0.0201979802019798,0.038896110388961104,0.022649266914174626,0.3963611366904968,10000,estimated,roni,observable,cold,17,0.2987106789267756,0.19832128626922163,0.2193540926218288,0.0793565863049468,0.26566370706954157,-0.18872549019607845,0.4681922842798525,0.17698230176982305,False,0.8889283873951623,False,,
candidates,"Coffee, Robusta",17,17,0.18685517157287784,0.1345374589075939,0.7647058823529411,positive,True,0.08136918479028231,2.296387410719069,0.95,0.04070325673168072,0.35347836160200097,0.04129587041295871,studentized,0.0192980701929807,0.04129587041295871,0.03406932530716503,0.3911929715384105,10000,estimated,roni,observable,cold,17,0.2773327193217366,0.18685517157287784,0.20545268859010593,0.07188003073163066,0.25918337694674204,-0.04166666666666667,0.8738435327825248,0.17698230176982305,False,0.9345277703988508,False,,
candidates,"Cotton, A Index",17,17,-0.0006251123557188526,-0.02469921696350117,0.4117647058823529,negative,True,0.07005282555602299,-0.008923442427299876,0.95,-0.13358513705044658,0.1292913031783653,0.993000699930007,studentized,0.9928007199280072,0.993000699930007,-0.15193298180720083,0.14238729718904142,10000,estimated,roni,observable,cold,17,0.0384991348428274,-0.0006251123557188526,-0.0006249170136959074,0.03912405185652331,1.0162319755040503,0.2843137254901961,0.26873189936784375,0.993000699930007,False,0.8889283873951623,False,,
candidates,DAP,17,17,0.14813186228000516,0.05654604814913492,0.6470588235294118,positive,True,0.08451114169404543,1.7528086748169251,0.95,-0.0020107421202762445,0.31872020279876373,0.10618938106189381,studentized,0.0685931406859314,0.10618938106189381,-0.012838030604493872,0.35371232062312075,10000,estimated,roni,observable,cold,17,0.23304173456895214,0.14813186228000516,0.15966580245823536,0.07337593211071677,0.3148617660542103,0.16176470588235298,0.5350755062766513,0.289607402896074,False,0.9345277703988508,False,,
candidates,Fish meal,14,17,0.04015007668704678,0.05199149006457173,0.5714285714285714,positive,True,0.0739045525818363,0.5432693289440813,0.95,-0.0948987850009155,0.18446972852026028,0.5863413658634137,studentized,0.5701429857014298,0.5863413658634137,-0.10777709256311899,0.21510365525300745,10000,estimated,roni,observable,cold,14,0.07968137184592113,0.04015007668704679,0.04096698734690477,0.038714384499016354,0.4858649343271584,0.3186813186813187,0.26678496081136144,0.7995564079955642,False,0.8889283873951623,False,,
candidates,Groundnut oil **,17,17,0.016783765625591886,-0.010647276335070276,0.4117647058823529,positive,False,0.06419913726040548,0.261432884331659,0.95,-0.10075618426276794,0.14314204317540938,0.8056194380561944,studentized,0.7913208679132087,0.8056194380561944,-0.10410307441787266,0.17475431680059103,10000,estimated,roni,observable,cold,17,0.052932496223279724,0.016783765625591886,0.016925404320558588,0.03600709190272114,0.680245491367649,-0.06617647058823531,0.800774094340852,0.9410783059625072,False,0.9345277703988508,False,,
candidates,Lamb **,17,17,-0.004894073192353273,-0.01572756686636303,0.4117647058823529,negative,True,0.04008459296405768,-0.12209362327170442,0.95,-0.07993535446906375,0.0713801636961519,0.9028097190280971,studentized,0.8975102489751025,0.9028097190280971,-0.0829949073471029,0.08481622304038508,10000,estimated,roni,observable,cold,17,0.00812271968546458,-0.004894073192353273,-0.0048821167293679624,0.013004836414832542,1.601044590779662,0.04411764705882353,0.8664832749198726,0.9410783059625072,False,0.9345277703988508,False,,
candidates,"Logs, Malaysian",17,17,0.13394050663630389,0.11951411847214721,0.6470588235294118,positive,True,0.04548806336938107,2.944519874338329,0.95,0.05345760323501304,0.2301976920704455,0.0226977302269773,studentized,0.0032996700329967,0.0226977302269773,0.05094231159149354,0.2616491339747477,10000,estimated,roni,observable,cold,17,0.16372739024351016,0.13394050663630386,0.14332479738323686,0.020402592860273294,0.12461319288073129,0.07598039215686275,0.7719448512425435,0.17698230176982305,False,0.9345277703988508,False,,
candidates,Maize,17,17,0.013729192718531217,0.018802267913731418,0.5882352941176471,positive,True,0.039876144887568826,0.34429588811157164,0.95,-0.059736841791617735,0.09196335921427788,0.7362263773622638,studentized,0.7216278372162783,0.7362263773622638,-0.06106134301351874,0.11074207119120112,10000,estimated,roni,observable,cold,17,0.027316804256174314,0.013729192718531218,0.013823870873587335,0.01349293338258698,0.49394260236488763,0.41666666666666674,0.09615710991420606,0.9202829717028297,False,0.8691587861158758,False,,
candidates,"Natural gas, Europe",17,17,-0.0933136793793466,-0.14966515787413562,0.23529411764705882,negative,True,0.10661987929010502,-0.875199634445719,0.95,-0.2813481702239505,0.11918379559660665,0.39036096390360964,studentized,0.36096390360963904,0.39036096390360964,-0.2802224439570096,0.2306337005305299,10000,estimated,roni,observable,cold,17,0.012424888010983286,-0.0933136793793466,-0.08909227749185415,0.10151716550283743,8.17046925598837,0.019607843137254905,0.9404583435037518,0.6163594166899099,False,0.9404583435037518,False,,
candidates,"Natural gas, US",17,17,-0.1660683719068641,-0.1700084656504156,0.23529411764705882,negative,True,0.06996661044103335,-2.3735374753765393,0.95,-0.29828796471822505,-0.03222187272913463,0.029597040295970403,studentized,0.013098690130986902,0.029597040295970403,-0.30887483320830256,-0.010430687571943265,10000,estimated,roni,observable,cold,17,-0.11875328184623705,-0.1660683719068641,-0.15301167799702806,0.034258396150791,-0.2884837843483696,0.03186274509803922,0.9033768447188891,0.17698230176982305,False,0.9345277703988508,False,,
candidates,Orange,17,17,-0.09400534120106832,-0.08127535546942032,0.4117647058823529,negative,True,0.0621070966904017,-1.5136006384210245,0.95,-0.2114088085515035,0.02125788722934845,0.14328567143285673,studentized,0.11338866113388661,0.14328567143285673,-0.22955810149770123,0.03300482635330107,10000,estimated,roni,observable,cold,17,-0.06177244852593842,-0.09400534120106833,-0.08972209974951079,0.027949651223572368,-0.45246144341900635,-0.2916666666666667,0.2560026072263,0.33065924176813094,False,0.8889283873951623,False,,
candidates,Palm oil,17,17,0.09119440399376619,0.0929016143735918,0.6470588235294118,positive,True,0.08716577995926017,1.0462179542979932,0.95,-0.07601144366702882,0.25202298778827864,0.31396860313968605,studentized,0.28187181281871815,0.31396860313968605,-0.10699813316541062,0.2631076813649293,10000,estimated,roni,observable,cold,17,0.16146373839140607,0.09119440399376616,0.09548195062538017,0.0659817877660259,0.40864771510541087,0.18627450980392157,0.4740951399440866,0.5404459554044596,False,0.8889283873951623,False,,
candidates,"Rice, Thai 5%",17,17,0.11734651105443947,0.07298298113024185,0.6470588235294118,positive,True,0.04714290964719726,2.4891656440517553,0.95,0.029983928441402494,0.2092310012563328,0.028597140285971403,studentized,0.0098990100989901,0.028597140285971403,0.02792166094662682,0.231502969075356,10000,estimated,roni,observable,cold,17,0.1453090541889392,0.11734651105443944,0.12450901699369024,0.02080003719524895,0.1431434352893354,0.20098039215686278,0.4392338761888678,0.17698230176982305,False,0.8889283873951623,False,,
candidates,"Rubber, RSS3",17,17,0.07543709611071488,-0.007621295940358375,0.4117647058823529,positive,False,0.07361507599182478,1.0247506382944227,0.95,-0.05372221246767929,0.22452030763334177,0.32426757324267574,studentized,0.2916708329167083,0.32426757324267574,-0.049968591791526504,0.3156887449662771,10000,estimated,roni,observable,cold,17,0.1326938758989238,0.07543709611071486,0.07835539283629386,0.05433848306262995,0.40950256893559206,0.06862745098039216,0.7935424429160596,0.5404459554044596,False,0.9345277703988508,False,,
candidates,"Shrimps, Mexican",17,17,-0.05708937512411695,-0.11424382892217735,0.35294117647058826,negative,True,0.0392446762855714,-1.4547036828306388,0.95,-0.12922068333576814,0.021208400153072758,0.1710828917108289,studentized,0.1376862313768623,0.1710828917108289,-0.1320335844527476,0.03905699597724467,10000,estimated,roni,observable,cold,17,-0.04344493812910001,-0.05708937512411695,-0.05549035007311128,0.01204541194401127,-0.2772569708401332,-0.2524509803921569,0.32829422956501814,0.35977652234776525,False,0.8889283873951623,False,,
candidates,Sorghum,16,17,-0.019230589109069298,-0.06915545633845818,0.375,negative,True,0.04597960873402607,-0.41824168666398803,0.95,-0.10587187354225168,0.06999291445332737,0.6727327267273273,studentized,0.6602339766023397,0.6727327267273273,-0.11389201283125854,0.08479772139369743,10000,estimated,roni,observable,cold,16,-0.0031485260037763807,-0.019230589109069288,-0.01904686094886624,0.01589833494508986,-5.049453276238215,0.09117647058823529,0.7370049501736591,0.87747746964434,False,0.9345277703988508,False,,
candidates,Soybeans,17,17,0.006730810065842741,0.03120813743983466,0.5294117647058824,positive,True,0.03652145472063648,0.18429742509789707,0.95,-0.0634052085173732,0.0742230303483839,0.8555144485551445,studentized,0.851014898510149,0.8555144485551445,-0.07556075979930588,0.07974339870166415,10000,estimated,roni,observable,cold,17,0.017385309554139437,0.006730810065842745,0.006753512875430823,0.010631796678708614,0.611539106945449,-0.1936274509803922,0.4564969285487544,0.9410783059625072,False,0.8889283873951623,False,,
candidates,"Sugar, world",17,17,0.10599114994254033,0.023929706483921467,0.6470588235294118,positive,True,0.13563626010685942,0.7814366885303123,0.95,-0.1412203317368767,0.3738284327975745,0.45025497450254975,studentized,0.42925707429257076,0.45025497450254975,-0.15284696121702485,0.43863282825399286,10000,estimated,roni,observable,cold,17,0.30560958565585183,0.10599114994254034,0.11181203686257962,0.1937975487932722,0.6341343920131759,-0.13480392156862747,0.6059663630124607,0.6753824617538247,False,0.9345277703988508,False,,
candidates,"Tea, avg 3 auctions",17,17,0.0629134836935404,0.08377315301088302,0.6470588235294118,positive,True,0.04596782158663759,1.3686418351360106,0.95,-0.028300552231253537,0.14563783443371686,0.19188081191880813,studentized,0.15578442155784422,0.19188081191880813,-0.04434583593534476,0.15043262814848757,10000,estimated,roni,observable,cold,17,0.08248806332041726,0.0629134836935404,0.06493470102868079,0.01755336229173647,0.21279881700643227,-0.14705882352941177,0.5732772908660001,0.35977652234776525,False,0.9345277703988508,False,,
candidates,"Tobacco, US import u.v.",17,17,0.04394861365353902,0.005977064946604025,0.5294117647058824,positive,True,0.026482278225063324,1.6595480675807275,0.95,-0.00416811385677083,0.09590731803537679,0.12388761123887611,studentized,0.08499150084991501,0.12388761123887611,-0.005634232324158883,0.11253970952851552,10000,estimated,roni,observable,cold,17,0.050956007512971524,0.04394861365353902,0.044928658442753774,0.00602734907021775,0.11828534778128778,-0.4803921568627451,0.05096160005232442,0.30971902809719026,False,0.8691587861158758,False,,
candidates,Urea,17,17,0.26755393603090016,0.30052284688319686,0.8235294117647058,positive,True,0.10446648140226789,2.5611462398224485,0.95,0.061733292811231306,0.4578557466093376,0.027097290270972903,studentized,0.0072992700729927005,0.027097290270972903,0.006515303415395468,0.46605863610795323,10000,estimated,roni,observable,cold,17,0.4151435880831148,0.26755393603090016,0.3067641096047664,0.10837947847834839,0.2610650425284902,0.11764705882352941,0.6529334399539918,0.17698230176982305,False,0.9345277703988508,False,,
candidates,"Wheat, US HRW",17,17,-0.12445583614934189,-0.07786992656880962,0.29411764705882354,negative,True,0.04765025531268957,-2.6118608459207664,0.95,-0.21821490974155192,-0.03649095403923937,0.025597440255974404,studentized,0.006099390060993901,0.025597440255974404,-0.2412556278703203,-0.03344262128264386,10000,estimated,roni,observable,cold,17,-0.10139894920819033,-0.12445583614934191,-0.11702274381902229,0.015623794610831965,-0.15408241143360862,0.45098039215686275,0.06923198585336185,0.17698230176982305,False,0.8691587861158758,False,,
controls,Gold,17,17,0.09795584335776356,0.08760503053514464,0.7058823529411765,positive,True,0.04248065025701729,2.305893218797479,0.95,0.019495703795438662,0.1794614753120507,0.036396360363963605,studentized,0.0182981701829817,0.036396360363963605,0.012521832899658622,0.19388095369514163,10000,estimated,roni,observable,cold,17,0.11917911315564984,0.09795584335776354,0.10291408305067316,0.01626503010497668,0.1364755087893152,0.09803921568627452,0.7081513097186048,,,,,True,False
controls,Platinum,17,17,0.00839650467819583,-0.007305202365425659,0.4117647058823529,positive,False,0.03676007182714786,0.22841371795130405,0.95,-0.05856700408696116,0.07882534899860735,0.8186181381861813,studentized,0.8107189281071893,0.8186181381861813,-0.06135524122821784,0.09606877977413754,10000,estimated,roni,observable,cold,17,0.019633760821606262,0.00839650467819583,0.008431854191787273,0.01120190662981899,0.5705430931750827,0.12745098039215688,0.6259301508467394,,,,,False,False
controls,Silver,17,17,0.09903531657710085,0.13126890562028934,0.7058823529411765,positive,True,0.05180797436833827,1.9115844188964262,0.95,-0.001738417272187146,0.1956810830314339,0.07589241075892411,studentized,0.04989501049895011,0.07589241075892411,-0.020172211869614334,0.20401615929459233,10000,estimated,roni,observable,cold,17,0.1274938024724461,0.09903531657710082,0.104105292090012,0.0233885103824341,0.18344821417879362,0.1985294117647059,0.44495054367880854,,,,,False,False
candidates,"Banana, US",17,17,-0.048315674115658236,-0.03460783725704168,0.4117647058823529,negative,True,0.06511299172384301,-0.7420281703622912,0.95,-0.17297790576682825,0.07507433719260151,0.4724527547245275,studentized,0.45315468453154684,0.4724527547245275,-0.20635563271442633,0.07634091136758135,10000,estimated,roni,observable,warm,17,-0.01557988074257336,-0.04831567411565825,-0.04716704510287053,0.03158716436029717,-2.027433000432573,0.18137254901960786,0.4860097755199285,0.5813418658134187,False,0.8978011971241144,False,,
candidates,Barley,16,17,0.1657598809120045,0.14067593881576498,0.75,positive,True,0.06082791031332095,2.72506288738484,0.95,0.053899128054664014,0.28200041024315253,0.017998200179982,studentized,0.0046995300469953,0.017998200179982,0.04395013310849752,0.30139056939849773,10000,estimated,roni,observable,warm,16,0.21417050203221832,0.16575988091200447,0.18028965761831003,0.03388084441390829,0.1581956622990569,-0.2058823529411765,0.4442846410521442,0.045995400459954004,True,0.8978011971241144,False,,
candidates,Beef **,17,17,0.02899116488089471,-0.014448283130078288,0.47058823529411764,positive,False,0.061420764135520424,0.47200918596401414,0.95,-0.0879543208272782,0.14828214525238909,0.6427357264273572,studentized,0.6313368663133687,0.6427357264273572,-0.09030373832843713,0.17846736261177457,10000,estimated,roni,observable,warm,17,0.06204996302111333,0.028991164880894732,0.02941549942640672,0.03263446359470661,0.525938485790915,-0.4436274509803922,0.07446849073261598,0.6886454211721684,False,0.7658199156449812,False,,
candidates,Chicken **,17,17,-0.008703774870531452,0.02028739538003276,0.7058823529411765,negative,False,0.0344997740905625,-0.2522849815678182,0.95,-0.08157172718827212,0.04604729641638442,0.8077192280771923,studentized,0.7986201379862014,0.8077192280771923,-0.1487727519250418,0.04212698529259932,10000,estimated,roni,observable,warm,17,-0.00017139581417828428,-0.008703774870531459,-0.008666006676748729,0.008494610862570444,-49.56136708061278,-0.47794117647058826,0.05232854189081122,0.8355716152522679,False,0.7658199156449812,False,,
candidates,"Coal, Australian",16,17,-0.19564801390734288,-0.2350960365200922,0.25,negative,True,0.06647345764358156,-2.9432501458908833,0.95,-0.3183525148529357,-0.066160428758175,0.013098690130986902,studentized,0.0029997000299970002,0.013098690130986902,-0.32933641896200416,-0.042279166101558435,10000,estimated,roni,observable,warm,16,-0.14926786735945155,-0.19564801390734288,-0.17769837751995968,0.028430510160508127,-0.19046637875548053,0.42352941176470593,0.10210932208599749,0.0392960703929607,True,0.7658199156449812,False,,
candidates,Cocoa,17,17,0.16688832465895823,0.0708913495921818,0.6470588235294118,positive,True,0.08374236092468476,1.9928781899169563,0.95,0.01889972205597726,0.3358739902014207,0.07999200079992001,studentized,0.03899610038996101,0.07999200079992001,0.0175637404844477,0.4078091123717152,10000,estimated,roni,observable,warm,17,0.25832855397736276,0.16688832465895817,0.18162229986653564,0.07670625411082713,0.29693292874448896,0.09068627450980393,0.729235337448989,0.12630315915776844,False,0.8978011971241144,False,,
candidates,Coconut oil,17,17,0.6379499755557618,0.6029190293733094,0.9411764705882353,positive,True,0.07950523189360224,8.023999935117445,0.95,0.48397229582899964,0.7860488727053176,9.999000099990002e-05,studentized,9.999000099990002e-05,9.999000099990002e-05,0.4694157215916195,0.8069268155765819,10000,estimated,roni,observable,warm,17,0.9890616199225387,0.6379499755557619,0.8925970294980559,0.09646459042448285,0.09753142623412864,0.07843137254901962,0.7647798831352098,0.0009999000099990003,True,0.8978011971241144,False,,
candidates,"Coffee, Arabica",17,17,0.30291075628305575,0.2886372326167537,0.7647058823529411,positive,True,0.09868837489868429,3.0693661395684217,0.95,0.12591857610061052,0.5026902953427526,0.008399160083991601,studentized,0.0027997200279972004,0.008399160083991601,0.12448922070437235,0.550381798301707,10000,estimated,roni,observable,warm,17,0.47992383555672086,0.3029107562830558,0.35379364147448256,0.1261301940822383,0.26281293975725306,0.34068627450980393,0.18085079957050132,0.0392960703929607,True,0.7752392704497462,False,,
candidates,"Coffee, Robusta",17,17,0.3548646003200106,0.2675952886681559,0.8823529411764706,positive,True,0.094723194529283,3.7463326916229236,0.95,0.18863567341377038,0.5482317908288553,0.0071992800719928,studentized,0.0006999300069993001,0.0071992800719928,0.18577269623448087,0.6124321621783839,10000,estimated,roni,observable,warm,17,0.5500767554101047,0.3548646003200106,0.42598756294983053,0.12408919246027417,0.22558523195142213,0.3088235294117647,0.22778565332325174,0.0392960703929607,True,0.854196199962194,False,,
candidates,"Cotton, A Index",17,17,0.14446174175625914,0.0469994011178839,0.6470588235294118,positive,True,0.08533394070151375,1.6928989868353346,0.95,-0.004970392252377546,0.3202674346149172,0.131986801319868,studentized,0.0785921407859214,0.131986801319868,-0.004652472519686063,0.4129251667949636,10000,estimated,roni,observable,warm,17,0.23506378219628424,0.14446174175625912,0.1554174898742035,0.07964629232208073,0.33882843021548104,0.029411764705882353,0.9107803991169199,0.18855257331409717,False,0.9107803991169199,False,,
candidates,DAP,17,17,0.1954006951356643,0.16335231330178118,0.8235294117647058,positive,True,0.06120820884796919,3.192393615389179,0.95,0.08778249549923907,0.3199979571416615,0.012098790120987902,studentized,0.0024997500249975004,0.012098790120987902,0.08725624081127598,0.36005636755593506,10000,estimated,roni,observable,warm,17,0.2569144474040421,0.1954006951356643,0.21579805326646387,0.041116394137578255,0.16003924478764583,-0.029411764705882353,0.9107803991169199,0.0392960703929607,True,0.9107803991169199,False,,
candidates,Fish meal,13,17,0.13988923241733578,0.08777606583616344,0.8461538461538461,positive,True,0.049916628491697625,2.8024575506056633,0.95,0.047979045802947325,0.2374288194903978,0.025097490250974904,studentized,0.0029997000299970002,0.025097490250974904,0.04444144037102814,0.272810365136096,10000,estimated,roni,observable,warm,13,0.1679511681281159,0.13988923241733578,0.150146392865483,0.017804775262632883,0.10601161909782675,-0.39560439560439564,0.18088916310494077,0.05378033625208908,False,0.7752392704497462,False,,
candidates,Groundnut oil **,17,17,0.1383454578642336,0.06387117283422676,0.6470588235294118,positive,True,0.06962734343106401,1.9869414952073445,0.95,0.008581989021110695,0.2728882359714627,0.07339266073392661,studentized,0.0397960203979602,0.07339266073392661,0.007397979450914305,0.3178524174544892,10000,estimated,roni,observable,warm,17,0.19618575012584866,0.1383454578642336,0.14837219596421058,0.04781355416163807,0.24371573435362545,-0.11029411764705883,0.6734589975422938,0.12232110122321102,False,0.8978011971241144,False,,
candidates,Lamb **,16,17,-0.040382755827438506,-0.01946232453573511,0.375,negative,True,0.05378217926160755,-0.7508575588023033,0.95,-0.1355055180182752,0.06945833075288807,0.4844515548445156,studentized,0.44245575442455753,0.4844515548445156,-0.13475187733704388,0.10486715873426053,10000,estimated,roni,observable,warm,16,-0.01647747467381285,-0.0403827558274385,-0.03957823823463369,0.023100763560820838,-1.4019601922091969,-0.10882352941176471,0.6882882939574141,0.5813418658134187,False,0.8978011971241144,False,,
candidates,"Logs, Malaysian",17,17,0.15448155550795098,0.1398039151871054,0.8235294117647058,positive,True,0.060068424612744156,2.5717597307384032,0.95,0.04017616305638523,0.27368081516786585,0.019998000199980003,studentized,0.008099190080991902,0.019998000199980003,0.03462483872551714,0.29178415666758334,10000,estimated,roni,observable,warm,17,0.2025773197622928,0.15448155550795098,0.1670527521637699,0.03552456759852288,0.17536300529697957,-0.14705882352941177,0.5732772908660001,0.046149231230723085,True,0.8978011971241144,False,,
candidates,Maize,17,17,0.15466798847807572,0.07768230243085562,0.7058823529411765,positive,True,0.05315623673101458,2.9096865765862807,0.95,0.05750373073804774,0.25917222552281544,0.0183981601839816,studentized,0.0037996200379962005,0.0183981601839816,0.053041374564688146,0.2896595502675713,10000,estimated,roni,observable,warm,17,0.19500524791575677,0.15466798847807572,0.16727034955768205,0.027734898358074717,0.1422264203374482,-0.1519607843137255,0.5604155062809044,0.045995400459954004,True,0.8978011971241144,False,,
candidates,"Natural gas, Europe",17,17,-0.3012583531427983,-0.31479653291642073,0.11764705882352941,negative,True,0.052270943579979245,-5.763399940960429,0.95,-0.3987786271866969,-0.20248717011136644,0.00019998000199980003,studentized,9.999000099990002e-05,0.00019998000199980003,-0.4073084737757531,-0.184363454037074,10000,estimated,roni,observable,warm,17,-0.24358800680550605,-0.30125835314279836,-0.26011340397517985,0.0165253971696738,-0.06784158787779966,0.11519607843137256,0.659750043107423,0.0014998500149985003,True,0.8978011971241144,False,,
candidates,"Natural gas, US",17,17,-0.14291520632604335,-0.15449722505849936,0.35294117647058826,negative,True,0.0634013523227872,-2.2541349843523437,0.95,-0.2678767547738468,-0.028681746211434773,0.042195780421957804,studentized,0.0192980701929807,0.042195780421957804,-0.29539063022012435,-0.01909134501447385,10000,estimated,roni,observable,warm,17,-0.10614858772935132,-0.14291520632604335,-0.1331724327265378,0.02702384499718649,-0.25458506396796915,-0.34068627450980393,0.18085079957050132,0.07852155960874502,False,0.7752392704497462,False,,
candidates,Orange,17,17,0.05573988851603719,0.018384722865449916,0.5882352941176471,positive,True,0.0620625339007512,0.8981246013122021,0.95,-0.06153730230483031,0.17480153057984985,0.3852614738526147,studentized,0.36526347365263473,0.3852614738526147,-0.07460024327260523,0.1916705513847328,10000,estimated,roni,observable,warm,17,0.09052078372365499,0.05573988851603719,0.057322626208020686,0.033198157515634305,0.3667462448953469,0.12254901960784316,0.639378272107459,0.5025149658947149,False,0.8978011971241144,False,,
candidates,Palm oil,17,17,0.4209572429214916,0.5004321910429289,0.9411764705882353,positive,True,0.056588360728452525,7.438936867980964,0.95,0.3099631436183891,0.5239353053705055,9.999000099990002e-05,studentized,9.999000099990002e-05,9.999000099990002e-05,0.2873721272573432,0.5323647366659865,10000,estimated,roni,observable,warm,17,0.5615589405562544,0.4209572429214915,0.5234191400644281,0.0381398004918263,0.06791771573264735,0.10539215686274511,0.6872658389566565,0.0009999000099990003,True,0.8978011971241144,False,,
candidates,"Rice, Thai 5%",17,17,0.25215391172345336,0.21331374545638782,0.8235294117647058,positive,True,0.0794108737006695,3.175307108116196,0.95,0.10588428002279068,0.4103408181968109,0.009499050094990502,studentized,0.0021997800219978004,0.009499050094990502,0.09807621483224982,0.45310888678088296,10000,estimated,roni,observable,warm,17,0.35748707779560623,0.2521539117234533,0.2867940747380792,0.07069300305752702,0.19774981376514494,-0.06372549019607844,0.808021077411703,0.0392960703929607,True,0.8978011971241144,False,,
candidates,"Rubber, RSS3",17,17,0.3391245929918199,0.2706251739302223,0.9411764705882353,positive,True,0.05685664669468648,5.964554941357678,0.95,0.23389654559595344,0.44951164000331245,9.999000099990002e-05,studentized,9.999000099990002e-05,9.999000099990002e-05,0.22468145259263225,0.46758642256029104,10000,estimated,roni,observable,warm,17,0.44119999243384966,0.3391245929918199,0.4037182277715994,0.03748176466225028,0.08495413713741173,0.05147058823529412,0.8444669030406069,0.0009999000099990003,True,0.9047859675435074,False,,
candidates,"Shrimps, Mexican",16,17,-0.0057117494174731874,-0.015428645444120185,0.5,negative,False,0.04893658748536343,-0.11671736242707013,0.95,-0.09597590078592358,0.09134501051576262,0.9061093890610938,studentized,0.9004099590040996,0.9061093890610938,-0.10257835908109716,0.11242107168778578,10000,estimated,roni,observable,warm,16,0.012814362741242681,-0.005711749417473197,-0.00569546838923569,0.018509831130478372,1.4444597444479217,0.12941176470588234,0.6328823324682601,0.9061093890610938,False,0.8978011971241144,False,,
candidates,Sorghum,16,17,0.12797504866746098,0.1060226158865656,0.625,positive,True,0.056994044499532825,2.2454108984757166,0.95,0.023642598442694545,0.24037529088475024,0.044495550444955505,studentized,0.019698030196980302,0.044495550444955505,0.014274583155467327,0.26314818320085076,10000,estimated,roni,observable,warm,16,0.16526478219995336,0.12797504866746098,0.1365246445389302,0.028740137661023152,0.17390358235096057,-0.07941176470588236,0.7700253190398251,0.07852155960874502,False,0.8978011971241144,False,,
candidates,Soybeans,17,17,0.13824188796482015,0.19459384642470212,0.7058823529411765,positive,True,0.0473068272459848,2.922239685320548,0.95,0.04919327728910496,0.22642594588753653,0.0117988201179882,studentized,0.0032996700329967,0.0117988201179882,0.03789895877240636,0.23835603462116503,10000,estimated,roni,observable,warm,17,0.16890311803657218,0.13824188796482015,0.14825326533030855,0.020649852706263627,0.12225856423676185,-0.13725490196078433,0.5993690521648235,0.0392960703929607,True,0.8978011971241144,False,,
candidates,"Sugar, world",17,17,0.05404313585075283,0.04458598498109499,0.5882352941176471,positive,True,0.09090375754364487,0.5945093724514693,0.95,-0.11368603682535729,0.23299437024323594,0.5580441955804419,studentized,0.5397460253974603,0.5580441955804419,-0.1242208301947649,0.2690105776184498,10000,estimated,roni,observable,warm,17,0.13136731261961845,0.05404313585075284,0.0555301323633356,0.07583718025628286,0.577291098858616,0.41666666666666674,0.09615710991420606,0.620049106200491,False,0.7658199156449812,False,,
candidates,"Tea, avg 3 auctions",17,17,0.07516014622149982,0.056302800646378284,0.8235294117647058,positive,True,0.03572448400763391,2.103883325660882,0.95,0.011762994473778803,0.14863447616920342,0.0852914708529147,studentized,0.0314968503149685,0.0852914708529147,0.014350763143484858,0.17839343856854897,10000,estimated,roni,observable,warm,17,0.08985907478690591,0.07516014622149982,0.07805678378149437,0.011802291005411539,0.13134222707500373,-0.2058823529411765,0.42791485314270766,0.12793720627937205,False,0.8978011971241144,False,,
candidates,"Tobacco, US import u.v.",17,17,-0.013342836180907992,0.00836800202681897,0.5294117647058824,negative,False,0.022184988072096137,-0.6014353551846332,0.95,-0.05704585488738196,0.027772804868344516,0.5515448455154485,studentized,0.5301469853014699,0.5515448455154485,-0.0663418460446996,0.030060429256232625,10000,estimated,roni,observable,warm,17,-0.009414094985083138,-0.013342836180907989,-0.013254215132146556,0.0038401201470634177,-0.4079117698672237,0.10539215686274511,0.6872658389566565,0.620049106200491,False,0.8978011971241144,False,,
candidates,Urea,17,17,0.1925741412244105,0.1945316713740459,0.6470588235294118,positive,True,0.08381020524340847,2.2977409572631506,0.95,0.02822256203041278,0.350659649773545,0.040995900409959006,studentized,0.019698030196980302,0.040995900409959006,0.012395837084048011,0.37772460311927947,10000,estimated,roni,observable,warm,17,0.2819377202731931,0.19257414122441052,0.21236638670372943,0.06957133356946366,0.2467613538977692,0.06617647058823531,0.800774094340852,0.07852155960874502,False,0.8978011971241144,False,,
candidates,"Wheat, US HRW",17,17,0.07045581372974231,0.019217312763884834,0.5294117647058824,positive,True,0.06455799602896518,1.0913568893639598,0.95,-0.04585369416734893,0.20376579032521566,0.2953704629537046,studentized,0.25807419258074193,0.2953704629537046,-0.04751002816109143,0.25577661025010173,10000,estimated,roni,observable,warm,17,0.11249163238458768,0.0704558137297423,0.07299715664087443,0.039494475743713245,0.35108812012514035,-0.10539215686274511,0.6872658389566565,0.402777904027779,False,0.8978011971241144,False,,
controls,Gold,17,17,0.11273880505544548,0.06478882936883325,0.8235294117647058,positive,True,0.040249228445801616,2.801017793602084,0.95,0.039919582953235076,0.19266595327811312,0.013798620137986202,studentized,0.0035996400359964,0.013798620137986202,0.03579287162003031,0.2066352244781019,10000,estimated,roni,observable,warm,17,0.13434282280712195,0.11273880505544549,0.11933952893682523,0.015003293870296724,0.11167916198870693,0.7058823529411765,0.0015433531085605288,,,,,True,True
controls,Platinum,17,17,0.0800561342253628,0.07310208866322679,0.7647058823529411,positive,True,0.03466986994907118,2.30909819803081,0.95,0.014489788197925102,0.14566780080146982,0.034096590340965904,studentized,0.0163983601639836,0.034096590340965904,0.000825196520571822,0.14785612931954129,10000,estimated,roni,observable,warm,17,0.09364277439091839,0.08005613422536281,0.08334787886212652,0.01029489552879187,0.10993795939679339,0.004901960784313726,0.9851029592703197,,,,,True,False
controls,Silver,17,17,0.2297865524464704,0.23681930992799247,0.9411764705882353,positive,True,0.04288055068325066,5.358759362580343,0.95,0.1532551446137475,0.31351307820653757,9.999000099990002e-05,studentized,9.999000099990002e-05,9.999000099990002e-05,0.14628983750901248,0.33397808620575126,10000,estimated,roni,observable,warm,17,0.2776755304848586,0.2297865524464704,0.2583313935052652,0.019344136979593418,0.0696645359633093,0.5857843137254902,0.013478995289806915,,,,,True,True
candidates,"Banana, US",18,18,-0.09850697517926504,-0.07013580414356618,0.2777777777777778,negative,True,0.05081532201619362,-1.938528996192787,0.95,-0.20099477096886392,-0.00619371389445264,0.07829217078292171,studentized,0.047795220477952205,0.07829217078292171,-0.2216878333999348,-0.002276168000361206,10000,estimated,roni,retrospective,cold,18,-0.07475888199093456,-0.09850697517926502,-0.09381062824108981,0.019051746250155252,-0.25484257847068276,-0.017543859649122806,0.9449151835129638,0.21352410213524103,False,0.9837879533049655,False,,
candidates,Barley,16,18,0.1361152765566639,0.16003034559027773,0.75,positive,True,0.05135019700104157,2.6507254987532565,0.95,0.035525687806710546,0.23095771294560336,0.0192980701929807,studentized,0.0057994200579942,0.0192980701929807,0.020198597414201172,0.24150837208113024,10000,estimated,roni,retrospective,cold,16,0.16828740537431167,0.1361152765566639,0.14581397147118272,0.022473433903128948,0.13354198344874724,0.3323529411764706,0.2084998279822082,0.088324500883245,False,0.9837879533049655,False,,
candidates,Beef **,18,18,-0.017881870693949444,-0.05907805782147144,0.3333333333333333,negative,True,0.038200477776563366,-0.46810594355760315,0.95,-0.08614207350381334,0.05787740235486047,0.6525347465253475,studentized,0.6401359864013598,0.6525347465253475,-0.08634470930887507,0.09016980673103064,10000,estimated,roni,retrospective,cold,18,-0.00483989239092441,-0.01788187069394945,-0.017722938787447816,0.012883046396523407,-2.6618456271220463,0.10835913312693499,0.6686595229846738,0.7181067607524961,False,0.9837879533049655,False,,
candidates,Chicken **,18,18,0.061870109961438526,0.05189199515760483,0.6666666666666666,positive,True,0.0362179674236606,1.7082711803705417,0.95,-0.000292667806753482,0.13911346636567956,0.13998600139986,studentized,0.07799220077992201,0.13998600139986,0.0009991434539071975,0.1699310913221144,10000,estimated,roni,retrospective,cold,18,0.07677955088976493,0.061870109961438526,0.06382415559293932,0.012955395296825614,0.16873497105272373,0.09391124871001032,0.7108992592881784,0.286304702863047,False,0.9837879533049655,False,,
candidates,"Coal, Australian",18,18,-0.10046993424183855,-0.1431409779423129,0.16666666666666666,negative,True,0.06129206675822943,-1.6391996477806627,0.95,-0.2077063888903409,0.02161871413342809,0.1352864713528647,studentized,0.0877912208779122,0.1352864713528647,-0.20670897942389427,0.07925958568149215,10000,estimated,roni,retrospective,cold,18,-0.06328724770795212,-0.10046993424183855,-0.09558769615439147,0.03230044844643935,-0.5103784666935478,0.07327141382868937,0.7726309674360764,0.286304702863047,False,0.9837879533049655,False,,
candidates,Cocoa,18,18,0.09376810942306843,0.091131560131179,0.7222222222222222,positive,True,0.06396158756086853,1.4660065986297597,0.95,-0.029177490454135396,0.21124017476679854,0.16678332166783322,studentized,0.13658634136586342,0.16678332166783322,-0.048879634239984315,0.22420025255627515,10000,estimated,roni,retrospective,cold,18,0.13604266913938878,0.09376810942306844,0.09830502979817454,0.03773763934121424,0.27739561109719485,-0.1393188854489164,0.5813962095847576,0.286304702863047,False,0.9837879533049655,False,,
candidates,Coconut oil,18,18,0.35359022270160767,0.3496260686019098,0.8333333333333334,positive,True,0.11361133841259864,3.112279352061547,0.95,0.13254364036960284,0.5662312829179961,0.006399360063993601,studentized,0.0013998600139986002,0.006399360063993601,0.1021240224294861,0.5819360236628469,10000,estimated,roni,retrospective,cold,18,0.5826201846035032,0.35359022270160767,0.4241714737529823,0.15844871085052087,0.27195884220583894,0.09391124871001032,0.7108992592881784,0.088324500883245,False,0.9837879533049655,False,,
candidates,"Coffee, Arabica",18,18,0.2253850543684504,0.21893497735589046,0.6666666666666666,positive,True,0.08112084784565815,2.7783863255136545,0.95,0.08114257677284084,0.38707127786209766,0.024197580241975804,studentized,0.0051994800519948,0.024197580241975804,0.08416800297656599,0.4474834220102688,10000,estimated,roni,retrospective,cold,18,0.3349641532026435,0.2253850543684504,0.25280502137534344,0.08215913182730006,0.24527738577923647,0.013415892672858616,0.9578637574487228,0.088324500883245,False,0.9837879533049655,False,,
candidates,"Coffee, Robusta",18,18,0.20647820646009996,0.12868508718132698,0.6666666666666666,positive,True,0.08576342099968927,2.407532302854944,0.95,0.0497651440644118,0.3735311899958308,0.030496950304969503,studentized,0.011698830116988301,0.030496950304969503,0.045969348462313014,0.41089733034991416,10000,estimated,roni,retrospective,cold,18,0.31433618604962643,0.20647820646009996,0.22934094223424203,0.0849952438153844,0.2703959887137067,-0.08978328173374613,0.7231227825767573,0.09149085091490851,False,0.9837879533049655,False,,
candidates,"Cotton, A Index",18,18,0.0440876148585926,0.08696095665809951,0.6666666666666666,positive,True,0.06080841032933568,0.7250249532887969,0.95,-0.0693494089908598,0.16091810691792618,0.48165183481651835,studentized,0.46305369463053697,0.48165183481651835,-0.0887207942540157,0.17085170353562346,10000,estimated,roni,retrospective,cold,18,0.07854323991846529,0.0440876148585926,0.0450739148806484,0.03346932503781689,0.4261261067478367,0.009287925696594427,0.9708223763257616,0.5779822017798221,False,0.9837879533049655,False,,
candidates,DAP,18,18,0.1038141940841929,0.08418618005799425,0.7222222222222222,positive,True,0.1196552445387282,0.8676108973275458,0.95,-0.13425850268903422,0.3186537787838664,0.40245975402459755,studentized,0.36926307369263073,0.40245975402459755,-0.18788446109682705,0.3258407585600619,10000,estimated,roni,retrospective,cold,18,0.23681998668321405,0.1038141940841929,0.10939430373952409,0.12742568294368994,0.5380698003084634,0.1847265221878225,0.46306133291799106,0.5030746925307469,False,0.9837879533049655,False,,
candidates,Fish meal,15,18,-0.01234586600534052,0.00018428800747239543,0.5333333333333333,negative,False,0.05672309213339307,-0.2176514985520768,0.95,-0.12371141390230574,0.0936906127355298,0.8287171282871713,studentized,0.8235176482351765,0.8287171282871713,-0.14345884528976713,0.10842780036448231,10000,estimated,roni,retrospective,cold,15,0.009833240023599062,-0.01234586600534052,-0.012269968463003418,0.02210320848660248,2.2478052435978766,0.33928571428571425,0.2160289253419548,0.8513148685131486,False,0.9837879533049655,False,,
candidates,Groundnut oil **,18,18,0.08503177282754636,0.04569043405299863,0.5555555555555556,positive,True,0.07537986542235345,1.12804357438307,0.95,-0.058285941232906875,0.22777636489912942,0.28057194280571945,studentized,0.24337566243375663,0.28057194280571945,-0.060788675830672614,0.2626010543814052,10000,estimated,roni,retrospective,cold,18,0.14454239326944515,0.08503177282754636,0.0887516588675483,0.05579073440189686,0.3859818087963711,-0.005159958720330237,0.9837879533049655,0.4008170611510278,False,0.9837879533049655,False,,
candidates,Lamb **,17,18,0.025263121287646784,-0.056226202772202694,0.47058823529411764,positive,False,0.05755453936853711,0.43894228960604237,0.95,-0.07552262399118848,0.14324309690088624,0.6702329767023297,studentized,0.6532346765323468,0.6702329767023297,-0.07712169177780097,0.1815787979138344,10000,estimated,roni,retrospective,cold,17,0.0557157246392697,0.025263121287646784,0.02558493825502261,0.030130786384247092,0.5407950193473788,0.13725490196078433,0.5993690521648235,0.7181067607524961,False,0.9837879533049655,False,,
candidates,"Logs, Malaysian",18,18,0.13816095146038399,0.11208644264030848,0.7777777777777778,positive,True,0.045896135240251074,3.0102959810702394,0.95,0.05273308461693412,0.2260472322552104,0.009999000099990002,studentized,0.0011998800119988001,0.009999000099990002,0.04685862346013783,0.24037980769987197,10000,estimated,roni,retrospective,cold,18,0.16915890518124801,0.13816095146038399,0.1481603334856454,0.020998571695602625,0.12413518326512796,-0.24871001031991744,0.319645217777729,0.088324500883245,False,0.9837879533049655,False,,
candidates,Maize,18,18,0.1590655141477781,0.11209988284398287,0.7222222222222222,positive,True,0.061195141196554385,2.5993160737528345,0.95,0.04374947887818606,0.2767828368583162,0.023897610238976102,studentized,0.006899310068993101,0.023897610238976102,0.041170439390507366,0.30640693419661813,10000,estimated,roni,retrospective,cold,18,0.21147240372218337,0.15906551414777814,0.1724147539181553,0.039057649804028066,0.18469383766658787,0.2652218782249742,0.28748424291745134,0.088324500883245,False,0.9837879533049655,False,,
candidates,"Natural gas, Europe",18,18,-0.1700971423419746,-0.10960445659489858,0.16666666666666666,negative,True,0.07042390272309569,-2.4153325187158483,0.95,-0.3087110476065304,-0.03960673985459366,0.026497350264973504,studentized,0.013798620137986202,0.026497350264973504,-0.3331170631889395,-0.03646252541287928,10000,estimated,roni,retrospective,cold,18,-0.12146825678426754,-0.17009714234197462,-0.15641713499919266,0.03494887821492512,-0.2877202582811057,0.31888544891640863,0.19712791388889878,0.088324500883245,False,0.9837879533049655,False,,
candidates,"Natural gas, US",18,18,-0.26057736375995116,-0.2149709568815218,0.3333333333333333,negative,True,0.08123006469678415,-3.2078930963878363,0.95,-0.42180232387031114,-0.11242209381836478,0.0122987701229877,studentized,0.0008999100089991,0.0122987701229877,-0.47147938831234504,-0.10861699792426782,10000,estimated,roni,retrospective,cold,18,-0.18868546281009219,-0.26057736375995116,-0.2293934629492559,0.0407080001391637,-0.21574529130596257,-0.01547987616099071,0.9513880221541827,0.088324500883245,False,0.9837879533049655,False,,
candidates,Orange,18,18,-0.07022542305509709,-0.05638197259256181,0.3888888888888889,negative,True,0.07177946714890548,-0.9783497404545431,0.95,-0.20842437509932604,0.06382494957705671,0.34106589341065896,studentized,0.31396860313968605,0.34106589341065896,-0.22997410139409347,0.07526136356898004,10000,estimated,roni,retrospective,cold,18,-0.02752496982337936,-0.0702254230550971,-0.06781633946921448,0.040291369645835115,-1.4638115828781812,-0.009287925696594427,0.9708223763257616,0.44486855662259867,False,0.9837879533049655,False,,
candidates,Palm oil,18,18,0.19123641580171957,0.3120036367239717,0.7222222222222222,positive,True,0.0687837418789647,2.780256068915656,0.95,0.05574291923363454,0.3154586049924452,0.022497750224977502,studentized,0.0038996100389961006,0.022497750224977502,0.008393335944215097,0.31466165311114735,10000,estimated,roni,retrospective,cold,18,0.2561859734084006,0.19123641580171957,0.21074565765353923,0.04544031575486138,0.17737237972206382,0.2239422084623323,0.3716861637562172,0.088324500883245,False,0.9837879533049655,False,,
candidates,"Rice, Thai 5%",18,18,0.11619765421194526,0.04144976325598895,0.6666666666666666,positive,True,0.0954586193975946,1.2172568066165983,0.95,-0.049894655806225395,0.3100668487307183,0.25907409259074093,studentized,0.2081791820817918,0.25907409259074093,-0.036864602580628056,0.4722176998809531,10000,estimated,roni,retrospective,cold,18,0.23729268763274794,0.11619765421194526,0.12321785893496952,0.11407482869777842,0.4807346987208018,0.14344685242518057,0.5701354475609234,0.38861113888611143,False,0.9837879533049655,False,,
candidates,"Rubber, RSS3",18,18,0.18467097536557803,0.16890532645142728,0.7777777777777778,positive,True,0.05343679221364836,3.455876891472744,0.95,0.0859473903742711,0.28582802726384643,0.0036996300369963003,studentized,0.0004999500049995,0.0036996300369963003,0.07462803127530858,0.29842744358420514,10000,estimated,roni,retrospective,cold,18,0.23249521978301754,0.18467097536557803,0.2028226167416959,0.029672603041321632,0.12762672311720813,0.007223942208462332,0.9773044881689205,0.088324500883245,False,0.9837879533049655,False,,
candidates,"Shrimps, Mexican",17,18,-0.07544042784015924,-0.10331099914567102,0.29411764705882354,negative,True,0.052402176584451746,-1.4396430216706528,0.95,-0.1721498411244852,0.02919537839916724,0.17178282171782822,studentized,0.14058594140585942,0.17178282171782822,-0.17849798812863002,0.05167488380620179,10000,estimated,roni,retrospective,cold,17,-0.05145091899073148,-0.07544042784015924,-0.0726650277642593,0.02121410877352782,-0.41231739276317675,-0.20098039215686278,0.4392338761888678,0.286304702863047,False,0.9837879533049655,False,,
candidates,Sorghum,16,18,0.08634193890451963,0.06040908210706928,0.5625,positive,True,0.05839248355149208,1.4786481693038618,0.95,-0.02012515868335366,0.20115090853880627,0.15978402159784022,studentized,0.13008699130086993,0.15978402159784022,-0.025572291404595424,0.2337927697086066,10000,estimated,roni,retrospective,cold,16,0.11951540858761447,0.08634193890451963,0.09017903920571489,0.029336369381899582,0.24546098054288662,0.12941176470588234,0.6328823324682601,0.286304702863047,False,0.9837879533049655,False,,
candidates,Soybeans,18,18,0.05210440948034707,0.0829478285670175,0.5555555555555556,positive,True,0.05000432461832599,1.041998064728414,0.95,-0.04411762846458205,0.14526466236397922,0.30856914308569144,studentized,0.2863713628637136,0.30856914308569144,-0.05533226254820571,0.15724899953214988,10000,estimated,roni,retrospective,cold,18,0.07588106641224066,0.05210440948034707,0.05348573066905396,0.022395335743186695,0.29513733533367975,0.3065015479876161,0.21606379461125758,0.42077610420776107,False,0.9837879533049655,False,,
candidates,"Sugar, world",18,18,0.014361773427130095,0.01575923110114421,0.5,positive,False,0.07806813267842815,0.1839646080211491,0.95,-0.13828035278470407,0.16114114418049386,0.8513148685131486,studentized,0.8449155084491551,0.8513148685131486,-0.16852292102417285,0.1695383834617893,10000,estimated,roni,retrospective,cold,18,0.0661914185818825,0.014361773427130096,0.014465399184042872,0.051726019397839634,0.7814611094012383,-0.1991744066047472,0.42815803191920493,0.8513148685131486,False,0.9837879533049655,False,,
candidates,"Tea, avg 3 auctions",18,18,0.0808075915664099,0.11296114771987803,0.7222222222222222,positive,True,0.05199324700298802,1.5541939814177395,0.95,-0.02387513445576284,0.173493315086408,0.1504849515048495,studentized,0.1110888911108889,0.1504849515048495,-0.05786424352058936,0.17478326018368626,10000,estimated,roni,retrospective,cold,18,0.10765330441628375,0.0808075915664099,0.08416227453208432,0.023491029884199432,0.2182100216205361,0.04850361197110423,0.848430360162973,0.286304702863047,False,0.9837879533049655,False,,
candidates,"Tobacco, US import u.v.",18,18,0.039474251705388395,0.051307345501247555,0.6111111111111112,positive,True,0.0293913539647336,1.3430565925187783,0.95,-0.01605163546039904,0.09440791456178771,0.19288071192880712,studentized,0.16918308169183083,0.19288071192880712,-0.026970739812044627,0.09853195558301295,10000,estimated,roni,retrospective,cold,18,0.04785423939608685,0.03947425170538839,0.040263713523551174,0.007590525872535676,0.15861762653271574,-0.10629514963880288,0.6746395315456968,0.30454849251916916,False,0.9837879533049655,False,,
candidates,Urea,18,18,0.18130118391442726,0.2133863927952412,0.6111111111111112,positive,True,0.10829764753665909,1.6741008511108817,0.95,-0.029882327161113192,0.37883057243162005,0.11238876112388761,studentized,0.0852914708529147,0.11238876112388761,-0.05254263026253275,0.40563304197740313,10000,estimated,roni,retrospective,cold,18,0.31875174983712673,0.1813011839144272,0.19877617702863482,0.11997557280849191,0.37639188763605563,0.07739938080495357,0.7601672386317739,0.280971902809719,False,0.9837879533049655,False,,
candidates,"Wheat, US HRW",18,18,0.02482562869229313,0.021586315220910424,0.5555555555555556,positive,True,0.04303308087872283,0.5768963826284595,0.95,-0.05587342785162011,0.11118240490207558,0.5726427357264273,studentized,0.5505449455054494,0.5726427357264273,-0.06182982843907153,0.12437579452497538,10000,estimated,roni,retrospective,cold,18,0.04187820058733824,0.02482562869229313,0.02513635057267947,0.016741850014658766,0.39977481792091657,-0.05056759545923632,0.8420557303322882,0.6607416181458776,False,0.9837879533049655,False,,
controls,Gold,18,18,0.09320822462506528,0.1396265879512523,0.6111111111111112,positive,True,0.042871002702216,2.174155460568394,0.95,0.013431590629719596,0.17391531269324267,0.045495450454954504,studentized,0.023297670232976703,0.045495450454954504,0.0014966041056270335,0.18353053237004574,10000,estimated,roni,retrospective,cold,18,0.11490004456249098,0.09320822462506528,0.09769027761967868,0.017209766942812302,0.1497803330568108,0.11455108359133126,0.6508342238705321,,,,,True,False
controls,Platinum,18,18,0.02703355796194482,0.0013700237318229375,0.5,positive,False,0.04065424699454876,0.6649627028037117,0.95,-0.04827997935055704,0.10881422325397017,0.5162483751624838,studentized,0.5002499750024998,0.5162483751624838,-0.04935728640476264,0.13219745149921952,10000,estimated,roni,retrospective,cold,18,0.04251405137022081,0.02703355796194482,0.027402279711602678,0.015111771658618132,0.355453577618887,0.29205366357069146,0.23960176390544208,,,,,False,False
controls,Silver,18,18,0.2016642876533581,0.15171585018680567,0.7777777777777778,positive,True,0.0641356876363342,3.1443381225885707,0.95,0.08388524725858129,0.3262341886427125,0.0100989901009899,studentized,0.0012998700129987,0.0100989901009899,0.0760796155743852,0.3558017074876863,10000,estimated,roni,retrospective,cold,18,0.26854602503994873,0.2016642876533581,0.22343721618244133,0.0451088088575074,0.16797421913356209,0.1867905056759546,0.45798943476882836,,,,,True,False
candidates,"Banana, US",17,17,-0.09718666980821389,-0.02269766304476895,0.35294117647058826,negative,True,0.08955663520670427,-1.0851978704190801,0.95,-0.27218475329581954,0.07416823054863575,0.30046995300469953,studentized,0.26747325267473254,0.30046995300469953,-0.29320678150573465,0.09151022241238985,10000,estimated,roni,retrospective,warm,17,-0.0320625174725987,-0.09718666980821389,-0.0926133913611448,0.060550873888546096,-1.8885252519642022,0.04901960784313726,0.8517943990009383,0.35258012660272436,False,0.9116002610697547,False,,
candidates,Barley,16,17,0.1266043505078642,0.038861560417115144,0.6875,positive,True,0.06236149811389625,2.030168522838172,0.95,0.01214933219537596,0.2456773310962217,0.06209379062093791,studentized,0.034096590340965904,0.06209379062093791,0.004104333176948166,0.27269126182365583,10000,estimated,roni,retrospective,warm,16,0.16942848013869646,0.12660435050786417,0.13496787947156988,0.034460600667126584,0.20339319953125157,0.13823529411764704,0.6096659407501827,0.12418758124187582,False,0.9037722979429051,False,,
candidates,Beef **,17,17,-0.01998609959309185,-0.08073970196638955,0.47058823529411764,negative,True,0.05525113130911652,-0.3617319522612945,0.95,-0.11764502774622229,0.08824436839661867,0.7275272472752725,studentized,0.7094290570942906,0.7275272472752725,-0.12048914238247235,0.11724181094439932,10000,estimated,roni,retrospective,warm,17,0.006188132183605151,-0.019986099593091843,-0.019787701438136823,0.025975833621741974,4.197685642618042,-0.2377450980392157,0.35817139991630287,0.7275272472752725,False,0.9037722979429051,False,,
candidates,Chicken **,17,17,-0.02321651571776302,-0.049677051961991764,0.4117647058823529,negative,True,0.01980910579083912,-1.172012303982933,0.95,-0.060034624247780985,0.015274455313068688,0.2511748825117488,studentized,0.22767723227677233,0.2511748825117488,-0.0637430552548084,0.021344341522314524,10000,estimated,roni,retrospective,warm,17,-0.019858342177439165,-0.02321651571776302,-0.02294908600992172,0.003090743832482555,-0.1556395697518957,-0.5980392156862745,0.011221090083450335,0.3154684531546845,False,0.17470097070816226,False,,
candidates,"Coal, Australian",16,17,-0.23559095326529556,-0.25162479845506536,0.1875,negative,True,0.04673750177445344,-5.04072627591894,0.95,-0.32408110537500423,-0.1470945622602734,0.00029997000299970003,studentized,9.999000099990002e-05,0.00029997000299970003,-0.32709360012072336,-0.12621675931926446,10000,estimated,roni,retrospective,warm,16,-0.19661110008422422,-0.23559095326529553,-0.20989620277963492,0.013285102695410694,-0.06757046112716741,0.15882352941176472,0.5568612810855391,0.0017998200179982,True,0.9037722979429051,False,,
candidates,Cocoa,17,17,0.21938250271087378,0.15462245018536155,0.7647058823529411,positive,True,0.07479625423997695,2.9330680385010335,0.95,0.09006238421098245,0.37032579350281913,0.037896210378962104,studentized,0.0031996800319968005,0.037896210378962104,0.09205112109011376,0.4885038956963201,10000,estimated,roni,retrospective,warm,17,0.3095434811055448,0.2193825027108738,0.2453075191016454,0.06423596200389942,0.20751838085712077,-0.2034313725490196,0.4335552308263205,0.08745279318222024,False,0.9037722979429051,False,,
candidates,Coconut oil,17,17,0.5942247719598083,0.6219915493428873,1.0,positive,True,0.07118736221632266,8.347335165392005,0.95,0.455788827903816,0.7259261634390867,9.999000099990002e-05,studentized,9.999000099990002e-05,9.999000099990002e-05,0.43885904262948966,0.742007887762052,10000,estimated,roni,retrospective,warm,17,0.8849426960023682,0.5942247719598083,0.8116259771894567,0.07331671881291146,0.0828491145744371,-0.27450980392156865,0.28629837865879204,0.0009999000099990003,True,0.9037722979429051,False,,
candidates,"Coffee, Arabica",17,17,0.17674696278838714,0.2269983295039238,0.7647058823529411,positive,True,0.06735255155011388,2.6242058945143008,0.95,0.045811997249449454,0.3013800552188854,0.027697230276972302,studentized,0.005699430056994301,0.027697230276972302,0.006482998565306458,0.3047389064556495,10000,estimated,roni,retrospective,warm,17,0.23491914997496255,0.1767469627883871,0.19332909825322128,0.04159005172174127,0.1770398527585933,0.03921568627450981,0.8812135857007629,0.06924307569243075,False,0.9116002610697547,False,,
candidates,"Coffee, Robusta",17,17,0.25514837334712737,0.3068820738112711,0.7647058823529411,positive,True,0.06120684963392035,4.168624506459261,0.95,0.13673976098971258,0.3680573273489041,0.0016998300169983002,studentized,0.00019998000199980003,0.0016998300169983002,0.11662342848052162,0.37739750119795484,10000,estimated,roni,retrospective,warm,17,0.32885519873739033,0.25514837334712737,0.2906531051881514,0.038202093549238925,0.11616691387550628,0.16911764705882354,0.5164176230839818,0.0084991500849915,True,0.9037722979429051,False,,
candidates,"Cotton, A Index",17,17,0.09050254432435599,0.06720456707033293,0.5882352941176471,positive,True,0.06695458789477077,1.3517004162073911,0.95,-0.029046112675340012,0.22264372591400175,0.20117988201179882,studentized,0.1611838816118388,0.20117988201179882,-0.02587420071471906,0.27792118381981484,10000,estimated,roni,retrospective,warm,17,0.13872939429710346,0.09050254432435599,0.09472429297178488,0.04400510132531858,0.31720099080860303,-0.05392156862745098,0.8371514461082936,0.3017698230176982,False,0.9116002610697547,False,,
candidates,DAP,17,17,0.18709700014626954,0.1979602092807978,0.7647058823529411,positive,True,0.05709716259602606,3.2768178249069666,0.95,0.07950127865050668,0.29638636569986976,0.004999500049995001,studentized,0.0005999400059994001,0.004999500049995001,0.08330017938383313,0.3288870868316968,10000,estimated,roni,retrospective,warm,17,0.2391649476034115,0.1870970001462695,0.20574423674499515,0.03342071085841636,0.13973916827408717,0.07352941176470588,0.779127287251723,0.014998500149985003,True,0.9116002610697547,False,,
candidates,Fish meal,13,17,0.11356051494175728,0.02547440246111307,0.7692307692307693,positive,True,0.04953671789304353,2.2924513325034934,0.95,0.020243227614370113,0.20956493039466953,0.0527947205279472,studentized,0.017598240175982403,0.0527947205279472,0.01922422239768065,0.25395012089846813,10000,estimated,roni,retrospective,warm,13,0.13736839511110352,0.11356051494175728,0.1202596792904391,0.017108715820664422,0.12454623064371464,-0.3186813186813187,0.28858316144472024,0.11313154398845829,False,0.9037722979429051,False,,
candidates,Groundnut oil **,17,17,0.09550340418382686,0.06381476318889369,0.6470588235294118,positive,True,0.06557624144433288,1.456372034754369,0.95,-0.028132293224543296,0.22017627376631102,0.1643835616438356,studentized,0.1327867213278672,0.1643835616438356,-0.03453573880448302,0.24911972379459404,10000,estimated,roni,retrospective,warm,17,0.13971947185611858,0.09550340418382686,0.10021256735338832,0.039506904502730256,0.28275875923302934,-0.08333333333333334,0.750504450153402,0.273972602739726,False,0.9116002610697547,False,,
candidates,Lamb **,16,17,-0.05219962513654777,-0.07134037110606625,0.375,negative,True,0.05014299445394699,-1.0410153144022873,0.95,-0.14322095110847285,0.044639783457865026,0.30556944305569445,studentized,0.27677232276772323,0.30556944305569445,-0.14909599549829108,0.06754776076930855,10000,estimated,roni,retrospective,warm,16,-0.032192483018107655,-0.05219962513654777,-0.05086062414757097,0.018668141129463314,-0.5798913093768766,-0.1323529411764706,0.6251064291516133,0.35258012660272436,False,0.9037722979429051,False,,
candidates,"Logs, Malaysian",17,17,0.13582490760779264,0.15286917595761243,0.8823529411764706,positive,True,0.05091850757222973,2.6674958494241046,0.95,0.03858419568698484,0.23242873781681167,0.0174982501749825,studentized,0.0081991800819918,0.0174982501749825,0.012293624017182578,0.22975050468529604,10000,estimated,roni,retrospective,warm,17,0.1688312412045759,0.13582490760779267,0.14548131097216171,0.02334993023241419,0.138303373628111,-0.18137254901960786,0.4860097755199285,0.047722500477225,True,0.9037722979429051,False,,
candidates,Maize,17,17,0.07371348404205669,0.1592285873423185,0.7058823529411765,positive,True,0.057362823032364556,1.2850393363741348,0.95,-0.03824255887461532,0.1768646920956625,0.22157784221577842,studentized,0.18688131186881313,0.22157784221577842,-0.0642835253352694,0.1830521744247486,10000,estimated,roni,retrospective,warm,17,0.10394241271768621,0.07371348404205672,0.07649832735688837,0.027444085360797843,0.2640316367808164,-0.18872549019607845,0.4681922842798525,0.31305960313059605,False,0.9037722979429051,False,,
candidates,"Natural gas, Europe",17,17,-0.339504850372568,-0.32278620697980365,0.058823529411764705,negative,True,0.06124582245556252,-5.543314413303845,0.95,-0.46066447170336156,-0.22953636992027468,0.00019998000199980003,studentized,9.999000099990002e-05,0.00019998000199980003,-0.49081981082457427,-0.22221708393862455,10000,estimated,roni,retrospective,warm,17,-0.26736812992534903,-0.339504850372568,-0.28787715715936696,0.02050902723401793,-0.07670707514670573,-0.03921568627450981,0.8812135857007629,0.0014998500149985003,True,0.9116002610697547,False,,
candidates,"Natural gas, US",17,17,-0.18015417189128438,-0.15450675284772641,0.17647058823529413,negative,True,0.05364016526640974,-3.3585685464712687,0.95,-0.2821748531251281,-0.07709819466948398,0.0026997300269973002,studentized,0.00019998000199980003,0.0026997300269973002,-0.29516674037071305,-0.06818973320665674,10000,estimated,roni,retrospective,warm,17,-0.145489134696988,-0.18015417189128438,-0.16485855385070772,0.01936941915371973,-0.13313309749254237,-0.5955882352941178,0.01164673138054415,0.010498950104989501,True,0.17470097070816226,False,,
candidates,Orange,17,17,-0.024998887111147172,-0.011988843936460549,0.47058823529411764,negative,True,0.06253839138144279,-0.39973665070261416,0.95,-0.1455313505142959,0.0925714129806364,0.6978302169783022,studentized,0.6856314368563143,0.6978302169783022,-0.1611415097277876,0.10601387808833335,10000,estimated,roni,retrospective,warm,17,0.006055478581303874,-0.024998887111147186,-0.024689002559534223,0.030744481140838095,5.077134817347194,0.05392156862745098,0.8371514461082936,0.7218933279085885,False,0.9116002610697547,False,,
candidates,Palm oil,17,17,0.35037169713698746,0.3509437081916655,1.0,positive,True,0.036864698700815386,9.504260430297178,0.95,0.2789217364848319,0.41814915760732974,9.999000099990002e-05,studentized,9.999000099990002e-05,9.999000099990002e-05,0.26873717143145615,0.4262687593299722,10000,estimated,roni,retrospective,warm,17,0.434940569795158,0.35037169713698757,0.4195951099787157,0.015345459816442308,0.03528173935043468,-0.12500000000000003,0.6326406085600336,0.0009999000099990003,True,0.9037722979429051,False,,
candidates,"Rice, Thai 5%",17,17,0.20684112134236798,0.14023896788114837,0.8823529411764706,positive,True,0.04659639604888833,4.438993975528772,0.95,0.12296406851228377,0.29860826130989143,0.0033996600339966003,studentized,9.999000099990002e-05,0.0033996600339966003,0.1203981203400037,0.3292310176822646,10000,estimated,roni,retrospective,warm,17,0.25231300858309386,0.206841121342368,0.2297871693238885,0.022525839259205344,0.08927735983849182,-0.1985294117647059,0.44495054367880854,0.011332200113322,True,0.9037722979429051,False,,
candidates,"Rubber, RSS3",17,17,0.2803862458701008,0.28668687644509006,0.9411764705882353,positive,True,0.050860189591864904,5.512882435557193,0.95,0.18530146461063401,0.37596026544560496,9.999000099990002e-05,studentized,9.999000099990002e-05,9.999000099990002e-05,0.1743340834475704,0.3890170491035787,10000,estimated,roni,retrospective,warm,17,0.35137064205648333,0.2803862458701008,0.3236409644719052,0.027729677584578116,0.07891859553855536,-0.1593137254901961,0.5413616326261632,0.0009999000099990003,True,0.9037722979429051,False,,
candidates,"Shrimps, Mexican",16,17,-0.060683042353705106,-0.017189821838331204,0.5,negative,False,0.049816798882044946,-1.2181240809428362,0.95,-0.1612398773152211,0.02465290295971954,0.25237476252374763,studentized,0.20667933206679331,0.25237476252374763,-0.20820269849124123,0.02514885999197567,10000,estimated,roni,retrospective,warm,16,-0.042437025834305114,-0.0606830423537051,-0.05887851184077544,0.016441486006470322,-0.38743257057329883,-0.01764705882352941,0.9482801500547113,0.3154684531546845,False,0.9482801500547114,False,,
candidates,Sorghum,16,17,0.07248692237490093,0.11603515959444176,0.6875,positive,True,0.05161203779002505,1.404457670704688,0.95,-0.026880529031710548,0.1656959828846676,0.17988201179882013,studentized,0.1488851114888511,0.17988201179882013,-0.044305028704865884,0.176616601142358,10000,estimated,roni,retrospective,warm,16,0.09634960868214305,0.07248692237490093,0.07517874521366935,0.021170863468473702,0.2197296258702647,-0.15882352941176472,0.5568612810855391,0.28402422915603176,False,0.9037722979429051,False,,
candidates,Soybeans,17,17,0.07710088260778535,0.031079966954803192,0.6470588235294118,positive,True,0.04992614883901478,1.5442986170712787,0.95,-0.010597664729955986,0.17563851278088505,0.1504849515048495,studentized,0.10898910108989102,0.1504849515048495,-0.011239478801093702,0.21918554432386972,10000,estimated,roni,retrospective,warm,17,0.10339257137520423,0.07710088260778535,0.08015103934992593,0.023241532025278303,0.22478918665187703,-0.2720588235294118,0.2907959385044183,0.265561679126205,False,0.9037722979429051,False,,
candidates,"Sugar, world",17,17,0.05284333320381668,0.08926933207095067,0.6470588235294118,positive,True,0.08841785957973651,0.5976545174808466,0.95,-0.1177596991647294,0.2212323556573202,0.557044295570443,studentized,0.537046295370463,0.557044295570443,-0.1434003117215054,0.2294325592339309,10000,estimated,roni,retrospective,warm,17,0.12042449299330414,0.05284333320381666,0.05426446394459489,0.06616002904870925,0.5493901398645531,0.21813725490196081,0.40029509071151087,0.6124744668390304,False,0.9037722979429051,False,,
candidates,"Tea, avg 3 auctions",17,17,0.08625304911706791,0.05195932316197518,0.8235294117647058,positive,True,0.04515360626907378,1.9102139617172416,0.95,-0.0017989563046337457,0.17294276539272238,0.07589241075892411,studentized,0.051594840515948405,0.07589241075892411,-0.0019960859287267985,0.18850000181572169,10000,estimated,roni,retrospective,warm,17,0.10817507218926319,0.08625304911706791,0.0900821377294752,0.01809293445978799,0.1672560423914724,0.25980392156862747,0.31391716151942506,0.14229827017298272,False,0.9037722979429051,False,,
candidates,"Tobacco, US import u.v.",17,17,-0.022857430230084325,-0.03513117535824399,0.29411764705882354,negative,True,0.01826021047326991,-1.2517615973563956,0.95,-0.05669179724059625,0.012410161461833352,0.22957704229577042,studentized,0.19518048195180482,0.22957704229577042,-0.05735429456108014,0.021431608647935627,10000,estimated,roni,retrospective,warm,17,-0.019951450256877782,-0.022857430230084325,-0.022598178206805444,0.0026467279499276623,-0.13265842411707723,0.15686274509803924,0.5476805847029369,0.31305960313059605,False,0.9037722979429051,False,,
candidates,Urea,17,17,0.23039470701756465,0.16740003174207013,0.8823529411764706,positive,True,0.0615607163105467,3.742560529272025,0.95,0.11442509059412898,0.3469534205156472,0.0027997200279972004,studentized,9.999000099990002e-05,0.0027997200279972004,0.10863859340923458,0.37148620144197037,10000,estimated,roni,retrospective,warm,17,0.29838835120461654,0.23039470701756462,0.2590968862395363,0.039291464965080236,0.1316789506241031,0.37009803921568635,0.14367547273095146,0.010498950104989501,True,0.9037722979429051,False,,
candidates,"Wheat, US HRW",17,17,-0.03784839710127509,-0.0774954314964995,0.35294117647058826,negative,True,0.06677148968303735,-0.5668346966787848,0.95,-0.16314251407398664,0.08868130885525205,0.5716428357164284,studentized,0.5581441855814419,0.5716428357164284,-0.1716357844069688,0.11342147887364519,10000,estimated,roni,retrospective,warm,17,-0.0015859975735497231,-0.03784839710127509,-0.03714109797253526,0.03555510039898554,-22.41813038806067,-0.09803921568627452,0.7081513097186048,0.6124744668390304,False,0.9116002610697547,False,,
controls,Gold,17,17,0.15747519307402236,0.11015371409749533,0.8235294117647058,positive,True,0.04258992116638218,3.69747557077714,0.95,0.08008656039483991,0.24165783735488336,0.0040995900409959,studentized,0.0004999500049995,0.0040995900409959,0.0747055779967412,0.2600374574763866,10000,estimated,roni,retrospective,warm,17,0.18820031067900309,0.15747519307402236,0.17055171983165476,0.017648590847348322,0.09377556702044977,0.30147058823529416,0.23962440631044457,,,,,True,False
controls,Platinum,17,17,0.11469522027981904,0.10896487567563712,0.7647058823529411,positive,True,0.040125661681505255,2.8584007209701525,0.95,0.041018554409809,0.19100748367394701,0.012798720127987202,studentized,0.0022997700229977,0.012798720127987202,0.031601555574100756,0.20249326532587086,10000,estimated,roni,retrospective,warm,17,0.13616157757439853,0.11469522027981904,0.12153156540005558,0.014630012174342955,0.10744596555771493,0.07352941176470588,0.779127287251723,,,,,True,False
controls,Silver,17,17,0.24264105196559593,0.23919550993365638,0.7647058823529411,positive,True,0.06493841258172024,3.73647957070478,0.95,0.1214336037977696,0.3691540311729294,0.0031996800319968005,studentized,0.00029997000299970003,0.0031996800319968005,0.10896378940093876,0.3902314528472829,10000,estimated,roni,retrospective,warm,17,0.31931037319038624,0.24264105196559593,0.27461102287454875,0.044699350315837494,0.1399871537815211,0.2720588235294118,0.2907959385044183,,,,,True,False
