shift_years,is_observed_timing,commodity,index_definition,anchor,horizon_months,outcome,episodes,estimate,standard_error,t_statistic
0,True,Coconut oil,roni,retrospective,6,seasonal_adjusted_log_return,19,0.10189498876001218,0.05532689404206239,1.8416900229849573
0,True,Palm oil,roni,retrospective,6,seasonal_adjusted_log_return,19,0.04552891291132776,0.037297010302873954,1.220712130586496
0,True,"Rubber, RSS3",roni,retrospective,6,seasonal_adjusted_log_return,19,0.05664591297263068,0.04647420421249599,1.2188678414723606
0,True,Coconut oil,roni,retrospective,6,market_adjusted_log_return,19,0.2519009210819519,0.05174065714031373,4.868529605235402
0,True,Palm oil,roni,retrospective,6,market_adjusted_log_return,19,0.11361622281489837,0.033789176208363914,3.3625034867459918
0,True,"Rubber, RSS3",roni,retrospective,6,market_adjusted_log_return,19,0.14510055315209125,0.045161766447522324,3.212906946868368
0,True,Coconut oil,roni,retrospective,12,seasonal_adjusted_log_return,19,0.26996711451162003,0.06601183462337967,4.089677495738085
0,True,Palm oil,roni,retrospective,12,seasonal_adjusted_log_return,19,0.14923146432012172,0.043751821747802545,3.410862870587027
0,True,"Rubber, RSS3",roni,retrospective,12,seasonal_adjusted_log_return,19,0.12794139423836617,0.057003568071193556,2.244445366622948
0,True,Coconut oil,roni,retrospective,12,market_adjusted_log_return,19,0.5579560405502099,0.06238028370825547,8.944429351422931
0,True,Palm oil,roni,retrospective,12,market_adjusted_log_return,19,0.28510606287448215,0.04080634174271839,6.986807704352899
0,True,"Rubber, RSS3",roni,retrospective,12,market_adjusted_log_return,19,0.2975983388530931,0.05112790244034571,5.820663955465818
0,True,Coconut oil,roni,retrospective,18,seasonal_adjusted_log_return,19,0.40955171280793823,0.09069147221264656,4.515878977547659
0,True,Palm oil,roni,retrospective,18,seasonal_adjusted_log_return,19,0.286345158222434,0.06473801877999244,4.4231374950716
0,True,"Rubber, RSS3",roni,retrospective,18,seasonal_adjusted_log_return,19,0.24134462295179926,0.07631624159596577,3.16242804814116
0,True,Coconut oil,roni,retrospective,18,market_adjusted_log_return,19,0.8135982911466834,0.07827369283436435,10.394275032715601
0,True,Palm oil,roni,retrospective,18,market_adjusted_log_return,19,0.46803448743474085,0.05562024014367865,8.414823205108616
0,True,"Rubber, RSS3",roni,retrospective,18,market_adjusted_log_return,19,0.47965433777745786,0.06551481456704744,7.321311079749492
0,True,Coconut oil,roni,retrospective,24,seasonal_adjusted_log_return,19,0.5204212149021297,0.10402880317092272,5.002664637476032
0,True,Palm oil,roni,retrospective,24,seasonal_adjusted_log_return,19,0.3122283580320997,0.07386770145162201,4.226858991092158
0,True,"Rubber, RSS3",roni,retrospective,24,seasonal_adjusted_log_return,19,0.29836731345070266,0.08962119999124055,3.329204624350764
0,True,Coconut oil,roni,retrospective,24,market_adjusted_log_return,19,1.0378040241074609,0.09202712545038948,11.2771535460697
0,True,Palm oil,roni,retrospective,24,market_adjusted_log_return,19,0.537005135843836,0.06500493713504678,8.260990003393372
0,True,"Rubber, RSS3",roni,retrospective,24,market_adjusted_log_return,19,0.6037721227927325,0.07875447342894719,7.666512091372939
0,True,Coconut oil,roni,observable,6,seasonal_adjusted_log_return,19,0.17616288923043585,0.04322676723227269,4.075319541798034
0,True,Palm oil,roni,observable,6,seasonal_adjusted_log_return,19,0.09855602820949794,0.026576162123581798,3.708437198388639
0,True,"Rubber, RSS3",roni,observable,6,seasonal_adjusted_log_return,19,0.08761256416937874,0.04009464215843303,2.185143935770265
0,True,Coconut oil,roni,observable,6,market_adjusted_log_return,19,0.3332269246127919,0.04387174317954881,7.595479469530823
0,True,Palm oil,roni,observable,6,market_adjusted_log_return,19,0.17371664091225733,0.027771103859476814,6.255301978317905
0,True,"Rubber, RSS3",roni,observable,6,market_adjusted_log_return,19,0.18010709153841525,0.03565271002379193,5.051708311043546
0,True,Coconut oil,roni,observable,12,seasonal_adjusted_log_return,19,0.315747487526754,0.08195861931161594,3.852523263309822
0,True,Palm oil,roni,observable,12,seasonal_adjusted_log_return,19,0.23566972211181025,0.0596258234308043,3.952477442685629
0,True,"Rubber, RSS3",roni,observable,12,seasonal_adjusted_log_return,19,0.20101579288281185,0.06314035363938776,3.1836342575917347
0,True,Coconut oil,roni,observable,12,market_adjusted_log_return,19,0.5888691752092652,0.07422852854363887,7.933192086154175
0,True,Palm oil,roni,observable,12,market_adjusted_log_return,19,0.35664506547251607,0.05390220382851252,6.616521035154084
0,True,"Rubber, RSS3",roni,observable,12,market_adjusted_log_return,19,0.36216309046278,0.05300293259882603,6.832887780077316
0,True,Coconut oil,roni,observable,18,seasonal_adjusted_log_return,19,0.42661698962094563,0.10324853410756696,4.131942339989885
0,True,Palm oil,roni,observable,18,seasonal_adjusted_log_return,19,0.2615529219214761,0.07771218526434871,3.3656616530826895
0,True,"Rubber, RSS3",roni,observable,18,seasonal_adjusted_log_return,19,0.25803848338171526,0.08381133070036112,3.0788018902151073
0,True,Coconut oil,roni,observable,18,market_adjusted_log_return,19,0.8130749081700429,0.09487310753463492,8.570130454230322
0,True,Palm oil,roni,observable,18,market_adjusted_log_return,19,0.4256157138816113,0.07264617244918697,5.858749326116418
0,True,"Rubber, RSS3",roni,observable,18,market_adjusted_log_return,19,0.48628087547805454,0.0733755778747234,6.6272851207836245
0,True,Coconut oil,roni,observable,24,seasonal_adjusted_log_return,19,0.3990983132072791,0.0901112655910769,4.428950260430024
0,True,Palm oil,roni,observable,24,seasonal_adjusted_log_return,19,0.2399229189746311,0.08951958456094065,2.6801165370836038
0,True,"Rubber, RSS3",roni,observable,24,seasonal_adjusted_log_return,19,0.15831352919738642,0.0732092773644822,2.16247905861987
0,True,Coconut oil,roni,observable,24,market_adjusted_log_return,19,0.9176398847802312,0.07927250890717841,11.575764378224891
0,True,Palm oil,roni,observable,24,market_adjusted_log_return,19,0.4658609545674355,0.07890517235321423,5.904061047887167
0,True,"Rubber, RSS3",roni,observable,24,market_adjusted_log_return,19,0.4643815860443964,0.0636478555360758,7.296107341451331
0,True,Coconut oil,oni,retrospective,6,seasonal_adjusted_log_return,19,0.07772932686881093,0.05524651638584767,1.4069543557450912
0,True,Palm oil,oni,retrospective,6,seasonal_adjusted_log_return,19,0.031004590172492966,0.041976444216180055,0.7386187837354283
0,True,"Rubber, RSS3",oni,retrospective,6,seasonal_adjusted_log_return,19,0.06832147751539328,0.046016217866061575,1.4847260527637265
0,True,Coconut oil,oni,retrospective,6,market_adjusted_log_return,19,0.2407626947825401,0.05374373848589101,4.479827819304866
0,True,Palm oil,oni,retrospective,6,market_adjusted_log_return,19,0.11214739046050418,0.04039916474705003,2.7759828987230053
0,True,"Rubber, RSS3",oni,retrospective,6,market_adjusted_log_return,19,0.16423270620168012,0.04325792651334589,3.796592195675658
0,True,Coconut oil,oni,retrospective,12,seasonal_adjusted_log_return,19,0.2352709396790844,0.07195074302686034,3.2698889515463945
0,True,Palm oil,oni,retrospective,12,seasonal_adjusted_log_return,19,0.1437334266602305,0.05524632658745435,2.6016829631686376
0,True,"Rubber, RSS3",oni,retrospective,12,seasonal_adjusted_log_return,19,0.1739681703734078,0.06336459974282727,2.7455104439936218
0,True,Coconut oil,oni,retrospective,12,market_adjusted_log_return,19,0.526722443369402,0.06730318330322162,7.82611486586533
0,True,Palm oil,oni,retrospective,12,market_adjusted_log_return,19,0.28307805958313564,0.050637659156888365,5.590267486616783
0,True,"Rubber, RSS3",oni,retrospective,12,market_adjusted_log_return,19,0.34560701054539544,0.05705448729327411,6.057490426106019
0,True,Coconut oil,oni,retrospective,18,seasonal_adjusted_log_return,19,0.4579389706567619,0.10588417315661529,4.324904818205604
0,True,Palm oil,oni,retrospective,18,seasonal_adjusted_log_return,19,0.29870681335368937,0.07136010783864977,4.185907538552023
0,True,"Rubber, RSS3",oni,retrospective,18,seasonal_adjusted_log_return,19,0.27348815713881597,0.09084733651832676,3.0104146981088964
0,True,Coconut oil,oni,retrospective,18,market_adjusted_log_return,19,0.8670664264726065,0.09144164604578214,9.482183052987605
0,True,Palm oil,oni,retrospective,18,market_adjusted_log_return,19,0.48548796179468623,0.06027770274404936,8.054188193869313
0,True,"Rubber, RSS3",oni,retrospective,18,market_adjusted_log_return,19,0.5147060431339571,0.08022201426867512,6.416019939491075
0,True,Coconut oil,oni,retrospective,24,seasonal_adjusted_log_return,19,0.5520593733009708,0.10257889605143593,5.381802637300296
0,True,Palm oil,oni,retrospective,24,seasonal_adjusted_log_return,19,0.3088731327890814,0.0806124259331372,3.831582156394496
0,True,"Rubber, RSS3",oni,retrospective,24,seasonal_adjusted_log_return,19,0.23812977917195446,0.08796595675687494,2.7070674605417
0,True,Coconut oil,oni,retrospective,24,market_adjusted_log_return,19,1.069116698217816,0.08942947567466339,11.954858173463624
0,True,Palm oil,oni,retrospective,24,market_adjusted_log_return,19,0.5333237253766671,0.06934979813702184,7.690342866217463
0,True,"Rubber, RSS3",oni,retrospective,24,market_adjusted_log_return,19,0.5433482891930184,0.07590769358260788,7.158013417990498
0,True,Coconut oil,oni,observable,6,seasonal_adjusted_log_return,19,0.15247904311074675,0.04715881798412059,3.2333092649202912
0,True,Palm oil,oni,observable,6,seasonal_adjusted_log_return,19,0.10172683268416165,0.03615279447651443,2.8138027545905313
0,True,"Rubber, RSS3",oni,observable,6,seasonal_adjusted_log_return,19,0.10856821643195669,0.04834702492218876,2.2456028391962035
0,True,Coconut oil,oni,observable,6,market_adjusted_log_return,19,0.30353456111922383,0.04291728662121949,7.072547801033348
0,True,Palm oil,oni,observable,6,market_adjusted_log_return,19,0.17086598857397317,0.029209528087339086,5.849666179579097
0,True,"Rubber, RSS3",oni,observable,6,market_adjusted_log_return,19,0.1976236140292545,0.04299773387733915,4.596140219692065
0,True,Coconut oil,oni,observable,12,seasonal_adjusted_log_return,19,0.3751470740884243,0.09730883886900893,3.855220948565873
0,True,Palm oil,oni,observable,12,seasonal_adjusted_log_return,19,0.2567002193776205,0.06288457443321435,4.082085657592312
0,True,"Rubber, RSS3",oni,observable,12,seasonal_adjusted_log_return,19,0.2080882031973649,0.07281064812395276,2.857936422199069
0,True,Coconut oil,oni,observable,12,market_adjusted_log_return,19,0.6438785442224283,0.08511796152299664,7.5645437543575245
0,True,Palm oil,oni,observable,12,market_adjusted_log_return,19,0.37327589078552376,0.052576048472178,7.099732704009746
0,True,"Rubber, RSS3",oni,observable,12,market_adjusted_log_return,19,0.36672264661781623,0.06354004634643938,5.771519973692408
0,True,Coconut oil,oni,observable,18,seasonal_adjusted_log_return,19,0.469267476732633,0.09928307412020897,4.726560704239053
0,True,Palm oil,oni,observable,18,seasonal_adjusted_log_return,19,0.2668665388130126,0.07895746730902628,3.379877140290503
0,True,"Rubber, RSS3",oni,observable,18,seasonal_adjusted_log_return,19,0.17272982523050334,0.07332792154068525,2.3555805428722802
0,True,Coconut oil,oni,observable,18,market_adjusted_log_return,19,0.8459288159676377,0.08902359119700506,9.502299385964296
0,True,Palm oil,oni,observable,18,market_adjusted_log_return,19,0.4211116543675047,0.06830802116287797,6.164893188215472
0,True,"Rubber, RSS3",oni,observable,18,market_adjusted_log_return,19,0.3953648926768774,0.06306218837634714,6.269444541273923
0,True,Coconut oil,oni,observable,24,seasonal_adjusted_log_return,19,0.40788890621638635,0.08260922684015455,4.937570799514134
0,True,Palm oil,oni,observable,24,seasonal_adjusted_log_return,19,0.232268680798165,0.09031140322404484,2.5718643771036542
0,True,"Rubber, RSS3",oni,observable,24,seasonal_adjusted_log_return,19,0.13214175526839791,0.07364627403446997,1.7942761803068175
0,True,Coconut oil,oni,observable,24,market_adjusted_log_return,19,0.9165500293546877,0.07370663533454824,12.435108795762334
0,True,Palm oil,oni,observable,24,market_adjusted_log_return,19,0.44830499025126436,0.07350186737557711,6.099232662491855
0,True,"Rubber, RSS3",oni,observable,24,market_adjusted_log_return,19,0.43255448281279846,0.06448379293003127,6.707956575726643
1,False,Coconut oil,roni,retrospective,6,seasonal_adjusted_log_return,19,0.1853069617986305,0.05878143717564026,3.15247416025112
1,False,Palm oil,roni,retrospective,6,seasonal_adjusted_log_return,19,0.15375688597350912,0.04646784166771253,3.3088880493527366
1,False,"Rubber, RSS3",roni,retrospective,6,seasonal_adjusted_log_return,19,0.11892985779078581,0.041813072393111925,2.844322384938585
1,False,Coconut oil,roni,retrospective,6,market_adjusted_log_return,19,0.3204083857410366,0.052790417917056215,6.069442114371193
1,False,Palm oil,roni,retrospective,6,market_adjusted_log_return,19,0.20690759039837342,0.04118780357798973,5.023516002900974
1,False,"Rubber, RSS3",roni,retrospective,6,market_adjusted_log_return,19,0.19885351847703206,0.035622543478761745,5.582238073359053
1,False,Coconut oil,roni,retrospective,12,seasonal_adjusted_log_return,19,0.29617646389282204,0.08652566730574567,3.422989652842061
1,False,Palm oil,roni,retrospective,12,seasonal_adjusted_log_return,19,0.1796400857831749,0.07000686569119835,2.566035259678255
1,False,"Rubber, RSS3",roni,retrospective,12,seasonal_adjusted_log_return,19,0.17595254828968918,0.07093892813084988,2.4803384111631512
1,False,Coconut oil,roni,retrospective,12,market_adjusted_log_return,19,0.5446141187018142,0.08131731712472608,6.69739408478608
1,False,Palm oil,roni,retrospective,12,market_adjusted_log_return,19,0.2758782388074687,0.06736878607698642,4.095045418989825
1,False,"Rubber, RSS3",roni,retrospective,12,market_adjusted_log_return,19,0.32297130349230674,0.06582118009335254,4.906799043016922
1,False,Coconut oil,roni,retrospective,18,seasonal_adjusted_log_return,19,0.2686577874791556,0.07665610811191959,3.504714680882434
1,False,Palm oil,roni,retrospective,18,seasonal_adjusted_log_return,19,0.15801008283632995,0.08487498521148311,1.8616802399743106
1,False,"Rubber, RSS3",roni,retrospective,18,seasonal_adjusted_log_return,19,0.07622759410536037,0.06448881882594985,1.1820280708054605
1,False,Coconut oil,roni,retrospective,18,market_adjusted_log_return,19,0.6491790953120024,0.06711889845357887,9.672076125638311
1,False,Palm oil,roni,retrospective,18,market_adjusted_log_return,19,0.3161234794932927,0.07829007195435007,4.037848881753746
1,False,"Rubber, RSS3",roni,retrospective,18,market_adjusted_log_return,19,0.30107201405864853,0.05857564400105766,5.139883977258744
1,False,Coconut oil,roni,retrospective,24,seasonal_adjusted_log_return,19,0.18729191754666855,0.06969440552474523,2.6873307281481855
1,False,Palm oil,roni,retrospective,24,seasonal_adjusted_log_return,19,0.12384928820629908,0.08039740681158246,1.5404637178976364
1,False,"Rubber, RSS3",roni,retrospective,24,seasonal_adjusted_log_return,19,0.09744348163321513,0.07859488701703272,1.2398196031772095
1,False,Coconut oil,roni,retrospective,24,market_adjusted_log_return,19,0.6822020944020469,0.06539660404045339,10.431766364810727
1,False,Palm oil,roni,retrospective,24,market_adjusted_log_return,19,0.3261050384918822,0.07920577273570888,4.117187765846542
1,False,"Rubber, RSS3",roni,retrospective,24,market_adjusted_log_return,19,0.3899855006802463,0.07104312410180376,5.489419357760826
1,False,Coconut oil,roni,observable,6,seasonal_adjusted_log_return,19,0.10185702705254611,0.059155465660342986,1.7218531866080748
1,False,Palm oil,roni,observable,6,seasonal_adjusted_log_return,19,0.0008008937306784796,0.05043296220919932,0.015880362675432757
1,False,"Rubber, RSS3",roni,observable,6,seasonal_adjusted_log_return,19,0.049815414201366905,0.054900379776923934,0.9073783169402705
1,False,Coconut oil,roni,observable,6,market_adjusted_log_return,19,0.23848809949066405,0.05464826492756062,4.364056202091568
1,False,Palm oil,roni,observable,6,market_adjusted_log_return,19,0.055484540773960124,0.047311572994530135,1.1727477499083554
1,False,"Rubber, RSS3",roni,observable,6,market_adjusted_log_return,19,0.13061460862656316,0.05226225116676953,2.499215125842364
1,False,Coconut oil,roni,observable,12,seasonal_adjusted_log_return,19,0.07433835063887963,0.07803595031579244,0.9526167149634299
1,False,Palm oil,roni,observable,12,seasonal_adjusted_log_return,19,-0.020829109216166444,0.07676516247162346,-0.27133544104548735
1,False,"Rubber, RSS3",roni,observable,12,seasonal_adjusted_log_return,19,-0.04990953998296187,0.06239032502446186,-0.7999564029101218
1,False,Coconut oil,roni,observable,12,market_adjusted_log_return,19,0.3430530761008523,0.06525224163112954,5.257337794464271
1,False,Palm oil,roni,observable,12,market_adjusted_log_return,19,0.09572978145978418,0.0661421788478136,1.4473333525956051
1,False,"Rubber, RSS3",roni,observable,12,market_adjusted_log_return,19,0.10871531919290504,0.05574672239068517,1.9501652210331653
1,False,Coconut oil,roni,observable,18,seasonal_adjusted_log_return,19,-0.007027519293607401,0.10112588181591796,-0.06949278629183946
1,False,Palm oil,roni,observable,18,seasonal_adjusted_log_return,19,-0.05498990384619734,0.08506563874064196,-0.6464408503868051
1,False,"Rubber, RSS3",roni,observable,18,seasonal_adjusted_log_return,19,-0.028693652455107143,0.07501188182833565,-0.38252143201489647
1,False,Coconut oil,roni,observable,18,market_adjusted_log_return,19,0.37607607519089664,0.09005172922744506,4.1762226935258004
1,False,Palm oil,roni,observable,18,market_adjusted_log_return,19,0.10571134045837371,0.07561426136996433,1.3980344255583064
1,False,"Rubber, RSS3",roni,observable,18,market_adjusted_log_return,19,0.19762880581450276,0.06758149740234229,2.92430344710967
1,False,Coconut oil,roni,observable,24,seasonal_adjusted_log_return,18,-0.11753300207911627,0.13167879394990975,-0.8925735006642413
1,False,Palm oil,roni,observable,24,seasonal_adjusted_log_return,18,-0.0801074428304176,0.12045055514981014,-0.665064953256414
1,False,"Rubber, RSS3",roni,observable,24,seasonal_adjusted_log_return,18,-0.013483528891422495,0.09724182221727048,-0.13865977193738532
1,False,Coconut oil,roni,observable,24,market_adjusted_log_return,18,0.38258891906890274,0.11942857594058695,3.2034956128023513
1,False,Palm oil,roni,observable,24,market_adjusted_log_return,18,0.12737127532319467,0.10955975883400615,1.1625735277144478
1,False,"Rubber, RSS3",roni,observable,24,market_adjusted_log_return,18,0.28204156631969396,0.08826953549264567,3.1952311150792534
1,False,Coconut oil,oni,retrospective,6,seasonal_adjusted_log_return,19,0.2554278836159399,0.06581815960700098,3.880811696059189
1,False,Palm oil,oni,retrospective,6,seasonal_adjusted_log_return,19,0.19182682801581205,0.04137520377713661,4.636275123841517
1,False,"Rubber, RSS3",oni,retrospective,6,seasonal_adjusted_log_return,19,0.12111409241006343,0.04532718213605596,2.6719969497888116
1,False,Coconut oil,oni,retrospective,6,market_adjusted_log_return,19,0.3876716354705625,0.05903347969191951,6.566979237776947
1,False,Palm oil,oni,retrospective,6,market_adjusted_log_return,19,0.24211370630996387,0.037511277422765936,6.454424454311515
1,False,"Rubber, RSS3",oni,retrospective,6,market_adjusted_log_return,19,0.19940209082832863,0.041326401771868304,4.825053289881762
1,False,Coconut oil,oni,retrospective,12,seasonal_adjusted_log_return,19,0.3495482862601487,0.0723562080554311,4.83093704955302
1,False,Palm oil,oni,retrospective,12,seasonal_adjusted_log_return,19,0.20199314745120409,0.06429059022655075,3.1418773220063687
1,False,"Rubber, RSS3",oni,retrospective,12,seasonal_adjusted_log_return,19,0.08575571444320185,0.05015415559789435,1.7098426525358983
1,False,Coconut oil,oni,retrospective,12,market_adjusted_log_return,19,0.5897219072157718,0.06885914573018012,8.564176929039418
1,False,Palm oil,oni,retrospective,12,market_adjusted_log_return,19,0.2899494698919447,0.06267236467367944,4.626432581595489
1,False,"Rubber, RSS3",oni,retrospective,12,market_adjusted_log_return,19,0.22804433688738976,0.046427100878640895,4.9118797549623245
1,False,Coconut oil,oni,retrospective,18,seasonal_adjusted_log_return,19,0.2881697157439018,0.07156181931018468,4.026864025002359
1,False,Palm oil,oni,retrospective,18,seasonal_adjusted_log_return,19,0.16739528943635654,0.07673657535405543,2.181427678574529
1,False,"Rubber, RSS3",oni,retrospective,18,seasonal_adjusted_log_return,19,0.04516764448109648,0.059138448134063784,0.763761070948358
1,False,Coconut oil,oni,retrospective,18,market_adjusted_log_return,19,0.6603431206028217,0.0661281271345878,9.985813136048042
1,False,Palm oil,oni,retrospective,18,market_adjusted_log_return,19,0.3171428057757045,0.06839521321771072,4.636915229231003
1,False,"Rubber, RSS3",oni,retrospective,18,market_adjusted_log_return,19,0.2652339270233108,0.054232928015525254,4.890643686938354
1,False,Coconut oil,oni,retrospective,24,seasonal_adjusted_log_return,19,0.1748507541575713,0.06838793463284423,2.556748571166775
1,False,Palm oil,oni,retrospective,24,seasonal_adjusted_log_return,19,0.12842141753620928,0.07479759300417797,1.7169191196972882
1,False,"Rubber, RSS3",oni,retrospective,24,seasonal_adjusted_log_return,19,0.03753439537989285,0.06784610139729341,0.5532284774934793
1,False,Coconut oil,oni,retrospective,24,market_adjusted_log_return,19,0.6655882512857346,0.06937912841275232,9.59349398750007
1,False,Palm oil,oni,retrospective,24,market_adjusted_log_return,19,0.3264955021614887,0.07877298220649824,4.144765032579343
1,False,"Rubber, RSS3",oni,retrospective,24,market_adjusted_log_return,19,0.3276880736458552,0.06279444579153978,5.2184244882690605
1,False,Coconut oil,oni,observable,6,seasonal_adjusted_log_return,19,0.15312134303982375,0.038075530356040346,4.0215156980875095
1,False,Palm oil,oni,observable,6,seasonal_adjusted_log_return,19,0.022955821998207476,0.0488156709890416,0.4702551769361261
1,False,"Rubber, RSS3",oni,observable,6,seasonal_adjusted_log_return,19,-0.01094281004492415,0.03589021834250085,-0.3048967253555485
1,False,Coconut oil,oni,observable,6,market_adjusted_log_return,19,0.2869851029620378,0.039809832939425555,7.208899956920515
1,False,Palm oil,oni,observable,6,market_adjusted_log_return,19,0.0748661970734515,0.046672321619356555,1.6040812729230511
1,False,"Rubber, RSS3",oni,observable,6,market_adjusted_log_return,19,0.06827244174202257,0.03656410624692767,1.8671984289991832
1,False,Coconut oil,oni,observable,12,seasonal_adjusted_log_return,19,0.09174277252357686,0.07321047982130582,1.2531371566953962
1,False,Palm oil,oni,observable,12,seasonal_adjusted_log_return,19,-0.011642036016640081,0.0717886095549258,-0.16217107545080262
1,False,"Rubber, RSS3",oni,observable,12,seasonal_adjusted_log_return,19,-0.05153088000702953,0.06235266804289436,-0.8264422618063403
1,False,Coconut oil,oni,observable,12,market_adjusted_log_return,19,0.35760631634908774,0.06622052234849868,5.400234000981045
1,False,Palm oil,oni,observable,12,market_adjusted_log_return,19,0.10205953295721124,0.06215981091843446,1.6418893727191806
1,False,"Rubber, RSS3",oni,observable,12,market_adjusted_log_return,19,0.10546203187794352,0.056247880543237226,1.874951213439515
1,False,Coconut oil,oni,observable,18,seasonal_adjusted_log_return,19,-0.021576189062753687,0.09141249297055805,-0.236031075858558
1,False,Palm oil,oni,observable,18,seasonal_adjusted_log_return,19,-0.050615907916787356,0.07456084551954588,-0.6788537276380344
1,False,"Rubber, RSS3",oni,observable,18,seasonal_adjusted_log_return,19,-0.059164129108233154,0.06612175615256917,-0.8947755254975079
1,False,Coconut oil,oni,observable,18,market_adjusted_log_return,19,0.3628514470320006,0.08766787961891616,4.13893262400415
1,False,Palm oil,oni,observable,18,market_adjusted_log_return,19,0.1114122293429955,0.07326531026600651,1.5206682253646078
1,False,"Rubber, RSS3",oni,observable,18,market_adjusted_log_return,19,0.16791617850048793,0.06020060434183497,2.789277289427452
1,False,Coconut oil,oni,observable,24,seasonal_adjusted_log_return,18,-0.12958803592941967,0.1296752634186518,-0.9993273390241706
1,False,Palm oil,oni,observable,24,seasonal_adjusted_log_return,18,-0.04774662799930393,0.11783776932626025,-0.4051895098854655
1,False,"Rubber, RSS3",oni,observable,24,seasonal_adjusted_log_return,18,-0.011959756875402627,0.08381352820319089,-0.14269482662045127
1,False,Coconut oil,oni,observable,24,market_adjusted_log_return,18,0.37344579298604913,0.12001953514329196,3.111541738102803
1,False,Palm oil,oni,observable,24,market_adjusted_log_return,18,0.16265026876209795,0.11179813534883792,1.4548567223826119
1,False,"Rubber, RSS3",oni,observable,24,market_adjusted_log_return,18,0.2852320437927254,0.07536441517104721,3.7847045339018717
2,False,Coconut oil,roni,retrospective,6,seasonal_adjusted_log_return,19,-0.045860964057391415,0.060396288296439934,-0.7593341470305998
2,False,Palm oil,roni,retrospective,6,seasonal_adjusted_log_return,19,-0.040232311051236175,0.046363251951497084,-0.8677629233886615
2,False,"Rubber, RSS3",roni,retrospective,6,seasonal_adjusted_log_return,19,-0.11742494125923769,0.052524477072054356,-2.235623233300377
2,False,Coconut oil,roni,retrospective,6,market_adjusted_log_return,19,0.11226131982443636,0.05013181977312235,2.2393226563984436
2,False,Palm oil,roni,retrospective,6,market_adjusted_log_return,19,0.035988829106205836,0.04317987822316441,0.8334629597658096
2,False,"Rubber, RSS3",roni,retrospective,6,market_adjusted_log_return,19,-0.024324698088121148,0.04352245128700019,-0.5589000014662947
2,False,Coconut oil,roni,retrospective,12,seasonal_adjusted_log_return,19,-0.1272268339898784,0.10492856366580505,-1.2125090589736158
2,False,Palm oil,roni,retrospective,12,seasonal_adjusted_log_return,19,-0.07439310568126707,0.06896431557435456,-1.0787188281606217
2,False,"Rubber, RSS3",roni,retrospective,12,seasonal_adjusted_log_return,19,-0.09620905373138293,0.06326697898641491,-1.5206835425481837
2,False,Coconut oil,roni,retrospective,12,market_adjusted_log_return,19,0.14528431891448076,0.09292193056901195,1.5635094753716932
2,False,Palm oil,roni,retrospective,12,market_adjusted_log_return,19,0.04597038810479539,0.0613668042051653,0.7491083933767243
2,False,"Rubber, RSS3",roni,retrospective,12,market_adjusted_log_return,19,0.06458878853347656,0.05611529360369376,1.151001525352886
2,False,Coconut oil,roni,retrospective,18,seasonal_adjusted_log_return,18,-0.22586713980540374,0.13837104208571666,-1.632329542372644
2,False,Palm oil,roni,retrospective,18,seasonal_adjusted_log_return,18,-0.1131530023154162,0.10900298418662166,-1.0380725184705897
2,False,"Rubber, RSS3",roni,retrospective,18,seasonal_adjusted_log_return,18,-0.09209678103084329,0.0857824301790521,-1.0736089061432668
2,False,Coconut oil,roni,retrospective,18,market_adjusted_log_return,18,0.16669809055918441,0.12593144677917975,1.323720919775414
2,False,Palm oil,roni,retrospective,18,market_adjusted_log_return,18,0.05703025365470219,0.10097433284399206,0.5647995094239979
2,False,"Rubber, RSS3",roni,retrospective,18,market_adjusted_log_return,18,0.13964128838204287,0.07855137638752956,1.77770644900134
2,False,Coconut oil,roni,retrospective,24,seasonal_adjusted_log_return,18,-0.28383275728054547,0.14882924373937112,-1.907103403532653
2,False,Palm oil,roni,retrospective,24,seasonal_adjusted_log_return,18,-0.16935940330276694,0.11448915976414431,-1.479261474637941
2,False,"Rubber, RSS3",roni,retrospective,24,seasonal_adjusted_log_return,18,-0.043491345790355455,0.09231575093095892,-0.47111511688706026
2,False,Coconut oil,roni,retrospective,24,market_adjusted_log_return,18,0.2531803497227474,0.1362540072205838,1.8581497519766126
2,False,Palm oil,roni,retrospective,24,market_adjusted_log_return,18,0.07508994646983308,0.10447581333119602,0.7187304321986221
2,False,"Rubber, RSS3",roni,retrospective,24,market_adjusted_log_return,18,0.2731493704125849,0.08593225224499638,3.178659505325484
2,False,Coconut oil,roni,observable,6,seasonal_adjusted_log_return,19,-0.09644066787445921,0.07146508205312362,-1.349479565457855
2,False,Palm oil,roni,observable,6,seasonal_adjusted_log_return,19,-0.021229511197977027,0.04963275511342769,-0.42773187080709885
2,False,"Rubber, RSS3",roni,observable,6,seasonal_adjusted_log_return,19,0.011883248666816776,0.04744694750592963,0.25045338618109586
2,False,Coconut oil,roni,observable,6,market_adjusted_log_return,19,0.03566746568068569,0.06594698556053294,0.540850584412936
2,False,Palm oil,roni,observable,6,market_adjusted_log_return,19,0.028921456740501922,0.04235342503002569,0.6828599273848238
2,False,"Rubber, RSS3",roni,observable,6,market_adjusted_log_return,19,0.090093622456192,0.04262959055464244,2.1134057654321206
2,False,Coconut oil,roni,observable,12,seasonal_adjusted_log_return,18,-0.20167721578677872,0.11434280811629713,-1.7637944975223494
2,False,Palm oil,roni,observable,12,seasonal_adjusted_log_return,18,-0.054946026273444436,0.0892825219949498,-0.6154174976884323
2,False,"Rubber, RSS3",roni,observable,12,seasonal_adjusted_log_return,18,0.022025750363917487,0.0856965391444999,0.2570203019141541
2,False,Coconut oil,roni,observable,12,market_adjusted_log_return,18,0.051395864712281254,0.10625265981871909,0.48371367643849394
2,False,Palm oil,roni,observable,12,market_adjusted_log_return,18,0.045937534904900094,0.0808200836321534,0.5683925682876223
2,False,"Rubber, RSS3",roni,observable,12,market_adjusted_log_return,18,0.1716977109254309,0.07814939120289016,2.1970447662179753
2,False,Coconut oil,roni,observable,18,seasonal_adjusted_log_return,18,-0.25964283326192045,0.14044885989824135,-1.8486645847466334
2,False,Palm oil,roni,observable,18,seasonal_adjusted_log_return,18,-0.1111524272607952,0.09937169555050723,-1.1185521857609868
2,False,"Rubber, RSS3",roni,observable,18,seasonal_adjusted_log_return,18,0.07063118560440529,0.10572980011233128,0.6680347974683021
2,False,Coconut oil,roni,observable,18,market_adjusted_log_return,18,0.1378781238758443,0.12810066530888675,1.0763263683555535
2,False,Palm oil,roni,observable,18,market_adjusted_log_return,18,0.06399722772003097,0.08722458001297995,0.7337063441349617
2,False,"Rubber, RSS3",roni,observable,18,market_adjusted_log_return,18,0.3052057929559729,0.09716968183260238,3.1409570063403276
2,False,Coconut oil,roni,observable,24,seasonal_adjusted_log_return,18,-0.1552559830244563,0.12285609299238391,-1.2637222887600774
2,False,Palm oil,roni,observable,24,seasonal_adjusted_log_return,18,-0.04595598134635992,0.07893564224649405,-0.5821955714612694
2,False,"Rubber, RSS3",roni,observable,24,seasonal_adjusted_log_return,18,0.0166779832117007,0.12495429765137096,0.13347266580804723
2,False,Coconut oil,roni,observable,24,market_adjusted_log_return,18,0.413322488128669,0.1118300126349201,3.695988924529592
2,False,Palm oil,roni,observable,24,market_adjusted_log_return,18,0.23012670909684996,0.06610592677119494,3.481181194136523
2,False,"Rubber, RSS3",roni,observable,24,market_adjusted_log_return,18,0.35138594909513593,0.11347438592890928,3.096610272165528
2,False,Coconut oil,oni,retrospective,6,seasonal_adjusted_log_return,19,-0.021108680553795372,0.06907045890561891,-0.3056108340417899
2,False,Palm oil,oni,retrospective,6,seasonal_adjusted_log_return,19,-0.02369088865529658,0.04674838542814884,-0.5067744786974283
2,False,"Rubber, RSS3",oni,retrospective,6,seasonal_adjusted_log_return,19,-0.0568040553362858,0.058136394905759455,-0.9770825216865715
2,False,Coconut oil,oni,retrospective,6,market_adjusted_log_return,19,0.13051560542837473,0.05849713287069237,2.2311453403516177
2,False,Palm oil,oni,retrospective,6,market_adjusted_log_return,19,0.0460182600592123,0.04044542364719927,1.1377865753273901
2,False,"Rubber, RSS3",oni,retrospective,6,market_adjusted_log_return,19,0.03257689126916549,0.04856701527092545,0.6707616493918577
2,False,Coconut oil,oni,retrospective,12,seasonal_adjusted_log_return,19,-0.13442764214012592,0.09545408756509839,-1.4082963398340391
2,False,Palm oil,oni,retrospective,12,seasonal_adjusted_log_return,19,-0.06266476055544386,0.06687667878002966,-0.9370196262520808
2,False,"Rubber, RSS3",oni,retrospective,12,seasonal_adjusted_log_return,19,-0.0644373044374894,0.058426648586055875,-1.1028752460887863
2,False,Coconut oil,oni,retrospective,12,market_adjusted_log_return,19,0.13576073611128767,0.08707533397289408,1.5591181786744452
2,False,Palm oil,oni,retrospective,12,market_adjusted_log_return,19,0.05537095644499657,0.06185811920073267,0.895128354376813
2,False,"Rubber, RSS3",oni,retrospective,12,market_adjusted_log_return,19,0.09503103789170995,0.05029990295601731,1.8892886925608179
2,False,Coconut oil,oni,retrospective,18,seasonal_adjusted_log_return,18,-0.22707594810745813,0.13533265377840215,-1.6779095197473868
2,False,Palm oil,oni,retrospective,18,seasonal_adjusted_log_return,18,-0.07533118210033962,0.11164340243181277,-0.6747481755256325
2,False,"Rubber, RSS3",oni,retrospective,18,seasonal_adjusted_log_return,18,-0.02253326236948243,0.07345343513441775,-0.3067693475226473
2,False,Coconut oil,oni,retrospective,18,market_adjusted_log_return,18,0.16558978896689236,0.12319952774086317,1.3440781146108978
2,False,Palm oil,oni,retrospective,18,market_adjusted_log_return,18,0.09495279702236153,0.10268456657872661,0.9247036841662349
2,False,"Rubber, RSS3",oni,retrospective,18,market_adjusted_log_return,18,0.20926233464901672,0.06540904750180708,3.199287294976056
2,False,Coconut oil,oni,retrospective,24,seasonal_adjusted_log_return,18,-0.2752423838947895,0.1356363326664335,-2.029267368734343
2,False,Palm oil,oni,retrospective,24,seasonal_adjusted_log_return,18,-0.159741306350865,0.10519038710666341,-1.518592247301902
2,False,"Rubber, RSS3",oni,retrospective,24,seasonal_adjusted_log_return,18,0.0017838509918057953,0.0838873160767867,0.021264847598329854
2,False,Coconut oil,oni,retrospective,24,market_adjusted_log_return,18,0.2584505750221434,0.1277803956661892,2.0226152351047197
2,False,Palm oil,oni,retrospective,24,market_adjusted_log_return,18,0.08138074534292432,0.09939929591509229,0.8187255713807111
2,False,"Rubber, RSS3",oni,retrospective,24,market_adjusted_log_return,18,0.3165241948699492,0.07808187026940977,4.053747608475949
2,False,Coconut oil,oni,observable,6,seasonal_adjusted_log_return,19,-0.12835014942288855,0.06881178966475392,-1.865234868155606
2,False,Palm oil,oni,observable,6,seasonal_adjusted_log_return,19,-0.06267182464804447,0.06309104846078781,-0.9933552568395833
2,False,"Rubber, RSS3",oni,observable,6,seasonal_adjusted_log_return,19,0.0025422335487387433,0.0514018427788709,0.0494580235124128
2,False,Coconut oil,oni,observable,6,market_adjusted_log_return,19,0.011081882661307095,0.061712637319744565,0.17957233951759047
2,False,Palm oil,oni,observable,6,market_adjusted_log_return,19,-0.005181186046913891,0.05457586219261775,-0.09493548683899178
2,False,"Rubber, RSS3",oni,observable,6,market_adjusted_log_return,19,0.08494462941430063,0.047742769124380774,1.7792145485529034
2,False,Coconut oil,oni,observable,12,seasonal_adjusted_log_return,18,-0.22661565695265928,0.11360317055348837,-1.9948004606610927
2,False,Palm oil,oni,observable,12,seasonal_adjusted_log_return,18,-0.06978791728088717,0.09904270686485259,-0.7046244947254455
2,False,"Rubber, RSS3",oni,observable,12,seasonal_adjusted_log_return,18,0.04717942513190141,0.08165736655319435,0.577773042695017
2,False,Coconut oil,oni,observable,12,market_adjusted_log_return,18,0.03549027151491232,0.1003786717924074,0.35356386851092786
2,False,Palm oil,oni,observable,12,market_adjusted_log_return,18,0.040147944249749386,0.08560217382244065,0.4690061298329387
2,False,"Rubber, RSS3",oni,observable,12,market_adjusted_log_return,18,0.2020215690246886,0.0755515523570851,2.673956559752188
2,False,Coconut oil,oni,observable,18,seasonal_adjusted_log_return,18,-0.27478209273999066,0.13031953134764032,-2.1085257896376413
2,False,Palm oil,oni,observable,18,seasonal_adjusted_log_return,18,-0.15419804153141256,0.09881569687310343,-1.5604610037758446
2,False,"Rubber, RSS3",oni,observable,18,seasonal_adjusted_log_return,18,0.07149653849318964,0.10268283795408041,0.6962851818057734
2,False,Coconut oil,oni,observable,18,market_adjusted_log_return,18,0.12835105757016346,0.11741906809158309,1.0931023355597898
2,False,Palm oil,oni,observable,18,market_adjusted_log_return,18,0.026575892570312204,0.08645377896928463,0.3074000105854726
2,False,"Rubber, RSS3",oni,observable,18,market_adjusted_log_return,18,0.309283429245621,0.09732180504586883,3.1779458786224972
2,False,Coconut oil,oni,observable,24,seasonal_adjusted_log_return,18,-0.1574200684974809,0.11852890861131822,-1.3281153968412478
2,False,Palm oil,oni,observable,24,seasonal_adjusted_log_return,18,-0.09173515681318678,0.08424646932736138,-1.0888902234789943
2,False,"Rubber, RSS3",oni,observable,24,seasonal_adjusted_log_return,18,0.04563390938974712,0.12303220910711013,0.37091026586394843
2,False,Coconut oil,oni,observable,24,market_adjusted_log_return,18,0.4133341124401705,0.10587844408743216,3.9038551803693675
2,False,Palm oil,oni,observable,24,market_adjusted_log_return,18,0.18652792884065955,0.06657874672676169,2.801613698229673
2,False,"Rubber, RSS3",oni,observable,24,market_adjusted_log_return,18,0.3815871988412154,0.11329750839303475,3.3680105083817926
3,False,Coconut oil,roni,retrospective,6,seasonal_adjusted_log_return,19,-0.13426595844190645,0.061870156423132656,-2.17012476134141
3,False,Palm oil,roni,retrospective,6,seasonal_adjusted_log_return,19,-0.03588419631510324,0.0581364612730191,-0.6172408077365548
3,False,"Rubber, RSS3",roni,retrospective,6,seasonal_adjusted_log_return,19,0.02370386204729157,0.050529469520425384,0.4691096556576717
3,False,Coconut oil,roni,retrospective,6,market_adjusted_log_return,19,0.00470257695240011,0.0584241572530439,0.08049028301824765
3,False,Palm oil,roni,retrospective,6,market_adjusted_log_return,19,0.021141947448541365,0.055502030583650074,0.3809220532332994
3,False,"Rubber, RSS3",roni,retrospective,6,market_adjusted_log_return,19,0.10584096363705926,0.047736964015661756,2.2171699817846497
3,False,Coconut oil,roni,retrospective,12,seasonal_adjusted_log_return,19,-0.19133617953207552,0.09138535283715894,-2.0937291764143056
3,False,Palm oil,roni,retrospective,12,seasonal_adjusted_log_return,19,-0.08988331880867952,0.0731684539869884,-1.2284435970816538
3,False,"Rubber, RSS3",roni,retrospective,12,seasonal_adjusted_log_return,19,0.059614410230813444,0.07205899514200875,0.8273000492628241
3,False,Coconut oil,roni,retrospective,12,market_adjusted_log_return,19,0.09196626852601672,0.08446184219582231,1.0888499011517605
3,False,Palm oil,roni,retrospective,12,market_adjusted_log_return,19,0.04129470935926965,0.06568432042898471,0.6286844271140151
3,False,"Rubber, RSS3",roni,retrospective,12,market_adjusted_log_return,19,0.22658892839248634,0.06771739564871472,3.3460963201821983
3,False,Coconut oil,roni,retrospective,18,seasonal_adjusted_log_return,19,-0.0958874049210818,0.09104177546919055,-1.0532242415849091
3,False,Palm oil,roni,retrospective,18,seasonal_adjusted_log_return,19,-0.026603995880626622,0.06041522881405895,-0.44035248070492666
3,False,"Rubber, RSS3",roni,retrospective,18,seasonal_adjusted_log_return,19,0.01070468022193667,0.09498125796848263,0.11270307901679692
3,False,Coconut oil,roni,retrospective,18,market_adjusted_log_return,19,0.35749908695267124,0.0825723785410217,4.32952390701773
3,False,Palm oil,roni,retrospective,18,market_adjusted_log_return,19,0.20453150116623145,0.049745994714485764,4.111516964132049
3,False,"Rubber, RSS3",roni,retrospective,18,market_adjusted_log_return,19,0.2772553661581962,0.08707094486658197,3.1842466690011473
3,False,Coconut oil,roni,retrospective,24,seasonal_adjusted_log_return,19,-0.013467328025120021,0.09096681612120175,-0.14804660203976486
3,False,Palm oil,roni,retrospective,24,seasonal_adjusted_log_return,19,0.0021535714583775178,0.08092023544275087,0.02661350954547232
3,False,"Rubber, RSS3",roni,retrospective,24,seasonal_adjusted_log_return,19,-0.02102951368392543,0.10527870206118763,-0.19975088286805764
3,False,Coconut oil,roni,retrospective,24,market_adjusted_log_return,19,0.5668902692877112,0.07504244367428783,7.554261848777556
3,False,Palm oil,roni,retrospective,24,market_adjusted_log_return,19,0.29004075459944995,0.06433981323026883,4.507951453968467
3,False,"Rubber, RSS3",roni,retrospective,24,market_adjusted_log_return,19,0.32042053863118447,0.09534918068098552,3.3604959826894722
3,False,Coconut oil,roni,observable,6,seasonal_adjusted_log_return,19,-0.0688872287696921,0.06725488673424544,-1.0242709803660333
3,False,Palm oil,roni,observable,6,seasonal_adjusted_log_return,19,-0.04388263470925441,0.050069519113435455,-0.8764341157308843
3,False,"Rubber, RSS3",roni,observable,6,seasonal_adjusted_log_return,19,0.032530939337754965,0.042757291786223665,0.7608278723638989
3,False,Coconut oil,roni,observable,6,market_adjusted_log_return,19,0.09966907058799278,0.06175806709991867,1.6138631804447137
3,False,Palm oil,roni,observable,6,market_adjusted_log_return,19,0.04279499074464995,0.04299281835130987,0.9953985894796801
3,False,"Rubber, RSS3",roni,observable,6,market_adjusted_log_return,19,0.13160336017416413,0.039262423371843616,3.3518909143173587
3,False,Coconut oil,roni,observable,12,seasonal_adjusted_log_return,19,0.026561545841301642,0.0906931941747808,0.29287253672103714
3,False,Palm oil,roni,observable,12,seasonal_adjusted_log_return,19,0.0193966882187985,0.05924627342927951,0.3273908567760256
3,False,"Rubber, RSS3",roni,observable,12,seasonal_adjusted_log_return,19,-0.016378790671121794,0.07313366689125454,-0.22395691843916554
3,False,Coconut oil,roni,observable,12,market_adjusted_log_return,19,0.3652018890146474,0.07815773030471607,4.672626592287455
3,False,Palm oil,roni,observable,12,market_adjusted_log_return,19,0.20603178255161173,0.04748625397497807,4.338766807341258
3,False,"Rubber, RSS3",roni,observable,12,market_adjusted_log_return,19,0.18226979793987397,0.06476086255114948,2.8145054089715607
3,False,Coconut oil,roni,observable,18,seasonal_adjusted_log_return,19,0.10898162273726343,0.10532278637660834,1.0347392666537703
3,False,Palm oil,roni,observable,18,seasonal_adjusted_log_return,19,0.04815425555780264,0.09659287897984746,0.4985280081345256
3,False,"Rubber, RSS3",roni,observable,18,seasonal_adjusted_log_return,19,-0.048112984576983896,0.08611544644006594,-0.5587033054571604
3,False,Coconut oil,roni,observable,18,market_adjusted_log_return,19,0.5745930713496873,0.08689608531056711,6.6124160748564025
3,False,Palm oil,roni,observable,18,market_adjusted_log_return,19,0.29154103598483017,0.08234703751640189,3.5403949526024054
3,False,"Rubber, RSS3",roni,observable,18,market_adjusted_log_return,19,0.22543497041286217,0.07706426434807259,2.925285439625434
3,False,Coconut oil,roni,observable,24,seasonal_adjusted_log_return,19,0.20991014421359222,0.11624710342446434,1.8057236527186997
3,False,Palm oil,roni,observable,24,seasonal_adjusted_log_return,19,0.08869692932129046,0.11038576483820227,0.8035178218069859
3,False,"Rubber, RSS3",roni,observable,24,seasonal_adjusted_log_return,19,0.05611480483178865,0.09226303384007133,0.6082046351202586
3,False,Coconut oil,roni,observable,24,market_adjusted_log_return,19,0.8054214516492939,0.09360181525971366,8.604763159929318
3,False,Palm oil,roni,observable,24,market_adjusted_log_return,19,0.3917704563443793,0.09381894601918878,4.175813873076879
3,False,"Rubber, RSS3",roni,observable,24,market_adjusted_log_return,19,0.4062384736803925,0.08053991957070174,5.043939401054122
3,False,Coconut oil,oni,retrospective,6,seasonal_adjusted_log_return,19,-0.14098747046697238,0.0647817734978545,-2.1763447163366365
3,False,Palm oil,oni,retrospective,6,seasonal_adjusted_log_return,19,-0.004950241487906634,0.057115647837088196,-0.08667049530850601
3,False,"Rubber, RSS3",oni,retrospective,6,seasonal_adjusted_log_return,19,0.059505092620797444,0.046697345727820826,1.2742714107912596
3,False,Coconut oil,oni,retrospective,6,market_adjusted_log_return,19,-0.0017037768692179918,0.061430092887885764,-0.02773521557793351
3,False,Palm oil,oni,retrospective,6,market_adjusted_log_return,19,0.052391739177459776,0.05637912736756075,0.9292754539440562
3,False,"Rubber, RSS3",oni,retrospective,6,market_adjusted_log_return,19,0.14182258313063337,0.045084611565169755,3.1456982373160516
3,False,Coconut oil,oni,retrospective,12,seasonal_adjusted_log_return,19,-0.19090216887029401,0.0894858594027044,-2.1333221823483393
3,False,Palm oil,oni,retrospective,12,seasonal_adjusted_log_return,19,-0.08451823369936139,0.0679148885855248,-1.2444728315048046
3,False,"Rubber, RSS3",oni,retrospective,12,seasonal_adjusted_log_return,19,0.0770304430314543,0.06978280632026572,1.103859920421168
3,False,Coconut oil,oni,retrospective,12,market_adjusted_log_return,19,0.08899108107178604,0.08684486442720707,1.0247132246533464
3,False,Palm oil,oni,retrospective,12,market_adjusted_log_return,19,0.043243254589449776,0.0650866974211966,0.6643946659270327
3,False,"Rubber, RSS3",oni,retrospective,12,market_adjusted_log_return,19,0.24205361878884227,0.06816867947063959,3.5508039860607146
3,False,Coconut oil,oni,retrospective,18,seasonal_adjusted_log_return,19,-0.08332891554065462,0.0996337327263174,-0.8363524406894374
3,False,Palm oil,oni,retrospective,18,seasonal_adjusted_log_return,19,-0.024507012121122346,0.0630188561137795,-0.3888837981583694
3,False,"Rubber, RSS3",oni,retrospective,18,seasonal_adjusted_log_return,19,0.05046362241612071,0.09413153263428967,0.5360968955235955
3,False,Coconut oil,oni,retrospective,18,market_adjusted_log_return,19,0.36327566876381273,0.09313384231330193,3.900576414980868
3,False,Palm oil,oni,retrospective,18,market_adjusted_log_return,19,0.19983197240912212,0.051602211370957364,3.872546681625181
3,False,"Rubber, RSS3",oni,retrospective,18,market_adjusted_log_return,19,0.31313250877032245,0.08769592554462835,3.570661998555106
3,False,Coconut oil,oni,retrospective,24,seasonal_adjusted_log_return,19,0.014313622749865987,0.0973061115204835,0.14709890803572895
3,False,Palm oil,oni,retrospective,24,seasonal_adjusted_log_return,19,0.015149266066506082,0.08100770569347986,0.18701018547332363
3,False,"Rubber, RSS3",oni,retrospective,24,seasonal_adjusted_log_return,19,0.07983651965868994,0.09326902370238785,0.8559810802077259
3,False,Coconut oil,oni,retrospective,24,market_adjusted_log_return,19,0.5786928735533855,0.0873954484711923,6.6215447563512075
3,False,Palm oil,oni,retrospective,24,market_adjusted_log_return,19,0.287023693071363,0.06779746206040997,4.233546276638123
3,False,"Rubber, RSS3",oni,retrospective,24,market_adjusted_log_return,19,0.4121409535518204,0.08782331585710865,4.692842094716475
3,False,Coconut oil,oni,observable,6,seasonal_adjusted_log_return,19,-0.04589746994358316,0.061337070433557364,-0.7482827206966305
3,False,Palm oil,oni,observable,6,seasonal_adjusted_log_return,19,-0.05971324740516452,0.04151666178971335,-1.4382959715696546
3,False,"Rubber, RSS3",oni,observable,6,seasonal_adjusted_log_return,19,0.021935240852398032,0.0431397224963925,0.5084696790581427
3,False,Coconut oil,oni,observable,6,market_adjusted_log_return,19,0.110285556676762,0.05998347579715809,1.8385989676508065
3,False,Palm oil,oni,observable,6,market_adjusted_log_return,19,0.01456445926900624,0.03849660253435259,0.3783310294982418
3,False,"Rubber, RSS3",oni,observable,6,market_adjusted_log_return,19,0.11392550015095075,0.04127557822930193,2.7601188169442517
3,False,Coconut oil,oni,observable,12,seasonal_adjusted_log_return,19,0.06167578338605619,0.09621565908093106,0.6410160671890017
3,False,Palm oil,oni,observable,12,seasonal_adjusted_log_return,19,0.000297974173074499,0.06760375920500411,0.004407656860780645
3,False,"Rubber, RSS3",oni,observable,12,seasonal_adjusted_log_return,19,-0.004631579762935568,0.07449009260330879,-0.062177124515077294
3,False,Coconut oil,oni,observable,12,market_adjusted_log_return,19,0.38457014436878867,0.08320408786782046,4.622010218773432
3,False,Palm oil,oni,observable,12,market_adjusted_log_return,19,0.17115317708867858,0.05715708599556822,2.994434970004406
3,False,"Rubber, RSS3",oni,observable,12,market_adjusted_log_return,19,0.18500439013243086,0.06588222677882155,2.80810772765049
3,False,Coconut oil,oni,observable,18,seasonal_adjusted_log_return,19,0.15931832167657684,0.10425024475868426,1.5282297134684213
3,False,Palm oil,oni,observable,18,seasonal_adjusted_log_return,19,0.03995425236070293,0.09730776365201983,0.4105967587908243
3,False,"Rubber, RSS3",oni,observable,18,seasonal_adjusted_log_return,19,0.02474131747963368,0.07893494600119569,0.3134393412932582
3,False,Coconut oil,oni,observable,18,market_adjusted_log_return,19,0.5999873491583616,0.08942060762827521,6.709721227264875
3,False,Palm oil,oni,observable,18,market_adjusted_log_return,19,0.2583448977509195,0.08606132003133118,3.001870034724861
3,False,"Rubber, RSS3",oni,observable,18,market_adjusted_log_return,19,0.28401283491392887,0.07157314886377777,3.9681478239064036
3,False,Coconut oil,oni,observable,24,seasonal_adjusted_log_return,19,0.2513622004585607,0.12440430009190707,2.0205266238615547
3,False,Palm oil,oni,observable,24,seasonal_adjusted_log_return,19,0.06658303254762162,0.10920412318238473,0.6097117087458274
3,False,"Rubber, RSS3",oni,observable,24,seasonal_adjusted_log_return,19,0.07851565041213039,0.08759321246254556,0.8963668325979403
3,False,Coconut oil,oni,observable,24,market_adjusted_log_return,19,0.844790716085033,0.10344536438689164,8.166540096716822
3,False,Palm oil,oni,observable,24,market_adjusted_log_return,19,0.36756928243572884,0.0921679031806804,3.988039976510784
3,False,"Rubber, RSS3",oni,observable,24,market_adjusted_log_return,19,0.4274471796905642,0.07409019393046289,5.769281425983895
4,False,Coconut oil,roni,retrospective,6,seasonal_adjusted_log_return,19,0.09068133971548369,0.06932256278239922,1.3081071454344355
4,False,Palm oil,roni,retrospective,6,seasonal_adjusted_log_return,19,0.056110568585143294,0.05233186931019849,1.0722064647174454
4,False,"Rubber, RSS3",roni,retrospective,6,seasonal_adjusted_log_return,19,-0.031427197678128294,0.0634227178788519,-0.4955195666347751
4,False,Coconut oil,roni,retrospective,6,market_adjusted_log_return,19,0.2785053862024862,0.05208163557484269,5.347477726621443
4,False,Palm oil,roni,retrospective,6,market_adjusted_log_return,19,0.16209743457255527,0.0384072650819801,4.220488863931321
4,False,"Rubber, RSS3",roni,retrospective,6,market_adjusted_log_return,19,0.07867361480025942,0.05258906144512383,1.4960072045087658
4,False,Coconut oil,roni,retrospective,12,seasonal_adjusted_log_return,19,0.17310141661144546,0.09569213551258264,1.808940888237197
4,False,Palm oil,roni,retrospective,12,seasonal_adjusted_log_return,19,0.08486813592414741,0.08789117955385863,0.9656046983888897
4,False,"Rubber, RSS3",roni,retrospective,12,seasonal_adjusted_log_return,19,-0.06316139158399037,0.07753178228724118,-0.8146516140953509
4,False,Coconut oil,roni,retrospective,12,market_adjusted_log_return,19,0.4878965685375263,0.07744677912081373,6.2997657756228715
4,False,Palm oil,roni,retrospective,12,market_adjusted_log_return,19,0.24760668800577365,0.07596273830058291,3.2595808622116724
4,False,"Rubber, RSS3",roni,retrospective,12,market_adjusted_log_return,19,0.1218387872732477,0.06795275468228068,1.792992614396813
4,False,Coconut oil,roni,retrospective,18,seasonal_adjusted_log_return,19,0.27402993808777426,0.11203210849008095,2.445994650828483
4,False,Palm oil,roni,retrospective,18,seasonal_adjusted_log_return,19,0.12541080968763527,0.10065447584902155,1.2459536312696855
4,False,"Rubber, RSS3",roni,retrospective,18,seasonal_adjusted_log_return,19,0.041066397824782164,0.08369800131597477,0.4906496831357925
4,False,Coconut oil,roni,retrospective,18,market_adjusted_log_return,19,0.718724948837133,0.09164507273863343,7.842483260250074
4,False,Palm oil,roni,retrospective,18,market_adjusted_log_return,19,0.3478361083653228,0.0879705616767888,3.9540057689219013
4,False,"Rubber, RSS3",roni,retrospective,18,market_adjusted_log_return,19,0.30264229054077796,0.07386021644276224,4.097500726596296
4,False,Coconut oil,roni,retrospective,24,seasonal_adjusted_log_return,19,0.3038207604492927,0.11022573854552771,2.7563504174100166
4,False,Palm oil,roni,retrospective,24,seasonal_adjusted_log_return,19,0.19512707878588284,0.11351745471723919,1.7189169654298997
4,False,"Rubber, RSS3",roni,retrospective,24,seasonal_adjusted_log_return,19,0.06045835538428407,0.09299640109115449,0.6501150009560388
4,False,Coconut oil,roni,retrospective,24,market_adjusted_log_return,19,0.8745964283851327,0.09482774688427066,9.223001253551923
4,False,Palm oil,roni,retrospective,24,market_adjusted_log_return,19,0.47341169771051506,0.09478029789848703,4.994832346038365
4,False,"Rubber, RSS3",roni,retrospective,24,market_adjusted_log_return,19,0.396423943472933,0.08454926835960845,4.688673848564203
4,False,Coconut oil,roni,observable,6,seasonal_adjusted_log_return,19,0.07955887544221088,0.06092785927527369,1.3057881302338519
4,False,Palm oil,roni,observable,6,seasonal_adjusted_log_return,19,0.03395815664812085,0.06276054485585515,0.541074917786549
4,False,"Rubber, RSS3",roni,observable,6,seasonal_adjusted_log_return,19,-0.02875535783544128,0.04924403192537975,-0.5839358945874846
4,False,Coconut oil,roni,observable,6,market_adjusted_log_return,19,0.23117323783617713,0.05774416805572506,4.003404077327553
4,False,Palm oil,roni,observable,6,market_adjusted_log_return,19,0.10365736040381862,0.061426550889235314,1.6875009080476313
4,False,"Rubber, RSS3",roni,observable,6,market_adjusted_log_return,19,0.06061990874854867,0.04533730609783592,1.3370866945145254
4,False,Coconut oil,roni,observable,12,seasonal_adjusted_log_return,19,0.1804873969185397,0.09158557413051545,1.970696789663985
4,False,Palm oil,roni,observable,12,seasonal_adjusted_log_return,19,0.07450083041160868,0.08178856181745232,0.9108954694409536
4,False,"Rubber, RSS3",roni,observable,12,seasonal_adjusted_log_return,19,0.07547243157333126,0.08335796837807656,0.9054015235954429
4,False,Coconut oil,roni,observable,12,market_adjusted_log_return,19,0.4620016181357839,0.08269024712883562,5.587135535052421
4,False,Palm oil,roni,observable,12,market_adjusted_log_return,19,0.20388678076336783,0.07459926749250234,2.7330936028810155
4,False,"Rubber, RSS3",roni,observable,12,market_adjusted_log_return,19,0.24142341201607898,0.07616883480761438,3.1695825809317038
4,False,Coconut oil,roni,observable,18,seasonal_adjusted_log_return,19,0.21027821928005813,0.10832990179459248,1.9410912019358502
4,False,Palm oil,roni,observable,18,seasonal_adjusted_log_return,19,0.14421709950985626,0.09865115938046247,1.4618895552323126
4,False,"Rubber, RSS3",roni,observable,18,seasonal_adjusted_log_return,19,0.09486438913283318,0.10419725211955887,0.9104308146627812
4,False,Coconut oil,roni,observable,18,market_adjusted_log_return,19,0.6178730976837837,0.09964764467173118,6.200579047495207
4,False,Palm oil,roni,observable,18,market_adjusted_log_return,19,0.32946237010855994,0.08521880485568165,3.8660759285055177
4,False,"Rubber, RSS3",roni,observable,18,market_adjusted_log_return,19,0.335205064948234,0.09605375544016934,3.4897653237205177
4,False,Coconut oil,roni,observable,24,seasonal_adjusted_log_return,19,0.21405776395692355,0.12235089442949021,1.7495398374899764
4,False,Palm oil,roni,observable,24,seasonal_adjusted_log_return,19,0.1053068871840829,0.10741170470068606,0.9804042071348886
4,False,"Rubber, RSS3",roni,observable,24,seasonal_adjusted_log_return,19,0.033445435161565853,0.12630001146640546,0.26480943883731956
4,False,Coconut oil,roni,observable,24,market_adjusted_log_return,19,0.7748439304612061,0.120032422014008,6.455288641686997
4,False,Palm oil,roni,observable,24,market_adjusted_log_return,19,0.37358049212471595,0.09891683177814246,3.7767130771293624
4,False,"Rubber, RSS3",roni,observable,24,market_adjusted_log_return,19,0.3636932746542885,0.1176428092043508,3.0915045051545573
4,False,Coconut oil,oni,retrospective,6,seasonal_adjusted_log_return,19,0.09878096834986176,0.07179374253177045,1.375899414996353
4,False,Palm oil,oni,retrospective,6,seasonal_adjusted_log_return,19,0.047912993125486476,0.05951965456418903,0.8049944757964727
4,False,"Rubber, RSS3",oni,retrospective,6,seasonal_adjusted_log_return,19,-0.01725231450625119,0.06688191017054787,-0.257951880594589
4,False,Coconut oil,oni,retrospective,6,market_adjusted_log_return,19,0.2869749015381336,0.05390029261308797,5.324180772043729
4,False,Palm oil,oni,retrospective,6,market_adjusted_log_return,19,0.15427054237114424,0.048164586688384886,3.2029869449361907
4,False,"Rubber, RSS3",oni,retrospective,6,market_adjusted_log_return,19,0.09306021215840736,0.05658775152007701,1.6445292427883467
4,False,Coconut oil,oni,retrospective,12,seasonal_adjusted_log_return,19,0.1964235066403824,0.08746948178386584,2.2456233035167434
4,False,Palm oil,oni,retrospective,12,seasonal_adjusted_log_return,19,0.0875692713131149,0.08781870865831838,0.9971596331918978
4,False,"Rubber, RSS3",oni,retrospective,12,seasonal_adjusted_log_return,19,0.012120582736318044,0.07086802548335626,0.1710303434256769
4,False,Coconut oil,oni,retrospective,12,market_adjusted_log_return,19,0.5023921063277065,0.0725702064783429,6.922842454329176
4,False,Palm oil,oni,retrospective,12,market_adjusted_log_return,19,0.2414622630333851,0.07808119123443477,3.0924510655633703
4,False,"Rubber, RSS3",oni,retrospective,12,market_adjusted_log_return,19,0.19206865693990538,0.06449837014270987,2.977883883188551
4,False,Coconut oil,oni,retrospective,18,seasonal_adjusted_log_return,19,0.2884673854223663,0.11413509524424287,2.5274205519788793
4,False,Palm oil,oni,retrospective,18,seasonal_adjusted_log_return,19,0.11419805150003356,0.10073007194903334,1.133703662574714
4,False,"Rubber, RSS3",oni,retrospective,18,seasonal_adjusted_log_return,19,0.06589491566881478,0.07871086249798014,0.8371768975407399
4,False,Coconut oil,oni,retrospective,18,market_adjusted_log_return,19,0.7471954732543779,0.09563153801514823,7.813274666104612
4,False,Palm oil,oni,retrospective,18,market_adjusted_log_return,19,0.3506866477181945,0.0861155437562496,4.072280478316604
4,False,"Rubber, RSS3",oni,retrospective,18,market_adjusted_log_return,19,0.3355030017165408,0.06955484785909899,4.823574661484233
4,False,Coconut oil,oni,retrospective,24,seasonal_adjusted_log_return,19,0.31874823168031696,0.11272654139652895,2.827623625558442
4,False,Palm oil,oni,retrospective,24,seasonal_adjusted_log_return,19,0.18545722754248337,0.12092878089363407,1.5336070220174212
4,False,"Rubber, RSS3",oni,retrospective,24,seasonal_adjusted_log_return,19,0.1110630724013774,0.08344305223728954,1.331004432646399
4,False,Coconut oil,oni,retrospective,24,market_adjusted_log_return,19,0.8954740907358459,0.10458971740142961,8.561779427119916
4,False,Palm oil,oni,retrospective,24,market_adjusted_log_return,19,0.4697048514193444,0.10813597581959666,4.343650185419822
4,False,"Rubber, RSS3",oni,retrospective,24,market_adjusted_log_return,19,0.4504344057269827,0.08051769487887298,5.594228776725352
4,False,Coconut oil,oni,observable,6,seasonal_adjusted_log_return,19,0.1204329694700309,0.05533589842316992,2.1763985568472117
4,False,Palm oil,oni,observable,6,seasonal_adjusted_log_return,19,0.05782736083292768,0.05179890900551327,1.1163818301032704
4,False,"Rubber, RSS3",oni,observable,6,seasonal_adjusted_log_return,19,0.0028445971152146533,0.040920633166058096,0.06951498291023815
4,False,Coconut oil,oni,observable,6,market_adjusted_log_return,19,0.2592074734881605,0.052234015039601414,4.962426749918446
4,False,Palm oil,oni,observable,6,market_adjusted_log_return,19,0.1146590553706974,0.04867010791993404,2.3558414039130566
4,False,"Rubber, RSS3",oni,observable,6,market_adjusted_log_return,19,0.08487063984620918,0.036929892181102326,2.2981556358195645
4,False,Coconut oil,oni,observable,12,seasonal_adjusted_log_return,19,0.21247684825201482,0.09204898290461958,2.3083019664886644
4,False,Palm oil,oni,observable,12,seasonal_adjusted_log_return,19,0.08445614101984635,0.06932933458440817,1.2181876766323403
4,False,"Rubber, RSS3",oni,observable,12,seasonal_adjusted_log_return,19,0.05661893004771137,0.07797088066854181,0.7261548101322765
4,False,Coconut oil,oni,observable,12,market_adjusted_log_return,19,0.5040108404148318,0.08456239972859726,5.96022395334632
4,False,Palm oil,oni,observable,12,market_adjusted_log_return,19,0.22388344005550673,0.0578878854657175,3.8675352926493662
4,False,"Rubber, RSS3",oni,observable,12,market_adjusted_log_return,19,0.22830498462284454,0.06864851648172374,3.3257089347826776
4,False,Coconut oil,oni,observable,18,seasonal_adjusted_log_return,19,0.24275769450996548,0.11300542432276944,2.1481950620051102
4,False,Palm oil,oni,observable,18,seasonal_adjusted_log_return,19,0.15571531706229616,0.09618925892993,1.6188430890784646
4,False,"Rubber, RSS3",oni,observable,18,seasonal_adjusted_log_return,19,0.10178708678027398,0.09550314111402046,1.0657983139921143
4,False,Coconut oil,oni,observable,18,market_adjusted_log_return,19,0.6522894578963,0.10851687502343312,6.010949520574056
4,False,Palm oil,oni,observable,18,market_adjusted_log_return,19,0.3429016437566566,0.08513041492618675,4.027956918264444
4,False,"Rubber, RSS3",oni,observable,18,market_adjusted_log_return,19,0.3432363886332864,0.08911485018095591,3.851618309813834
4,False,Coconut oil,oni,observable,24,seasonal_adjusted_log_return,19,0.24923367809341565,0.13157219579018226,1.8942731524437562
4,False,Palm oil,oni,observable,24,seasonal_adjusted_log_return,19,0.14314220993689594,0.09316154627543621,1.536494569483526
4,False,"Rubber, RSS3",oni,observable,24,seasonal_adjusted_log_return,19,0.0479570470755509,0.1241313474376197,0.38634114641872375
4,False,Coconut oil,oni,observable,24,market_adjusted_log_return,19,0.8085137959297466,0.1261645675071643,6.40840619442408
4,False,Palm oil,oni,observable,24,market_adjusted_log_return,19,0.40990652290948154,0.08188390955412381,5.005947140793768
4,False,"Rubber, RSS3",oni,observable,24,market_adjusted_log_return,19,0.37734286079896195,0.1139938658292697,3.310203211847504
5,False,Coconut oil,roni,retrospective,6,seasonal_adjusted_log_return,19,0.09392087208340565,0.05418903978401094,1.7332079043614648
5,False,Palm oil,roni,retrospective,6,seasonal_adjusted_log_return,19,0.0225391503190319,0.03937724055256006,0.5723902945648777
5,False,"Rubber, RSS3",roni,retrospective,6,seasonal_adjusted_log_return,19,0.08580329587995934,0.04733073696424546,1.8128451273593476
5,False,Coconut oil,roni,retrospective,6,market_adjusted_log_return,19,0.25232488688826155,0.04944258388713675,5.103391996345639
5,False,Palm oil,roni,retrospective,6,market_adjusted_log_return,19,0.09904262811158851,0.036295902786962826,2.728755052406735
5,False,"Rubber, RSS3",roni,retrospective,6,market_adjusted_log_return,19,0.17906479500570086,0.04570131420034059,3.918154174314015
5,False,Coconut oil,roni,retrospective,12,seasonal_adjusted_log_return,19,0.12371169444492405,0.08663095444387549,1.4280310685607371
5,False,Palm oil,roni,retrospective,12,seasonal_adjusted_log_return,19,0.09225541941727951,0.06311041352276621,1.461809775402591
5,False,"Rubber, RSS3",roni,retrospective,12,seasonal_adjusted_log_return,19,0.10519525343946126,0.07427001581977744,1.4163892693213715
5,False,Coconut oil,roni,retrospective,12,market_adjusted_log_return,19,0.4081963664362613,0.08536779047603145,4.781620376491644
5,False,Palm oil,roni,retrospective,12,market_adjusted_log_return,19,0.2246182174567806,0.05411609689937071,4.150672911138803
5,False,"Rubber, RSS3",roni,retrospective,12,market_adjusted_log_return,19,0.2728464479378559,0.07110938742647571,3.8369961802858774
5,False,Coconut oil,roni,retrospective,18,seasonal_adjusted_log_return,19,0.12749123912178947,0.11647106188425148,1.0946172985740423
5,False,Palm oil,roni,retrospective,18,seasonal_adjusted_log_return,19,0.05334520709150614,0.08460798002030127,0.6304985307379543
5,False,"Rubber, RSS3",roni,retrospective,18,seasonal_adjusted_log_return,19,0.04377629946819396,0.10010936804764593,0.43728474489379576
5,False,Coconut oil,roni,retrospective,18,market_adjusted_log_return,19,0.565167199213684,0.1185951422059979,4.765517277528935
5,False,Palm oil,roni,retrospective,18,market_adjusted_log_return,19,0.2687363394729366,0.07975957720527332,3.3693300402195345
5,False,"Rubber, RSS3",roni,retrospective,18,market_adjusted_log_return,19,0.30133465764391043,0.09489687617069018,3.17539069570533
5,False,Coconut oil,roni,retrospective,24,seasonal_adjusted_log_return,19,0.21882729353738775,0.12389389399770516,1.7662476049178097
5,False,Palm oil,roni,retrospective,24,seasonal_adjusted_log_return,19,0.09626822990503736,0.07876715675362556,1.2221874429992834
5,False,"Rubber, RSS3",roni,retrospective,24,seasonal_adjusted_log_return,19,0.04862619813921716,0.09301656992542598,0.5227692031452263
5,False,Coconut oil,roni,retrospective,24,market_adjusted_log_return,19,0.7718545001594702,0.12217054825486978,6.3178442855903585
5,False,Palm oil,roni,retrospective,24,market_adjusted_log_return,19,0.3567661659182286,0.07071618124169075,5.045042869310043
5,False,"Rubber, RSS3",roni,retrospective,24,market_adjusted_log_return,19,0.3744329969777834,0.08509959710415362,4.3999385393037045
5,False,Coconut oil,roni,observable,6,seasonal_adjusted_log_return,19,0.03361922767439028,0.07374285530901592,0.45589810068393083
5,False,Palm oil,roni,observable,6,seasonal_adjusted_log_return,19,0.08712090926845142,0.043032495369672984,2.0245377015679553
5,False,"Rubber, RSS3",roni,observable,6,seasonal_adjusted_log_return,19,0.032204986779034994,0.044504087258890955,0.7236411027079571
5,False,Coconut oil,roni,observable,6,market_adjusted_log_return,19,0.18624414255384028,0.07053448653488321,2.640469247078622
5,False,Palm oil,roni,observable,6,market_adjusted_log_return,19,0.1578328417507084,0.038817544740215114,4.066018157691283
5,False,"Rubber, RSS3",roni,observable,6,market_adjusted_log_return,19,0.12215866912226707,0.04040686017449512,3.0232160725859574
5,False,Coconut oil,roni,observable,12,seasonal_adjusted_log_return,19,0.037398772351255695,0.12692274091909891,0.2946577743313456
5,False,Palm oil,roni,observable,12,seasonal_adjusted_log_return,19,0.04821069694267803,0.08559090146259118,0.5632689470357928
5,False,"Rubber, RSS3",roni,observable,12,seasonal_adjusted_log_return,19,-0.029213967192232324,0.07074836434264725,-0.4129278106097795
5,False,Coconut oil,roni,observable,12,market_adjusted_log_return,19,0.343214975331263,0.1200707239504936,2.85844012627736
5,False,Palm oil,roni,observable,12,market_adjusted_log_return,19,0.20195096376686444,0.0774865715251548,2.6062704774762713
5,False,"Rubber, RSS3",roni,observable,12,market_adjusted_log_return,19,0.1506468788283215,0.0638992611022462,2.3575684011004308
5,False,Coconut oil,roni,observable,18,seasonal_adjusted_log_return,19,0.128734826766854,0.1401214704072668,0.9187373383442435
5,False,Palm oil,roni,observable,18,seasonal_adjusted_log_return,19,0.09113371975620929,0.08251398789391774,1.1044638864549041
5,False,"Rubber, RSS3",roni,observable,18,seasonal_adjusted_log_return,19,-0.024364068521209127,0.066407288987156,-0.3668884680102126
5,False,Coconut oil,roni,observable,18,market_adjusted_log_return,19,0.5499022762770491,0.12902884810125612,4.261855270113783
5,False,Palm oil,roni,observable,18,market_adjusted_log_return,19,0.2899807902121564,0.07256422844385665,3.99619477021679
5,False,"Rubber, RSS3",roni,observable,18,market_adjusted_log_return,19,0.22374521816219453,0.056811345063788564,3.9383897337929654
5,False,Coconut oil,roni,observable,24,seasonal_adjusted_log_return,19,0.07596151199842911,0.12389880974382844,0.6130931536427682
5,False,Palm oil,roni,observable,24,seasonal_adjusted_log_return,19,0.07360899484152984,0.08027013603810533,0.9170159473329739
5,False,"Rubber, RSS3",roni,observable,24,seasonal_adjusted_log_return,19,0.0003326991423256088,0.06329298362429667,0.005256493267887178
5,False,Coconut oil,roni,observable,24,market_adjusted_log_return,19,0.623083944533266,0.11604786814097671,5.369197681221805
5,False,Palm oil,roni,observable,24,market_adjusted_log_return,19,0.3281894407412473,0.08389453565914615,3.9119286871631695
5,False,"Rubber, RSS3",roni,observable,24,market_adjusted_log_return,19,0.322759748352952,0.05788773412552334,5.57561551214083
5,False,Coconut oil,oni,retrospective,6,seasonal_adjusted_log_return,19,0.08477893445794353,0.05602496774237083,1.5132348642804574
5,False,Palm oil,oni,retrospective,6,seasonal_adjusted_log_return,19,0.02641550185906733,0.03639438122594276,0.7258126383596197
5,False,"Rubber, RSS3",oni,retrospective,6,seasonal_adjusted_log_return,19,0.07109969055107423,0.05256803098019596,1.35252717717085
5,False,Coconut oil,oni,retrospective,6,market_adjusted_log_return,19,0.25586992368029887,0.04865952536510054,5.258372780261709
5,False,Palm oil,oni,retrospective,6,market_adjusted_log_return,19,0.11563327567314481,0.029154826442535708,3.9661795243768134
5,False,"Rubber, RSS3",oni,retrospective,6,market_adjusted_log_return,19,0.1716229064560987,0.04850798080477059,3.5380344349278747
5,False,Coconut oil,oni,retrospective,12,seasonal_adjusted_log_return,19,0.11505978071589422,0.08820789160909784,1.3044159498312604
5,False,Palm oil,oni,retrospective,12,seasonal_adjusted_log_return,19,0.09767467790151714,0.06663670993384888,1.4657788176889295
5,False,"Rubber, RSS3",oni,retrospective,12,seasonal_adjusted_log_return,19,0.11626784728363687,0.07473918699367416,1.555647739297427
5,False,Coconut oil,oni,retrospective,12,market_adjusted_log_return,19,0.4041485411617671,0.08581834024825462,4.709349306834057
5,False,Palm oil,oni,retrospective,12,market_adjusted_log_return,19,0.23465147937429465,0.05944167878712681,3.9475917262470173
5,False,"Rubber, RSS3",oni,retrospective,12,market_adjusted_log_return,19,0.2865543104665406,0.0729611340335863,3.9274925515087347
5,False,Coconut oil,oni,retrospective,18,seasonal_adjusted_log_return,19,0.12153576429934436,0.1252228176163404,0.9705560584949262
5,False,Palm oil,oni,retrospective,18,seasonal_adjusted_log_return,19,0.08510157077611691,0.08230713227042409,1.0339513530432765
5,False,"Rubber, RSS3",oni,retrospective,18,seasonal_adjusted_log_return,19,0.06243780757891378,0.10618653034330588,0.5880012029496539
5,False,Coconut oil,oni,retrospective,18,market_adjusted_log_return,19,0.5603728791952137,0.11972640072219415,4.680445380592947
5,False,Palm oil,oni,retrospective,18,market_adjusted_log_return,19,0.3016563585271196,0.07304942942269345,4.129482747655896
5,False,"Rubber, RSS3",oni,retrospective,18,market_adjusted_log_return,19,0.32066078263221603,0.09901990323146811,3.2383467582536616
5,False,Coconut oil,oni,retrospective,24,seasonal_adjusted_log_return,18,0.21199980931047582,0.1313192534732394,1.6143848194634898
5,False,Palm oil,oni,retrospective,24,seasonal_adjusted_log_return,18,0.13294663017599267,0.07629396904085733,1.7425575290859021
5,False,"Rubber, RSS3",oni,retrospective,24,seasonal_adjusted_log_return,18,0.05508716360801184,0.10081064355718637,0.5464419397021586
5,False,Coconut oil,oni,retrospective,24,market_adjusted_log_return,18,0.7767294803682842,0.12623709760581178,6.152941529071756
5,False,Palm oil,oni,retrospective,24,market_adjusted_log_return,18,0.40517223207080744,0.06705718179314918,6.042189982284663
5,False,"Rubber, RSS3",oni,retrospective,24,market_adjusted_log_return,18,0.38759216956479037,0.09097629982618685,4.2603641861154795
5,False,Coconut oil,oni,observable,6,seasonal_adjusted_log_return,19,0.03643117374796919,0.06908699252786674,0.527323196667946
5,False,Palm oil,oni,observable,6,seasonal_adjusted_log_return,19,0.09295091022176158,0.05104243214539107,1.8210517468485223
5,False,"Rubber, RSS3",oni,observable,6,seasonal_adjusted_log_return,19,0.046918244444983326,0.046842791007938145,1.0016107801311924
5,False,Coconut oil,oni,observable,6,market_adjusted_log_return,19,0.19038734648976954,0.06714843963581506,2.835320485812486
5,False,Palm oil,oni,observable,6,market_adjusted_log_return,19,0.1649969674516458,0.04914405497167892,3.3574145956562074
5,False,"Rubber, RSS3",oni,observable,6,market_adjusted_log_return,19,0.13763390653519492,0.04395984460824229,3.130900660858777
5,False,Coconut oil,oni,observable,12,seasonal_adjusted_log_return,19,0.04290715733141936,0.12968917450917986,0.33084609793998065
5,False,Palm oil,oni,observable,12,seasonal_adjusted_log_return,19,0.08037780309636137,0.07945518409825739,1.0116118162530847
5,False,"Rubber, RSS3",oni,observable,12,seasonal_adjusted_log_return,19,-0.006911795259739769,0.0787320765000605,-0.08778880942806655
5,False,Coconut oil,oni,observable,12,market_adjusted_log_return,19,0.3466116845232162,0.1191196014322655,2.9097787463661775
5,False,Palm oil,oni,observable,12,market_adjusted_log_return,19,0.2320018466044707,0.06674182845508027,3.4761086409344717
5,False,"Rubber, RSS3",oni,observable,12,market_adjusted_log_return,19,0.17174037870087036,0.06988868602319913,2.457341645310976
5,False,Coconut oil,oni,observable,18,seasonal_adjusted_log_return,18,0.14369342214380618,0.1459580920093873,0.9844841088671159
5,False,Palm oil,oni,observable,18,seasonal_adjusted_log_return,18,0.13006566046406098,0.07823374735787345,1.6625262735924815
5,False,"Rubber, RSS3",oni,observable,18,seasonal_adjusted_log_return,18,-0.0261802162605212,0.07595046960788708,-0.34470117690756863
5,False,Coconut oil,oni,observable,18,market_adjusted_log_return,18,0.5733832823260615,0.13069711451950536,4.387115082334042
5,False,Palm oil,oni,observable,18,market_adjusted_log_return,18,0.3374534947408986,0.06112397220957833,5.520804400339978
5,False,"Rubber, RSS3",oni,observable,18,market_adjusted_log_return,18,0.2268070918124328,0.06401423884934747,3.543072539629904
5,False,Coconut oil,oni,observable,24,seasonal_adjusted_log_return,18,0.16361604863848556,0.12944143570074948,1.2640160220158791
5,False,Palm oil,oni,observable,24,seasonal_adjusted_log_return,18,0.15921651685718521,0.08653569388669997,1.839894148946737
5,False,"Rubber, RSS3",oni,observable,24,seasonal_adjusted_log_return,18,0.05285067675120287,0.0765546568822288,0.6903652750022512
5,False,Coconut oil,oni,observable,24,market_adjusted_log_return,18,0.7073112075145309,0.11492898584289796,6.154332628336155
5,False,Palm oil,oni,observable,24,market_adjusted_log_return,18,0.41036230840901267,0.07356308771267145,5.578372539388754
5,False,"Rubber, RSS3",oni,observable,24,market_adjusted_log_return,18,0.3733160375547879,0.06676555328558467,5.591446774326222
6,False,Coconut oil,roni,retrospective,6,seasonal_adjusted_log_return,19,-0.007723058035666042,0.08075920903936112,-0.0956306794919439
6,False,Palm oil,roni,retrospective,6,seasonal_adjusted_log_return,19,-0.02902143800789918,0.07696995665781418,-0.377048906717201
6,False,"Rubber, RSS3",roni,retrospective,6,seasonal_adjusted_log_return,19,-0.05582042765109149,0.05863868737356398,-0.9519385605527206
6,False,Coconut oil,roni,retrospective,6,market_adjusted_log_return,19,0.1658985239692616,0.0697759096569077,2.3775902712697623
6,False,Palm oil,roni,retrospective,6,market_adjusted_log_return,19,0.06273237826112076,0.06900986161827792,0.9090349812338341
6,False,"Rubber, RSS3",roni,retrospective,6,market_adjusted_log_return,19,0.04615123825201837,0.05102807784409708,0.9044283108805584
6,False,Coconut oil,roni,retrospective,12,seasonal_adjusted_log_return,19,0.08361299637993228,0.10032590931473813,0.8334137906253626
6,False,Palm oil,roni,retrospective,12,seasonal_adjusted_log_return,19,0.013901584805632045,0.07747460900674565,0.17943407503252642
6,False,"Rubber, RSS3",roni,retrospective,12,seasonal_adjusted_log_return,19,-0.050970528980068285,0.0572039261715717,-0.8910320041179063
6,False,Coconut oil,roni,retrospective,12,market_adjusted_log_return,19,0.37258582491504777,0.08761691458078859,4.252441742530194
6,False,Palm oil,roni,retrospective,12,market_adjusted_log_return,19,0.15076220470641266,0.06972630857623256,2.1621997175081002
6,False,"Rubber, RSS3",roni,retrospective,12,market_adjusted_log_return,19,0.11924957758589139,0.049211195795438194,2.4232204818104757
6,False,Coconut oil,roni,retrospective,18,seasonal_adjusted_log_return,19,0.030839681611507415,0.10072844347779578,0.30616656573578055
6,False,Palm oil,roni,retrospective,18,seasonal_adjusted_log_return,19,-0.0036231401090473813,0.08043280130348847,-0.04504555418101845
6,False,"Rubber, RSS3",roni,retrospective,18,seasonal_adjusted_log_return,19,-0.02627376131653356,0.06513339691870212,-0.4033838638775099
6,False,Coconut oil,roni,retrospective,18,market_adjusted_log_return,19,0.4457674931712644,0.09628287527505709,4.629769228409658
6,False,Palm oil,roni,retrospective,18,market_adjusted_log_return,19,0.1889708552355036,0.08537176883642571,2.2135052115129086
6,False,"Rubber, RSS3",roni,retrospective,18,market_adjusted_log_return,19,0.21826410777664873,0.06260560837807937,3.4863347458990814
6,False,Coconut oil,roni,retrospective,24,seasonal_adjusted_log_return,18,0.023823220788727638,0.10883596627821945,0.21889106701940683
6,False,Palm oil,roni,retrospective,24,seasonal_adjusted_log_return,18,-0.0296948307239284,0.08995877420355215,-0.33009376780454014
6,False,"Rubber, RSS3",roni,retrospective,24,seasonal_adjusted_log_return,18,-0.0077847376960132175,0.08390398426827035,-0.0927815021408601
6,False,Coconut oil,roni,retrospective,24,market_adjusted_log_return,18,0.579680963003965,0.11217881820448627,5.167472543232607
6,False,Palm oil,roni,retrospective,24,market_adjusted_log_return,18,0.2336397364864681,0.09262394684498905,2.5224549853989298
6,False,"Rubber, RSS3",roni,retrospective,24,market_adjusted_log_return,18,0.31964219113846604,0.07868985750256013,4.062050704921745
6,False,Coconut oil,roni,observable,6,seasonal_adjusted_log_return,19,0.09296091307640754,0.060308766761923954,1.5414162495376804
6,False,Palm oil,roni,observable,6,seasonal_adjusted_log_return,19,0.03096176909423352,0.03998452974255496,0.774343709769365
6,False,"Rubber, RSS3",roni,observable,6,seasonal_adjusted_log_return,19,0.010267658218517745,0.03763799316560647,0.2728003635406447
6,False,Coconut oil,roni,observable,6,market_adjusted_log_return,19,0.2278963078883369,0.059845490040761305,3.8080782316781874
6,False,Palm oil,roni,observable,6,market_adjusted_log_return,19,0.08394608684221101,0.039519015949836866,2.124194766103672
6,False,"Rubber, RSS3",roni,observable,6,market_adjusted_log_return,19,0.09009628785299735,0.033827777328540434,2.663381840845431
6,False,Coconut oil,roni,observable,12,seasonal_adjusted_log_return,19,0.04018759830798266,0.08116193986801187,0.49515325007432065
6,False,Palm oil,roni,observable,12,seasonal_adjusted_log_return,19,0.01343704417955407,0.06577949449417446,0.20427405657159736
6,False,"Rubber, RSS3",roni,observable,12,seasonal_adjusted_log_return,19,0.03496442588205248,0.07878873218504401,0.4437744448017602
6,False,Coconut oil,roni,observable,12,market_adjusted_log_return,19,0.30107797614455367,0.08762432208767498,3.4360091920973908
6,False,Palm oil,roni,observable,12,market_adjusted_log_return,19,0.12215473737130199,0.07367584006183332,1.6580026406048738
6,False,"Rubber, RSS3",roni,observable,12,market_adjusted_log_return,19,0.18911081804375476,0.07377671154851213,2.5632860841107603
6,False,Coconut oil,roni,observable,18,seasonal_adjusted_log_return,18,0.048380941934480476,0.12040652372627254,0.40181329414067135
6,False,Palm oil,roni,observable,18,seasonal_adjusted_log_return,18,-0.009581628913705512,0.08367423765589904,-0.11451109902081082
6,False,"Rubber, RSS3",roni,observable,18,seasonal_adjusted_log_return,18,0.048790549696984396,0.09810970215158649,0.4973060627745003
6,False,Coconut oil,roni,observable,18,market_adjusted_log_return,18,0.44924375803176747,0.1258572253693591,3.5694713331980013
6,False,Palm oil,roni,observable,18,market_adjusted_log_return,18,0.16891708177380918,0.08477622283412448,1.9925053998255744
6,False,"Rubber, RSS3",roni,observable,18,market_adjusted_log_return,18,0.28527795615114077,0.09104259911607168,3.1334557550079967
6,False,Coconut oil,roni,observable,24,seasonal_adjusted_log_return,18,0.03209614530120243,0.1425088268248499,0.22522215652403144
6,False,Palm oil,roni,observable,24,seasonal_adjusted_log_return,18,-0.0057977568077365715,0.11505453128393767,-0.05039138174774325
6,False,"Rubber, RSS3",roni,observable,24,seasonal_adjusted_log_return,18,0.149219323390105,0.12302586616663808,1.2129101630382995
6,False,Coconut oil,roni,observable,24,market_adjusted_log_return,18,0.5510492555866563,0.13717876362156256,4.017015761323272
6,False,Palm oil,roni,observable,24,market_adjusted_log_return,18,0.2205527037528241,0.1042568351392762,2.115474764394956
6,False,"Rubber, RSS3",roni,observable,24,market_adjusted_log_return,18,0.45552293502547947,0.11078817197182483,4.111656749254118
6,False,Coconut oil,oni,retrospective,6,seasonal_adjusted_log_return,19,0.02631771053653537,0.08489357231042027,0.31000828237387057
6,False,Palm oil,oni,retrospective,6,seasonal_adjusted_log_return,19,0.0060690112363414065,0.06331642905642823,0.09585207704832253
6,False,"Rubber, RSS3",oni,retrospective,6,seasonal_adjusted_log_return,19,-0.03044072141965747,0.06713852908962616,-0.45340167311411933
6,False,Coconut oil,oni,retrospective,6,market_adjusted_log_return,19,0.1999297218923533,0.07177843571538241,2.785373070613011
6,False,Palm oil,oni,retrospective,6,market_adjusted_log_return,19,0.0978132362457044,0.047082464721725475,2.0774875916929214
6,False,"Rubber, RSS3",oni,retrospective,6,market_adjusted_log_return,19,0.07152546647577762,0.05571375616804903,1.2838026260522777
6,False,Coconut oil,oni,retrospective,12,seasonal_adjusted_log_return,18,0.13503203400489522,0.10899145277410219,1.2389231501002675
6,False,Palm oil,oni,retrospective,12,seasonal_adjusted_log_return,18,0.05280626956359909,0.07254502233393728,0.7279103081741805
6,False,"Rubber, RSS3",oni,retrospective,12,seasonal_adjusted_log_return,18,-0.05491079935429652,0.06270903904755779,-0.8756440887676946
6,False,Coconut oil,oni,retrospective,12,market_adjusted_log_return,18,0.4365836040364705,0.09246992143930041,4.721358007458187
6,False,Palm oil,oni,retrospective,12,market_adjusted_log_return,18,0.2022727194835198,0.058361828355456474,3.465839319693084
6,False,"Rubber, RSS3",oni,retrospective,12,market_adjusted_log_return,18,0.12250907408918683,0.050223477158508924,2.4392790189046316
6,False,Coconut oil,oni,retrospective,18,seasonal_adjusted_log_return,18,0.15495466049957457,0.1091324341856668,1.4198772496538519
6,False,Palm oil,oni,retrospective,18,seasonal_adjusted_log_return,18,0.08195712595672333,0.08576677834859574,0.9555812580905368
6,False,"Rubber, RSS3",oni,retrospective,18,seasonal_adjusted_log_return,18,0.02412009365742754,0.06100150031913513,0.39540164637330205
6,False,Coconut oil,oni,retrospective,18,market_adjusted_log_return,18,0.5705115292249396,0.09771869739203369,5.8383046893894575
6,False,Palm oil,oni,retrospective,18,market_adjusted_log_return,18,0.2751815331516338,0.07816896694554926,3.520342456915403
6,False,"Rubber, RSS3",oni,retrospective,18,market_adjusted_log_return,18,0.2690180198315419,0.05464805177902952,4.922737610470024
6,False,Coconut oil,oni,retrospective,24,seasonal_adjusted_log_return,17,0.12350227969658549,0.10390334859214294,1.188626558912699
6,False,Palm oil,oni,retrospective,24,seasonal_adjusted_log_return,17,0.03381417740754151,0.09033609695823593,0.37431523550518725
6,False,"Rubber, RSS3",oni,retrospective,24,seasonal_adjusted_log_return,17,0.009381077059675075,0.08601838819571588,0.10905897281323737
6,False,Coconut oil,oni,retrospective,24,market_adjusted_log_return,17,0.6772263622212616,0.10355959112439059,6.539484705070063
6,False,Palm oil,oni,retrospective,24,market_adjusted_log_return,17,0.2950104900568219,0.08489141456294949,3.4751510688759097
6,False,"Rubber, RSS3",oni,retrospective,24,market_adjusted_log_return,17,0.3355867507811263,0.08080590964942957,4.152997624023348
6,False,Coconut oil,oni,observable,6,seasonal_adjusted_log_return,18,0.10590255513094167,0.06429550968396214,1.6471221031063386
6,False,Palm oil,oni,observable,6,seasonal_adjusted_log_return,18,0.046795464636899896,0.04656189877317943,1.0050162443945478
6,False,"Rubber, RSS3",oni,observable,6,seasonal_adjusted_log_return,18,-0.02430309995521834,0.0392582492100317,-0.6190571521719349
6,False,Coconut oil,oni,observable,6,market_adjusted_log_return,18,0.24883389034640954,0.06324187495738955,3.9346380940487022
6,False,Palm oil,oni,observable,6,market_adjusted_log_return,18,0.10779294217503205,0.045052939922329276,2.392583977002739
6,False,"Rubber, RSS3",oni,observable,6,market_adjusted_log_return,18,0.06010221224231839,0.03603864825480632,1.667715498577359
6,False,Coconut oil,oni,observable,12,seasonal_adjusted_log_return,18,0.125825181625621,0.08152499667846598,1.5433938884030214
6,False,Palm oil,oni,observable,12,seasonal_adjusted_log_return,18,0.07594632103002413,0.07192049843370193,1.055976010789654
6,False,"Rubber, RSS3",oni,observable,12,seasonal_adjusted_log_return,18,0.054727793056505734,0.08184295029802452,0.6686928178568695
6,False,Coconut oil,oni,observable,12,market_adjusted_log_return,18,0.3827618155348788,0.0839358585518178,4.5601703746031355
6,False,Palm oil,oni,observable,12,market_adjusted_log_return,18,0.18070175584314607,0.07121289188175935,2.537486557113565
6,False,"Rubber, RSS3",oni,observable,12,market_adjusted_log_return,18,0.20661115798467344,0.07744471983552838,2.6678533852722253
6,False,Coconut oil,oni,observable,18,seasonal_adjusted_log_return,17,0.10331203160897946,0.11551755457101213,0.8943405354505702
6,False,Palm oil,oni,observable,18,seasonal_adjusted_log_return,17,0.03393474437730322,0.09223047580215227,0.3679341788293293
6,False,"Rubber, RSS3",oni,observable,18,seasonal_adjusted_log_return,17,0.04063871619940103,0.11388195942890755,0.35684946415740526
6,False,Coconut oil,oni,observable,18,market_adjusted_log_return,17,0.49719904788872615,0.11862139857114751,4.191478551743031
6,False,Palm oil,oni,observable,18,market_adjusted_log_return,17,0.205442632749866,0.08845532318305292,2.322558161081102
6,False,"Rubber, RSS3",oni,observable,18,market_adjusted_log_return,17,0.2731333438461784,0.10807692827531279,2.527212312607595
6,False,Coconut oil,oni,observable,24,seasonal_adjusted_log_return,17,0.09959152620246982,0.15657152777657052,0.6360768628673544
6,False,Palm oil,oni,observable,24,seasonal_adjusted_log_return,17,0.052470043092517585,0.12323364325884159,0.4257769364353597
6,False,"Rubber, RSS3",oni,observable,24,seasonal_adjusted_log_return,17,0.13534365045968502,0.14577099733758742,0.9284676165468364
6,False,Coconut oil,oni,observable,24,market_adjusted_log_return,17,0.6172266917534669,0.14569737300029792,4.236361157673068
6,False,Palm oil,oni,observable,24,market_adjusted_log_return,17,0.2774997207033803,0.10813117888521996,2.5663247507727918
6,False,"Rubber, RSS3",oni,observable,24,market_adjusted_log_return,17,0.4408929024599386,0.1336922718541358,3.2978189116344163
7,False,Coconut oil,roni,retrospective,6,seasonal_adjusted_log_return,20,-0.02259421799635048,0.05787504698697572,-0.39039653827728404
7,False,Palm oil,roni,retrospective,6,seasonal_adjusted_log_return,20,0.006717916297958283,0.05535174730441436,0.12136773679450806
7,False,"Rubber, RSS3",roni,retrospective,6,seasonal_adjusted_log_return,20,0.024161708780110102,0.053165220969194966,0.4544645604710248
7,False,Coconut oil,roni,retrospective,6,market_adjusted_log_return,20,0.12562783322200538,0.06228556909804078,2.0169653266595433
7,False,Palm oil,roni,retrospective,6,market_adjusted_log_return,20,0.07301750348121835,0.05975654332377741,1.2219164533261138
7,False,"Rubber, RSS3",roni,retrospective,6,market_adjusted_log_return,20,0.11159529863536788,0.05068818586160153,2.2016037216259123
7,False,Coconut oil,roni,retrospective,12,seasonal_adjusted_log_return,19,-0.013101366583642629,0.11110562076439136,-0.11791812595534801
7,False,Palm oil,roni,retrospective,12,seasonal_adjusted_log_return,19,-0.01489097480551844,0.06962016146624334,-0.21388882892405547
7,False,"Rubber, RSS3",roni,retrospective,12,seasonal_adjusted_log_return,19,0.020153887679082005,0.07988294185245355,0.2522927575239643
7,False,Coconut oil,roni,retrospective,12,market_adjusted_log_return,19,0.2782238554316483,0.10818367104366096,2.571773103533917
7,False,Palm oil,roni,retrospective,12,market_adjusted_log_return,19,0.12432710449273611,0.06707835461046989,1.853460855065914
7,False,"Rubber, RSS3",roni,retrospective,12,market_adjusted_log_return,19,0.19172044727980958,0.07477568734385415,2.5639409558107817
7,False,Coconut oil,roni,retrospective,18,seasonal_adjusted_log_return,19,-0.0326736271740774,0.14893965868177816,-0.21937492984247597
7,False,Palm oil,roni,retrospective,18,seasonal_adjusted_log_return,19,-0.010213604086389494,0.1006490667282104,-0.10147738492171011
7,False,"Rubber, RSS3",roni,retrospective,18,seasonal_adjusted_log_return,19,0.12093819381084583,0.10673540144268996,1.1330654326135818
7,False,Coconut oil,roni,retrospective,18,market_adjusted_log_return,19,0.37801303678719583,0.1373529560403614,2.7521288779261224
7,False,Palm oil,roni,retrospective,18,market_adjusted_log_return,19,0.17813011027992381,0.09152839152543832,1.9461732836244199
7,False,"Rubber, RSS3",roni,retrospective,18,market_adjusted_log_return,19,0.36304853277226995,0.09694688963501112,3.7448187779833595
7,False,Coconut oil,roni,retrospective,24,seasonal_adjusted_log_return,19,-0.10883572670258534,0.15545225345363867,-0.7001231843515474
7,False,Palm oil,roni,retrospective,24,seasonal_adjusted_log_return,19,-0.03712427443920605,0.10732815228672883,-0.3458950298522607
7,False,"Rubber, RSS3",roni,retrospective,24,seasonal_adjusted_log_return,19,0.10202566032175255,0.11180986257398269,0.9124924937122062
7,False,Coconut oil,roni,retrospective,24,market_adjusted_log_return,19,0.4475589592051018,0.13763390297631728,3.2518075090997995
7,False,Palm oil,roni,retrospective,24,market_adjusted_log_return,19,0.22674839278054168,0.09372641387842175,2.4192581727779627
7,False,"Rubber, RSS3",roni,retrospective,24,market_adjusted_log_return,19,0.42975992271683355,0.09818678305399149,4.376963063149903
7,False,Coconut oil,roni,observable,6,seasonal_adjusted_log_return,19,-4.957642037346265e-05,0.06770505485231527,-0.0007322410487902781
7,False,Palm oil,roni,observable,6,seasonal_adjusted_log_return,19,-0.024402265357441846,0.0510326525841852,-0.4781696447619892
7,False,"Rubber, RSS3",roni,observable,6,seasonal_adjusted_log_return,19,0.003146774543695613,0.056690445508533804,0.05550802283291138
7,False,Coconut oil,roni,observable,6,market_adjusted_log_return,19,0.16194513665046206,0.061291689824080536,2.6422038145020497
7,False,Palm oil,roni,observable,6,market_adjusted_log_return,19,0.05569964332772034,0.0453587496682443,1.2279801302970155
7,False,"Rubber, RSS3",roni,observable,6,market_adjusted_log_return,19,0.09846350236221679,0.05283741992664711,1.8635183644264093
7,False,Coconut oil,roni,observable,12,seasonal_adjusted_log_return,19,-0.01962183701080822,0.12001598847118357,-0.16349352499412625
7,False,Palm oil,roni,observable,12,seasonal_adjusted_log_return,19,-0.019724894638312923,0.09039407940971154,-0.21821002843460305
7,False,"Rubber, RSS3",roni,observable,12,seasonal_adjusted_log_return,19,0.10393108067545938,0.08441406330095959,1.2312057566156507
7,False,Coconut oil,roni,observable,12,market_adjusted_log_return,19,0.26173431800600966,0.10569113691430272,2.4764074419809776
7,False,Palm oil,roni,observable,12,market_adjusted_log_return,19,0.10950264911490806,0.07793935186474285,1.4049725394809627
7,False,"Rubber, RSS3",roni,observable,12,market_adjusted_log_return,19,0.26979158785467705,0.0766838900988012,3.5182303285223493
7,False,Coconut oil,roni,observable,18,seasonal_adjusted_log_return,19,-0.09578393653931618,0.13058731360328973,-0.7334857720582071
7,False,Palm oil,roni,observable,18,seasonal_adjusted_log_return,19,-0.046635564991129475,0.10046236371108501,-0.46420931449758146
7,False,"Rubber, RSS3",roni,observable,18,seasonal_adjusted_log_return,19,0.08501854718636617,0.09563614743186559,0.8889792141296391
7,False,Coconut oil,roni,observable,18,market_adjusted_log_return,19,0.33128024042391574,0.11143042459520154,2.9729783551249382
7,False,Palm oil,roni,observable,18,market_adjusted_log_return,19,0.1581209316155259,0.08535835245166763,1.8524365463246089
7,False,"Rubber, RSS3",roni,observable,18,market_adjusted_log_return,19,0.3365029777992407,0.08686367278358931,3.873920673808009
7,False,Coconut oil,roni,observable,24,seasonal_adjusted_log_return,19,-0.013142497382991395,0.12963149721777617,-0.10138351916828114
7,False,Palm oil,roni,observable,24,seasonal_adjusted_log_return,19,-0.017775200350402958,0.11434181426012244,-0.15545669329651518
7,False,"Rubber, RSS3",roni,observable,24,seasonal_adjusted_log_return,19,0.07867834927276073,0.08964224957257776,0.8776927135129485
7,False,Coconut oil,roni,observable,24,market_adjusted_log_return,19,0.5449496151922493,0.12027038831251873,4.531037297195843
7,False,Palm oil,roni,observable,24,market_adjusted_log_return,19,0.24779854897260267,0.10202521285503223,2.4287971770732786
7,False,"Rubber, RSS3",roni,observable,24,market_adjusted_log_return,19,0.40738417756746026,0.08422138943606351,4.837063129630806
7,False,Coconut oil,oni,retrospective,6,seasonal_adjusted_log_return,19,0.012313593182653121,0.04821329528990078,0.2553982902146173
7,False,Palm oil,oni,retrospective,6,seasonal_adjusted_log_return,19,0.02465312328384886,0.036315629938952286,0.678857101619648
7,False,"Rubber, RSS3",oni,retrospective,6,seasonal_adjusted_log_return,19,0.058087510806941994,0.05535172594673213,1.049425466205745
7,False,Coconut oil,oni,retrospective,6,market_adjusted_log_return,19,0.1549699567220954,0.048792989139997765,3.1760701578961004
7,False,Palm oil,oni,retrospective,6,market_adjusted_log_return,19,0.08537503699001639,0.035957163849807336,2.3743540326658397
7,False,"Rubber, RSS3",oni,retrospective,6,market_adjusted_log_return,19,0.14233543587907643,0.05256404728097616,2.7078477256181546
7,False,Coconut oil,oni,retrospective,12,seasonal_adjusted_log_return,18,0.0005976870457759428,0.09928159657279705,0.006020119200416926
7,False,Palm oil,oni,retrospective,12,seasonal_adjusted_log_return,18,-0.017986424854122704,0.07362829730141514,-0.24428685048210402
7,False,"Rubber, RSS3",oni,retrospective,12,seasonal_adjusted_log_return,18,0.03505710184275454,0.08730788357597445,0.40153420752947466
7,False,Coconut oil,oni,retrospective,12,market_adjusted_log_return,18,0.2836844404884251,0.09444894452309945,3.003574491179668
7,False,Palm oil,oni,retrospective,12,market_adjusted_log_return,18,0.11297544419655038,0.06900265027681685,1.637262391275242
7,False,"Rubber, RSS3",oni,retrospective,12,market_adjusted_log_return,18,0.20190816163235079,0.08193581044840587,2.4642236468691583
7,False,Coconut oil,oni,retrospective,18,seasonal_adjusted_log_return,18,-0.0067286026771514,0.16120853976939375,-0.04173850024804244
7,False,Palm oil,oni,retrospective,18,seasonal_adjusted_log_return,18,0.00040142865793963946,0.10268817450511289,0.003909200449557628
7,False,"Rubber, RSS3",oni,retrospective,18,seasonal_adjusted_log_return,18,0.12232052487583532,0.121277993233879,1.0085962144834129
7,False,Coconut oil,oni,retrospective,18,market_adjusted_log_return,18,0.40158344738781265,0.14602719576330847,2.7500592974388716
7,False,Palm oil,oni,retrospective,18,market_adjusted_log_return,18,0.1863654153586207,0.09062490587498331,2.0564480984478046
7,False,"Rubber, RSS3",oni,retrospective,18,market_adjusted_log_return,18,0.3630716923746479,0.11094791763240466,3.272451616240206
7,False,Coconut oil,oni,retrospective,24,seasonal_adjusted_log_return,18,-0.09222114793744814,0.15651922758445633,-0.5892001216763382
7,False,Palm oil,oni,retrospective,24,seasonal_adjusted_log_return,18,-0.06329527866582324,0.10797483823636676,-0.5862039684399815
7,False,"Rubber, RSS3",oni,retrospective,24,seasonal_adjusted_log_return,18,0.09189672385747497,0.12083156356905407,0.7605357502881015
7,False,Coconut oil,oni,retrospective,24,market_adjusted_log_return,18,0.4558601413311536,0.13762792077944033,3.3122649731932348
7,False,Palm oil,oni,retrospective,24,market_adjusted_log_return,18,0.19224608888109967,0.09055269561233484,2.123029994646702
7,False,"Rubber, RSS3",oni,retrospective,24,market_adjusted_log_return,18,0.4148725994315332,0.10683290474312213,3.883378444394891
7,False,Coconut oil,oni,observable,6,seasonal_adjusted_log_return,18,-0.029105206987122087,0.0795328717701378,-0.3659519182362809
7,False,Palm oil,oni,observable,6,seasonal_adjusted_log_return,18,-0.05258984596826678,0.07693581995420795,-0.6835547603127926
7,False,"Rubber, RSS3",oni,observable,6,seasonal_adjusted_log_return,18,-0.0007855735759065655,0.05732890477325511,-0.013702923141714172
7,False,Coconut oil,oni,observable,6,market_adjusted_log_return,18,0.12976197396868566,0.07094644221976355,1.8290131246713577
7,False,Palm oil,oni,observable,6,market_adjusted_log_return,18,0.024377795411017606,0.06907205818884382,0.3529328074221913
7,False,"Rubber, RSS3",oni,observable,6,market_adjusted_log_return,18,0.09274103063314966,0.052082945222123075,1.7806410570221824
7,False,Coconut oil,oni,observable,12,seasonal_adjusted_log_return,18,-0.036431496710049395,0.14713869827645507,-0.24759969428028517
7,False,Palm oil,oni,observable,12,seasonal_adjusted_log_return,18,-0.03420199245620443,0.1071495090352867,-0.31919877901578586
7,False,"Rubber, RSS3",oni,observable,12,seasonal_adjusted_log_return,18,0.08647784945717422,0.09301822870108907,0.9296871233171712
7,False,Coconut oil,oni,observable,12,market_adjusted_log_return,18,0.24766098086807314,0.1291589067590242,1.9174905322645845
7,False,Palm oil,oni,observable,12,market_adjusted_log_return,18,0.0977677665730879,0.09193479929800547,1.063446783150904
7,False,"Rubber, RSS3",oni,observable,12,market_adjusted_log_return,18,0.25390456137544687,0.0848191837078622,2.993480369369689
7,False,Coconut oil,oni,observable,18,seasonal_adjusted_log_return,18,-0.1219240419703462,0.14542614051403002,-0.8383915129658794
7,False,Palm oil,oni,observable,18,seasonal_adjusted_log_return,18,-0.09789869977996726,0.1184355775251858,-0.8265987452895961
7,False,"Rubber, RSS3",oni,observable,18,seasonal_adjusted_log_return,18,0.056054048438813835,0.0945122454887398,0.5930876803206641
7,False,Coconut oil,oni,observable,18,market_adjusted_log_return,18,0.301937674811414,0.12454298641135998,2.4243651409974
7,False,Palm oil,oni,observable,18,market_adjusted_log_return,18,0.10364844009556687,0.09962520856506017,1.0403836698407445
7,False,"Rubber, RSS3",oni,observable,18,market_adjusted_log_return,18,0.30570546843233204,0.08435636066724422,3.6239764970211454
7,False,Coconut oil,oni,observable,24,seasonal_adjusted_log_return,18,-0.07730848700328345,0.14801275720918733,-0.5223096202040403
7,False,Palm oil,oni,observable,24,seasonal_adjusted_log_return,18,-0.1007172289930499,0.1342922257860648,-0.7499855513117952
7,False,"Rubber, RSS3",oni,observable,24,seasonal_adjusted_log_return,18,0.0373401793104286,0.08429847611665708,0.4429520085126463
7,False,Coconut oil,oni,observable,24,market_adjusted_log_return,18,0.4878256531800427,0.13262559402144916,3.678216537157587
7,False,Palm oil,oni,observable,24,market_adjusted_log_return,18,0.1719137130580677,0.11435947934472449,1.5032747092162961
7,False,"Rubber, RSS3",oni,observable,24,market_adjusted_log_return,18,0.37007669359526246,0.07444121675848478,4.971395010857091
8,False,Coconut oil,roni,retrospective,6,seasonal_adjusted_log_return,19,-0.018771674195171822,0.0802272909977367,-0.23398115481303475
8,False,Palm oil,roni,retrospective,6,seasonal_adjusted_log_return,19,0.006857193072106038,0.06055807719222998,0.11323333550269762
8,False,"Rubber, RSS3",roni,retrospective,6,seasonal_adjusted_log_return,19,0.09038470464435162,0.04055615040115179,2.2286312618513393
8,False,Coconut oil,roni,retrospective,6,market_adjusted_log_return,19,0.12419287808416835,0.07353653758136879,1.6888594727042716
8,False,Palm oil,roni,retrospective,6,market_adjusted_log_return,19,0.0678879592075932,0.0531139545601186,1.2781567437376973
8,False,"Rubber, RSS3",roni,retrospective,6,market_adjusted_log_return,19,0.17480902948447294,0.0351809556510878,4.9688539225075825
8,False,Coconut oil,roni,retrospective,12,seasonal_adjusted_log_return,19,-0.09493377372367977,0.10391686908486203,-0.913554984476617
8,False,Palm oil,roni,retrospective,12,seasonal_adjusted_log_return,19,-0.02005347728071051,0.07370795090585122,-0.27206667712585386
8,False,"Rubber, RSS3",roni,retrospective,12,seasonal_adjusted_log_return,19,0.07147217115525836,0.057964349219983446,1.2330367220032212
8,False,Coconut oil,roni,retrospective,12,market_adjusted_log_return,19,0.19373880050207437,0.096062665760174,2.016796004659651
8,False,Palm oil,roni,retrospective,12,market_adjusted_log_return,19,0.11650624170821104,0.06504961520642151,1.791036600885379
8,False,"Rubber, RSS3",roni,retrospective,12,market_adjusted_log_return,19,0.24152041942903657,0.05101587177329574,4.734221155767066
8,False,Coconut oil,roni,retrospective,18,seasonal_adjusted_log_return,19,-0.012292334567354995,0.1259626027074932,-0.09758717510704273
8,False,Palm oil,roni,retrospective,18,seasonal_adjusted_log_return,19,0.008806887360016002,0.093938747268136,0.09375138179007095
8,False,"Rubber, RSS3",roni,retrospective,18,seasonal_adjusted_log_return,19,0.06513197324165296,0.05491528948792454,1.1860444304126811
8,False,Coconut oil,roni,retrospective,18,market_adjusted_log_return,19,0.407408175270408,0.1259196076093467,3.2354625542858435
8,False,Palm oil,roni,retrospective,18,market_adjusted_log_return,19,0.20618385906528783,0.08775835945127572,2.349449788652477
8,False,"Rubber, RSS3",roni,retrospective,18,market_adjusted_log_return,19,0.31240161919725606,0.05341633610611988,5.848428439131833
8,False,Coconut oil,roni,retrospective,24,seasonal_adjusted_log_return,19,0.047468431993363654,0.14766655751769422,0.32145688767529995
8,False,Palm oil,roni,retrospective,24,seasonal_adjusted_log_return,19,0.02911190056308823,0.10756218813485581,0.2706518068095571
8,False,"Rubber, RSS3",roni,retrospective,24,seasonal_adjusted_log_return,19,0.11693398498437248,0.08402899620895994,1.3915908824328418
8,False,Coconut oil,roni,retrospective,24,market_adjusted_log_return,19,0.608952322082958,0.14090853609570353,4.321614140319819
8,False,Palm oil,roni,retrospective,24,market_adjusted_log_return,19,0.29808473164802674,0.09516917802028405,3.132156206965389
8,False,"Rubber, RSS3",roni,retrospective,24,market_adjusted_log_return,19,0.4475811845530303,0.07801991351050909,5.736755712921192
8,False,Coconut oil,roni,observable,6,seasonal_adjusted_log_return,19,-0.06059729820714106,0.0542016699905526,-1.117996884924454
8,False,Palm oil,roni,observable,6,seasonal_adjusted_log_return,19,-0.024617193340135797,0.036395643524481006,-0.6763774714843933
8,False,"Rubber, RSS3",roni,observable,6,seasonal_adjusted_log_return,19,0.00724408412203787,0.04409981450139277,0.16426563703140035
8,False,Coconut oil,roni,observable,6,market_adjusted_log_return,19,0.10810595258394326,0.05412020825181332,1.9975154581989458
8,False,Palm oil,roni,observable,6,market_adjusted_log_return,19,0.06220770000944986,0.037878778968019285,1.642283666587333
8,False,"Rubber, RSS3",roni,observable,6,market_adjusted_log_return,19,0.1064006163986171,0.042517290355968726,2.5025258079194646
8,False,Coconut oil,roni,observable,12,seasonal_adjusted_log_return,19,0.022044140949183732,0.09343205987550822,0.23593765329112973
8,False,Palm oil,roni,observable,12,seasonal_adjusted_log_return,19,0.004243171300590718,0.061691237296953076,0.06878077805711781
8,False,"Rubber, RSS3",roni,observable,12,seasonal_adjusted_log_return,19,0.000903886208432432,0.06098004770984348,0.014822654989273246
8,False,Coconut oil,roni,observable,12,market_adjusted_log_return,19,0.321775327352277,0.10018854808894355,3.2116976789265097
8,False,Palm oil,roni,observable,12,market_adjusted_log_return,19,0.15188531736652666,0.06291194396318361,2.414252490042443
8,False,"Rubber, RSS3",roni,observable,12,market_adjusted_log_return,19,0.17728181616683666,0.06193513066705762,2.862378980353556
8,False,Coconut oil,roni,observable,18,seasonal_adjusted_log_return,19,0.08180490750990235,0.13346404488397487,0.6129359227874318
8,False,Palm oil,roni,observable,18,seasonal_adjusted_log_return,19,0.024548184503662942,0.08890555825437126,0.2761152956649476
8,False,"Rubber, RSS3",roni,observable,18,seasonal_adjusted_log_return,19,0.052705897951151985,0.09187039454988534,0.5736983955427866
8,False,Coconut oil,roni,observable,18,market_adjusted_log_return,19,0.523319474164827,0.12976686149569258,4.032766671961145
8,False,Palm oil,roni,observable,18,market_adjusted_log_return,19,0.24378618994926549,0.08039111944025466,3.032501495770852
8,False,"Rubber, RSS3",roni,observable,18,market_adjusted_log_return,19,0.3124613815226108,0.0869921664095651,3.5918335456956108
8,False,Coconut oil,roni,observable,24,seasonal_adjusted_log_return,19,0.15753325306976212,0.13700065265207909,1.1498722817753777
8,False,Palm oil,roni,observable,24,seasonal_adjusted_log_return,19,0.0605994751684173,0.08737732956049724,0.6935377342524549
8,False,"Rubber, RSS3",roni,observable,24,seasonal_adjusted_log_return,19,0.0771518679351459,0.10564773771042045,0.7302746808135023
8,False,Coconut oil,roni,observable,24,market_adjusted_log_return,19,0.7359816034030793,0.12690575742298452,5.799434307381409
8,False,Palm oil,roni,observable,24,market_adjusted_log_return,19,0.3465732997358131,0.07473988780522395,4.637059405802177
8,False,"Rubber, RSS3",roni,observable,24,market_adjusted_log_return,19,0.417509113536008,0.09339629174765134,4.470296472413287
8,False,Coconut oil,oni,retrospective,6,seasonal_adjusted_log_return,18,-0.006990558486122813,0.08565482512301839,-0.08161313126356742
8,False,Palm oil,oni,retrospective,6,seasonal_adjusted_log_return,18,0.031096759883590102,0.054672103867551385,0.5687865965232488
8,False,"Rubber, RSS3",oni,retrospective,6,seasonal_adjusted_log_return,18,0.09937160320157218,0.04971735950912106,1.9987305074667459
8,False,Coconut oil,oni,retrospective,6,market_adjusted_log_return,18,0.1399691271244673,0.0774718395704025,1.806709739960033
8,False,Palm oil,oni,retrospective,6,market_adjusted_log_return,18,0.0961312629343889,0.04746916519292359,2.025130683122263
8,False,"Rubber, RSS3",oni,retrospective,6,market_adjusted_log_return,18,0.18608264556726786,0.0447445381075428,4.158779002702433
8,False,Coconut oil,oni,retrospective,12,seasonal_adjusted_log_return,18,-0.09248310374641959,0.10055689789892124,-0.9197091962739609
8,False,Palm oil,oni,retrospective,12,seasonal_adjusted_log_return,18,-0.03259994744017274,0.06421102862665419,-0.5077001278039083
8,False,"Rubber, RSS3",oni,retrospective,12,seasonal_adjusted_log_return,18,0.06894780218321178,0.05629752186164902,1.224704034977788
8,False,Coconut oil,oni,retrospective,12,market_adjusted_log_return,18,0.1942458210678081,0.09581661770729465,2.027266519271217
8,False,Palm oil,oni,retrospective,12,market_adjusted_log_return,18,0.10201193645686785,0.054931174299363277,1.8570863950754881
8,False,"Rubber, RSS3",oni,retrospective,12,market_adjusted_log_return,18,0.23788355262415312,0.05014343366203603,4.744061889089509
8,False,Coconut oil,oni,retrospective,18,seasonal_adjusted_log_return,18,-0.04786754877935686,0.1250259181032844,-0.38286100598608114
8,False,Palm oil,oni,retrospective,18,seasonal_adjusted_log_return,18,-0.03541847665325534,0.08587712863490723,-0.412432008571587
8,False,"Rubber, RSS3",oni,retrospective,18,seasonal_adjusted_log_return,18,0.05023393305482656,0.054649065871736846,0.9192093634816605
8,False,Coconut oil,oni,retrospective,18,market_adjusted_log_return,18,0.3801337994364368,0.12398907188278098,3.0658653513901175
8,False,Palm oil,oni,retrospective,18,market_adjusted_log_return,18,0.17027720941936872,0.0766617698568528,2.2211489473478108
8,False,"Rubber, RSS3",oni,retrospective,18,market_adjusted_log_return,18,0.30225477778708343,0.051546433315893835,5.86373796097132
8,False,Coconut oil,oni,retrospective,24,seasonal_adjusted_log_return,18,0.006416408877244157,0.13753753457621642,0.04665205681499623
8,False,Palm oil,oni,retrospective,24,seasonal_adjusted_log_return,18,0.00492807664866001,0.09534295486366054,0.051687895091012334
8,False,"Rubber, RSS3",oni,retrospective,24,seasonal_adjusted_log_return,18,0.12019270526833209,0.08884988328930139,1.352761543613696
8,False,Coconut oil,oni,retrospective,24,market_adjusted_log_return,18,0.5681086132307319,0.13600780796311915,4.177029405435197
8,False,Palm oil,oni,retrospective,24,market_adjusted_log_return,18,0.27410967060561875,0.08676215647977639,3.1593229321070604
8,False,"Rubber, RSS3",oni,retrospective,24,market_adjusted_log_return,18,0.45095913887464917,0.08349019434508351,5.401342545817236
8,False,Coconut oil,oni,observable,6,seasonal_adjusted_log_return,18,-0.05808205504714656,0.059519108310393413,-0.975855598243297
8,False,Palm oil,oni,observable,6,seasonal_adjusted_log_return,18,-0.04028002642055981,0.0412493757450741,-0.9765002668039154
8,False,"Rubber, RSS3",oni,observable,6,seasonal_adjusted_log_return,18,-0.03197160396268967,0.04123722694599412,-0.775309261327415
8,False,Coconut oil,oni,observable,6,market_adjusted_log_return,18,0.1072423766977041,0.05997733507241731,1.78804837807846
8,False,Palm oil,oni,observable,6,market_adjusted_log_return,18,0.04315877154148307,0.04014323824082331,1.0751193334869817
8,False,"Rubber, RSS3",oni,observable,6,market_adjusted_log_return,18,0.06525097415312822,0.040648953786685774,1.6052313300742473
8,False,Coconut oil,oni,observable,12,seasonal_adjusted_log_return,18,-0.013466500080083817,0.1039327806327104,-0.12956932353877149
8,False,Palm oil,oni,observable,12,seasonal_adjusted_log_return,18,-0.04309855563364244,0.07063867644734699,-0.6101268851741221
8,False,"Rubber, RSS3",oni,observable,12,seasonal_adjusted_log_return,18,-0.05068547309107491,0.05958989317875996,-0.8505716387009917
8,False,Coconut oil,oni,observable,12,market_adjusted_log_return,18,0.2931303550663328,0.10600564199635712,2.7652335248005593
8,False,Palm oil,oni,observable,12,market_adjusted_log_return,18,0.11142404450398392,0.06467841840052835,1.7227391649248138
8,False,"Rubber, RSS3",oni,observable,12,market_adjusted_log_return,18,0.12962219931605856,0.05946994414099514,2.179625375277669
8,False,Coconut oil,oni,observable,18,seasonal_adjusted_log_return,18,0.040817457576517176,0.1339578839058212,0.3047036604819303
8,False,Palm oil,oni,observable,18,seasonal_adjusted_log_return,18,-0.002752002331727083,0.08933380114150626,-0.03080583493103427
8,False,"Rubber, RSS3",oni,observable,18,seasonal_adjusted_log_return,18,0.019273299122430625,0.10054321825036264,0.19169168699611533
8,False,Coconut oil,oni,observable,18,market_adjusted_log_return,18,0.4811051688606278,0.13044174820972976,3.688275996478417
8,False,Palm oil,oni,observable,18,market_adjusted_log_return,18,0.21525650569023394,0.07945185633635284,2.709269683756203
8,False,"Rubber, RSS3",oni,observable,18,market_adjusted_log_return,18,0.2783265604036242,0.09546989176931767,2.9153333605545515
8,False,Coconut oil,oni,observable,24,seasonal_adjusted_log_return,18,0.14954562564104268,0.14558323568908532,1.027217350495078
8,False,Palm oil,oni,observable,24,seasonal_adjusted_log_return,18,0.05165541809915206,0.09198105514018104,0.561587579316503
8,False,"Rubber, RSS3",oni,observable,24,seasonal_adjusted_log_return,18,0.04628756895818675,0.11100627999095115,0.4169815343957113
8,False,Coconut oil,oni,observable,24,market_adjusted_log_return,18,0.7182193978419934,0.13329551830243003,5.388173638459831
8,False,Palm oil,oni,observable,24,market_adjusted_log_return,18,0.32783361482253087,0.07503626652756226,4.369002217109394
8,False,"Rubber, RSS3",oni,observable,24,market_adjusted_log_return,18,0.38105008285246394,0.09780930749996032,3.8958468533540995
9,False,Coconut oil,roni,retrospective,6,seasonal_adjusted_log_return,20,0.06074006422256708,0.07046392889920962,0.8620022353486507
9,False,Palm oil,roni,retrospective,6,seasonal_adjusted_log_return,20,0.0169623567571358,0.0501416978500514,0.3382884402491052
9,False,"Rubber, RSS3",roni,retrospective,6,seasonal_adjusted_log_return,20,-0.006014570877100433,0.05145244476158343,-0.11689572584879711
9,False,Coconut oil,roni,retrospective,6,market_adjusted_log_return,20,0.21230305873356378,0.07090579788333759,2.994156543910123
9,False,Palm oil,roni,retrospective,6,market_adjusted_log_return,20,0.08661008200829957,0.05118518921612084,1.6920926411467014
9,False,"Rubber, RSS3",roni,retrospective,6,market_adjusted_log_return,20,0.0833312939752078,0.04925610899003618,1.691796117961014
9,False,Coconut oil,roni,retrospective,12,seasonal_adjusted_log_return,20,0.11344362118069254,0.1284233306198665,0.8833567906480019
9,False,Palm oil,roni,retrospective,12,seasonal_adjusted_log_return,20,0.03663163852464528,0.08776610423476285,0.4173779711887455
9,False,"Rubber, RSS3",roni,retrospective,12,seasonal_adjusted_log_return,20,0.037961021143447744,0.07813345761273384,0.4858484739226621
9,False,Coconut oil,roni,retrospective,12,market_adjusted_log_return,20,0.40635540579971413,0.11682289529862049,3.4783884165941625
9,False,Palm oil,roni,retrospective,12,market_adjusted_log_return,20,0.1774396971147855,0.07478212413484499,2.372755510325319
9,False,"Rubber, RSS3",roni,retrospective,12,market_adjusted_log_return,20,0.21043569073965246,0.07040977137621751,2.9887285049576495
9,False,Coconut oil,roni,retrospective,18,seasonal_adjusted_log_return,20,0.18195431830745792,0.1439951173512567,1.2636145006473023
9,False,Palm oil,roni,retrospective,18,seasonal_adjusted_log_return,20,0.07167442890908582,0.09041405106887042,0.7927355102636624
9,False,"Rubber, RSS3",roni,retrospective,18,seasonal_adjusted_log_return,20,0.05922257923677331,0.0936955092965856,0.6320748953859571
9,False,Coconut oil,roni,retrospective,18,market_adjusted_log_return,20,0.6124700375004726,0.12612986001219523,4.855868685188853
9,False,Palm oil,roni,retrospective,18,market_adjusted_log_return,20,0.27988990069738173,0.07207784616602754,3.883161270561138
9,False,"Rubber, RSS3",roni,retrospective,18,market_adjusted_log_return,20,0.31268258899875107,0.08016521634187518,3.9004770805491846
9,False,Coconut oil,roni,retrospective,24,seasonal_adjusted_log_return,20,0.24575812371288214,0.13557720250133623,1.812680297120454
9,False,Palm oil,roni,retrospective,24,seasonal_adjusted_log_return,20,0.0986205840026764,0.10559966622517578,0.933909997332591
9,False,"Rubber, RSS3",roni,retrospective,24,seasonal_adjusted_log_return,20,0.10245356834912851,0.09292608236196523,1.1025275761658806
9,False,Coconut oil,roni,retrospective,24,market_adjusted_log_return,20,0.7862995231698062,0.11674851801626542,6.734985047606847
9,False,Palm oil,roni,retrospective,24,market_adjusted_log_return,20,0.3466058244636102,0.0861445351226693,4.023538161417269
9,False,"Rubber, RSS3",roni,retrospective,24,market_adjusted_log_return,20,0.42111379366981494,0.08049200330714232,5.2317469607871985
9,False,Coconut oil,roni,observable,6,seasonal_adjusted_log_return,20,0.048220853595796156,0.08024818413942066,0.6008965076645071
9,False,Palm oil,roni,observable,6,seasonal_adjusted_log_return,20,0.005801364942864922,0.07115226432320944,0.08153450909885593
9,False,"Rubber, RSS3",roni,observable,6,seasonal_adjusted_log_return,20,0.032570605303953816,0.052335919380166615,0.6223375014655207
9,False,Coconut oil,roni,observable,6,market_adjusted_log_return,20,0.2078326337242701,0.06804799430820434,3.0542066057516757
9,False,Palm oil,roni,observable,6,market_adjusted_log_return,20,0.08351520900114258,0.058553984910297834,1.4262941989188995
9,False,"Rubber, RSS3",roni,observable,6,market_adjusted_log_return,20,0.12652340003945514,0.04723736205531781,2.6784603232349973
9,False,Coconut oil,roni,observable,12,seasonal_adjusted_log_return,20,0.11673155072256151,0.11173180914731848,1.0447477008866013
9,False,Palm oil,roni,observable,12,seasonal_adjusted_log_return,20,0.04084415532730544,0.08137618572830965,0.5019177903431313
9,False,"Rubber, RSS3",roni,observable,12,seasonal_adjusted_log_return,20,0.053832163397279344,0.0755076368624332,0.712936672820999
9,False,Coconut oil,roni,observable,12,market_adjusted_log_return,20,0.41394726542502863,0.09454158994692144,4.378467356614495
9,False,Palm oil,roni,observable,12,market_adjusted_log_return,20,0.18596541258373883,0.06714630040529421,2.769555604124933
9,False,"Rubber, RSS3",roni,observable,12,market_adjusted_log_return,20,0.22877029829855378,0.06243090092886808,3.6643760524809323
9,False,Coconut oil,roni,observable,18,seasonal_adjusted_log_return,20,0.18053535612798574,0.10844301663424942,1.6647946703371905
9,False,Palm oil,roni,observable,18,seasonal_adjusted_log_return,20,0.06779031042089603,0.09652734352664949,0.7022912673669542
9,False,"Rubber, RSS3",roni,observable,18,seasonal_adjusted_log_return,20,0.09706315250963457,0.07308197534190133,1.3281407906059115
9,False,Coconut oil,roni,observable,18,market_adjusted_log_return,20,0.5877767510943621,0.09108589844691897,6.452993944357849
9,False,Palm oil,roni,observable,18,market_adjusted_log_return,20,0.2526813363499673,0.08174801552322424,3.0909782302688646
9,False,"Rubber, RSS3",roni,observable,18,market_adjusted_log_return,20,0.3372015029696177,0.06265563197239217,5.381822708582656
9,False,Coconut oil,roni,observable,24,seasonal_adjusted_log_return,19,0.1705846369985417,0.07984593534056213,2.1364223021617468
9,False,Palm oil,roni,observable,24,seasonal_adjusted_log_return,19,0.07700336101041168,0.08877836245127373,0.8673663140911752
9,False,"Rubber, RSS3",roni,observable,24,seasonal_adjusted_log_return,19,0.07952001904115295,0.08467701947386772,0.9390979930002582
9,False,Coconut oil,roni,observable,24,market_adjusted_log_return,19,0.7271887097063263,0.07606745671792066,9.559787339846853
9,False,Palm oil,roni,observable,24,market_adjusted_log_return,19,0.3410858659481078,0.08148768691675827,4.185735033766949
9,False,"Rubber, RSS3",roni,observable,24,market_adjusted_log_return,19,0.40737412936763123,0.07159456360257499,5.690014840078996
9,False,Coconut oil,oni,retrospective,6,seasonal_adjusted_log_return,19,0.051173909719508935,0.07457617396771782,0.6861965021383486
9,False,Palm oil,oni,retrospective,6,seasonal_adjusted_log_return,19,0.012099718429686265,0.05037279476103931,0.24020343693625582
9,False,"Rubber, RSS3",oni,retrospective,6,seasonal_adjusted_log_return,19,-0.0337110097737085,0.04656616730236547,-0.7239378228148926
9,False,Coconut oil,oni,retrospective,6,market_adjusted_log_return,19,0.21465902076261437,0.07124433725519085,3.012997650518173
9,False,Palm oil,oni,retrospective,6,market_adjusted_log_return,19,0.09369523468318856,0.04625816853650122,2.025485176942444
9,False,"Rubber, RSS3",oni,retrospective,6,market_adjusted_log_return,19,0.06245878573509771,0.04525524177174198,1.3801447807996878
9,False,Coconut oil,oni,retrospective,12,seasonal_adjusted_log_return,19,0.10176285639364203,0.11979552392774137,0.8494712745279503
9,False,Palm oil,oni,retrospective,12,seasonal_adjusted_log_return,19,0.053421163824070306,0.08166234861738716,0.6541712885869183
9,False,"Rubber, RSS3",oni,retrospective,12,seasonal_adjusted_log_return,19,0.029854449736728076,0.08125470334631289,0.3674181125181941
9,False,Coconut oil,oni,retrospective,12,market_adjusted_log_return,19,0.3991303415215374,0.10846945987068113,3.6796563935819946
9,False,Palm oil,oni,retrospective,12,market_adjusted_log_return,19,0.19869451834599094,0.06970112503630702,2.85066443680058
9,False,"Rubber, RSS3",oni,retrospective,12,market_adjusted_log_return,19,0.20487945435245636,0.07557129518862812,2.71107506945688
9,False,Coconut oil,oni,retrospective,18,seasonal_adjusted_log_return,19,0.20347912372763793,0.14157865549810442,1.437216104445647
9,False,Palm oil,oni,retrospective,18,seasonal_adjusted_log_return,19,0.10286544512193661,0.08883742836261252,1.1579066055589224
9,False,"Rubber, RSS3",oni,retrospective,18,seasonal_adjusted_log_return,19,0.05346438352830341,0.09171782390497471,0.5829225035222793
9,False,Coconut oil,oni,retrospective,18,market_adjusted_log_return,19,0.6298624953546285,0.12330768431479068,5.108055502418326
9,False,Palm oil,oni,retrospective,18,market_adjusted_log_return,19,0.3069396702670792,0.07109414640713844,4.31736909125137
9,False,"Rubber, RSS3",oni,retrospective,18,market_adjusted_log_return,19,0.30455913766111903,0.07908008556574646,3.8512747613039866
9,False,Coconut oil,oni,retrospective,24,seasonal_adjusted_log_return,19,0.2772077217781383,0.1310882614126557,2.1146647212408274
9,False,Palm oil,oni,retrospective,24,seasonal_adjusted_log_return,19,0.12227314169188566,0.10012058402253714,1.2212587739636236
9,False,"Rubber, RSS3",oni,retrospective,24,seasonal_adjusted_log_return,19,0.051280763844674906,0.08778061177298072,0.5841923724261325
9,False,Coconut oil,oni,retrospective,24,market_adjusted_log_return,19,0.8369279814221097,0.11496882404594455,7.279608088255746
9,False,Palm oil,oni,retrospective,24,market_adjusted_log_return,19,0.3894785443245927,0.08037529017246918,4.845749775694125
9,False,"Rubber, RSS3",oni,retrospective,24,market_adjusted_log_return,19,0.3809185040751179,0.07502456764342766,5.077250240021708
9,False,Coconut oil,oni,observable,6,seasonal_adjusted_log_return,19,0.043043923228986404,0.07802214053083988,0.5516885711687491
9,False,Palm oil,oni,observable,6,seasonal_adjusted_log_return,19,0.038394380211252216,0.07039184359831305,0.5454379122437467
9,False,"Rubber, RSS3",oni,observable,6,seasonal_adjusted_log_return,19,0.0724035412332894,0.05162209173466089,1.402568915755018
9,False,Coconut oil,oni,observable,6,market_adjusted_log_return,19,0.19808441298617405,0.06742542261255112,2.937829757841236
9,False,Palm oil,oni,observable,6,market_adjusted_log_return,19,0.111527089550704,0.06058121426752755,1.8409517025888373
9,False,"Rubber, RSS3",oni,observable,6,market_adjusted_log_return,19,0.1637398401125087,0.04627314474419753,3.538550081644084
9,False,Coconut oil,oni,observable,12,seasonal_adjusted_log_return,19,0.14476019056298225,0.11513503221662309,1.2573079433427379
9,False,Palm oil,oni,observable,12,seasonal_adjusted_log_return,19,0.08783866150911852,0.08521332900405751,1.0308089419313264
9,False,"Rubber, RSS3",oni,observable,12,seasonal_adjusted_log_return,19,0.09601347502486475,0.07430917095568987,1.292081095644534
9,False,Coconut oil,oni,observable,12,market_adjusted_log_return,19,0.4288165668192651,0.09642807507270412,4.447009509377318
9,False,Palm oil,oni,observable,12,market_adjusted_log_return,19,0.21977224147179228,0.07169320088991692,3.0654544467786695
9,False,"Rubber, RSS3",oni,observable,12,market_adjusted_log_return,19,0.26341952342117136,0.06140243285922227,4.290050266006803
9,False,Coconut oil,oni,observable,18,seasonal_adjusted_log_return,19,0.2184887886134827,0.11341131492914895,1.9265166685526787
9,False,Palm oil,oni,observable,18,seasonal_adjusted_log_return,19,0.10724635807906752,0.09639084292772925,1.1126197761282925
9,False,"Rubber, RSS3",oni,observable,18,seasonal_adjusted_log_return,19,0.09382985534123624,0.07621629089933596,1.2310997325383324
9,False,Coconut oil,oni,observable,18,market_adjusted_log_return,19,0.6358820528867463,0.09775357336979677,6.504949445492258
9,False,Palm oil,oni,observable,18,market_adjusted_log_return,19,0.30231111552930584,0.08256465017621736,3.6615078594057455
9,False,"Rubber, RSS3",oni,observable,18,market_adjusted_log_return,19,0.33977888983517035,0.06465229135621986,5.255481015561593
9,False,Coconut oil,oni,observable,24,seasonal_adjusted_log_return,19,0.20008546061453183,0.0758662320462335,2.6373454331117716
9,False,Palm oil,oni,observable,24,seasonal_adjusted_log_return,19,0.1202694269213558,0.0884990817648733,1.3589906756421586
9,False,"Rubber, RSS3",oni,observable,24,seasonal_adjusted_log_return,19,0.1010380066137474,0.08195229902436629,1.2328880070064476
9,False,Coconut oil,oni,observable,24,market_adjusted_log_return,19,0.7543600395031532,0.07392341728175315,10.204615360623423
9,False,Palm oil,oni,observable,24,market_adjusted_log_return,19,0.3820174214373793,0.0837095966406511,4.56360365798088
9,False,"Rubber, RSS3",oni,observable,24,market_adjusted_log_return,19,0.427558771116613,0.07022623110465956,6.08830581381213
10,False,Coconut oil,roni,retrospective,6,seasonal_adjusted_log_return,20,0.0811928278726862,0.06541985719631747,1.241103716093966
10,False,Palm oil,roni,retrospective,6,seasonal_adjusted_log_return,20,0.048448173169188855,0.04336475831034669,1.1172245633761386
10,False,"Rubber, RSS3",roni,retrospective,6,seasonal_adjusted_log_return,20,0.04505339447073196,0.038443219483706007,1.171946446624421
10,False,Coconut oil,roni,retrospective,6,market_adjusted_log_return,20,0.2373027376753587,0.05639250473961888,4.208054576952321
10,False,Palm oil,roni,retrospective,6,market_adjusted_log_return,20,0.12265260556744093,0.03996267191988008,3.069179303459572
10,False,"Rubber, RSS3",roni,retrospective,6,market_adjusted_log_return,20,0.1370018034743074,0.03175893988574907,4.313802789613362
10,False,Coconut oil,roni,retrospective,12,seasonal_adjusted_log_return,20,0.14499663327811038,0.0716151690853319,2.0246637008612236
10,False,Palm oil,roni,retrospective,12,seasonal_adjusted_log_return,20,0.07539432826277945,0.05674136241174892,1.3287366580251203
10,False,"Rubber, RSS3",roni,retrospective,12,seasonal_adjusted_log_return,20,0.08828438358308716,0.049345575978956106,1.78910432863803
10,False,Coconut oil,roni,retrospective,12,market_adjusted_log_return,20,0.41113222334469224,0.0635923586250006,6.465119901733923
10,False,Palm oil,roni,retrospective,12,market_adjusted_log_return,20,0.18936852933366938,0.052482273061988716,3.6082379494119725
10,False,"Rubber, RSS3",roni,retrospective,12,market_adjusted_log_return,20,0.24543300814537133,0.04626568922002452,5.304860087097634
10,False,Coconut oil,roni,retrospective,18,seasonal_adjusted_log_return,19,0.14270684464298145,0.08196712864497782,1.741025298825387
10,False,Palm oil,roni,retrospective,18,seasonal_adjusted_log_return,19,0.09080991280010657,0.07502484601908467,1.2103978564248772
10,False,"Rubber, RSS3",roni,retrospective,18,seasonal_adjusted_log_return,19,0.06924980312857322,0.07260831429912391,0.9537448127949278
10,False,Coconut oil,roni,retrospective,18,market_adjusted_log_return,19,0.5580381806418313,0.08209219702538961,6.797700644669558
10,False,Palm oil,roni,retrospective,18,market_adjusted_log_return,19,0.2838083015801378,0.07124161867915074,3.9837430260859006
10,False,"Rubber, RSS3",roni,retrospective,18,market_adjusted_log_return,19,0.31401863983418865,0.06487333648481539,4.84048850960039
10,False,Coconut oil,roni,retrospective,24,seasonal_adjusted_log_return,19,0.2174963431254937,0.09098569159603823,2.3904455668825637
10,False,Palm oil,roni,retrospective,24,seasonal_adjusted_log_return,19,0.16315653821416914,0.07593465690408475,2.1486439113072815
10,False,"Rubber, RSS3",roni,retrospective,24,seasonal_adjusted_log_return,19,0.08207943866173689,0.08225522533917255,0.9978629117273605
10,False,Coconut oil,roni,retrospective,24,market_adjusted_log_return,19,0.7575177835083818,0.09666815184695067,7.836270467937752
10,False,Palm oil,roni,retrospective,24,market_adjusted_log_return,19,0.4106206998608154,0.0798131940343707,5.144772174936214
10,False,"Rubber, RSS3",roni,retrospective,24,market_adjusted_log_return,19,0.4004420520059021,0.07397691669257199,5.413067614997131
10,False,Coconut oil,roni,observable,6,seasonal_adjusted_log_return,20,0.06609398620491676,0.0399619687751549,1.6539221722731694
10,False,Palm oil,roni,observable,6,seasonal_adjusted_log_return,20,0.03049116525062457,0.03245157810384144,0.9395895987879614
10,False,"Rubber, RSS3",roni,observable,6,seasonal_adjusted_log_return,20,0.039387153309381966,0.05194182253352979,0.7582936329189555
10,False,Coconut oil,roni,observable,6,market_adjusted_log_return,20,0.20127887525526433,0.04146617838920129,4.854049325840015
10,False,Palm oil,roni,observable,6,market_adjusted_log_return,20,0.08372551452688652,0.029501429374454022,2.8380155233897377
10,False,"Rubber, RSS3",roni,observable,6,market_adjusted_log_return,20,0.11935858740123931,0.050650903742365576,2.3564947233390634
10,False,Coconut oil,roni,observable,12,seasonal_adjusted_log_return,19,0.07895312423715813,0.08836979289417696,0.8934401864187311
10,False,Palm oil,roni,observable,12,seasonal_adjusted_log_return,19,0.04303751751716065,0.06650761929061436,0.6471065717914544
10,False,"Rubber, RSS3",roni,observable,12,seasonal_adjusted_log_return,19,0.01390185600707709,0.07735913106579599,0.17970543122121152
10,False,Coconut oil,roni,observable,12,market_adjusted_log_return,19,0.36595631237436815,0.08971090282987025,4.07928468926877
10,False,Palm oil,roni,observable,12,market_adjusted_log_return,19,0.1779242553676729,0.06250165002999952,2.8467129312949795
10,False,"Rubber, RSS3",roni,observable,12,market_adjusted_log_return,19,0.18299458812930056,0.07227308037709869,2.5319882198806405
10,False,Coconut oil,roni,observable,18,seasonal_adjusted_log_return,19,0.15374262271967035,0.10947586080796091,1.4043518049094017
10,False,Palm oil,roni,observable,18,seasonal_adjusted_log_return,19,0.11538414293122325,0.07274685467055629,1.5861049038306265
10,False,"Rubber, RSS3",roni,observable,18,seasonal_adjusted_log_return,19,0.026731491540240758,0.09176177386437942,0.2913140234162096
10,False,Coconut oil,roni,observable,18,market_adjusted_log_return,19,0.5654359152409187,0.11243476556377145,5.029013156257362
10,False,Palm oil,roni,observable,18,market_adjusted_log_return,19,0.3047366536483504,0.07449655053957896,4.090614282690152
10,False,"Rubber, RSS3",roni,observable,18,market_adjusted_log_return,19,0.269418000301014,0.08533096489796002,3.1573298230388915
10,False,Coconut oil,roni,observable,24,seasonal_adjusted_log_return,19,0.1306973121352927,0.12919416109840445,1.011634821760585
10,False,Palm oil,roni,observable,24,seasonal_adjusted_log_return,19,0.10041982634883267,0.08301811145514244,1.209613475766586
10,False,"Rubber, RSS3",roni,observable,24,seasonal_adjusted_log_return,19,0.1081017101782131,0.10037058441283671,1.0770258120006286
10,False,Coconut oil,roni,observable,24,market_adjusted_log_return,19,0.6814163410672109,0.13055761060520088,5.219277052547913
10,False,Palm oil,roni,observable,24,market_adjusted_log_return,19,0.3586046139739779,0.07637351732699374,4.695405246803153
10,False,"Rubber, RSS3",roni,observable,24,market_adjusted_log_return,19,0.43258736402896314,0.09181385698777245,4.711569453906877
10,False,Coconut oil,oni,retrospective,6,seasonal_adjusted_log_return,19,0.12388830634251495,0.0671026781007297,1.8462498047625278
10,False,Palm oil,oni,retrospective,6,seasonal_adjusted_log_return,19,0.08137455895579027,0.0505807207745172,1.608805839650809
10,False,"Rubber, RSS3",oni,retrospective,6,seasonal_adjusted_log_return,19,0.034254035320443035,0.042143517354851834,0.8127948844900932
10,False,Coconut oil,oni,retrospective,6,market_adjusted_log_return,19,0.2692609332301446,0.058401091275422104,4.6105462646288276
10,False,Palm oil,oni,retrospective,6,market_adjusted_log_return,19,0.14481858552707289,0.047609830088192584,3.04177908761301
10,False,"Rubber, RSS3",oni,retrospective,6,market_adjusted_log_return,19,0.12005668372403436,0.035238129703251436,3.4070106652952323
10,False,Coconut oil,oni,retrospective,12,seasonal_adjusted_log_return,19,0.19761690439301532,0.07926280690406151,2.4931857968669693
10,False,Palm oil,oni,retrospective,12,seasonal_adjusted_log_return,19,0.10078225552573927,0.06643764999809554,1.5169449179588417
10,False,"Rubber, RSS3",oni,retrospective,12,seasonal_adjusted_log_return,19,0.03207041563681453,0.0578285418704744,0.5545776289612581
10,False,Coconut oil,oni,retrospective,12,market_adjusted_log_return,19,0.47632641929762565,0.07405582197217558,6.431991524941713
10,False,Palm oil,oni,retrospective,12,market_adjusted_log_return,19,0.22735745958458645,0.06054252644292775,3.755334852088009
10,False,"Rubber, RSS3",oni,retrospective,12,market_adjusted_log_return,19,0.19641605013803334,0.05126530551356482,3.83136408084141
10,False,Coconut oil,oni,retrospective,18,seasonal_adjusted_log_return,19,0.17921357639406452,0.08517917947585277,2.10395988194356
10,False,Palm oil,oni,retrospective,18,seasonal_adjusted_log_return,19,0.11380532436802754,0.07336421700895208,1.5512374970776384
10,False,"Rubber, RSS3",oni,retrospective,18,seasonal_adjusted_log_return,19,0.039278566909325685,0.06885697900970691,0.5704369763853349
10,False,Coconut oil,oni,retrospective,18,market_adjusted_log_return,19,0.5948044059140327,0.08972959651693044,6.628854123976845
10,False,Palm oil,oni,retrospective,18,market_adjusted_log_return,19,0.30706376549266,0.07251028559212257,4.234761496043798
10,False,"Rubber, RSS3",oni,retrospective,18,market_adjusted_log_return,19,0.28419593141947597,0.06171110548120816,4.605263982931198
10,False,Coconut oil,oni,retrospective,24,seasonal_adjusted_log_return,18,0.2500336435747432,0.10549290902231011,2.3701464476808103
10,False,Palm oil,oni,retrospective,24,seasonal_adjusted_log_return,18,0.19075575720410895,0.07930026892005183,2.4054868892868853
10,False,"Rubber, RSS3",oni,retrospective,24,seasonal_adjusted_log_return,18,0.024805624315871154,0.07520367206569602,0.3298459188828119
10,False,Coconut oil,oni,retrospective,24,market_adjusted_log_return,18,0.8034984277966541,0.11364833981387047,7.070041050424472
10,False,Palm oil,oni,retrospective,24,market_adjusted_log_return,18,0.45169221314754704,0.08469752893517273,5.333003439725746
10,False,"Rubber, RSS3",oni,retrospective,24,market_adjusted_log_return,18,0.3508628819710431,0.06898842966390263,5.085822125251648
10,False,Coconut oil,oni,observable,6,seasonal_adjusted_log_return,19,0.07850239621167418,0.044932994622933944,1.74709913884988
10,False,Palm oil,oni,observable,6,seasonal_adjusted_log_return,19,0.02952048735793564,0.03283631337532929,0.8990195403639647
10,False,"Rubber, RSS3",oni,observable,6,seasonal_adjusted_log_return,19,0.008538249708678615,0.056173018745058034,0.15199912519264044
10,False,Coconut oil,oni,observable,6,market_adjusted_log_return,19,0.22618111211121747,0.04420579941223648,5.116548396783634
10,False,Palm oil,oni,observable,6,market_adjusted_log_return,19,0.0952755691410113,0.027225631871283153,3.499480548016421
10,False,"Rubber, RSS3",oni,observable,6,market_adjusted_log_return,19,0.09566084759125962,0.05370730636801881,1.7811514682148155
10,False,Coconut oil,oni,observable,12,seasonal_adjusted_log_return,19,0.06009906821272335,0.08664644408110513,0.6936126329254529
10,False,Palm oil,oni,observable,12,seasonal_adjusted_log_return,19,0.042543556200223896,0.06007125625136681,0.7082181871176682
10,False,"Rubber, RSS3",oni,observable,12,seasonal_adjusted_log_return,19,0.01574640098118977,0.07673946155389949,0.20519300842539753
10,False,Coconut oil,oni,observable,12,market_adjusted_log_return,19,0.3446590987276245,0.09072942668979514,3.7987575949974595
10,False,Palm oil,oni,observable,12,market_adjusted_log_return,19,0.1749818750490848,0.057207968754198944,3.058697570628943
10,False,"Rubber, RSS3",oni,observable,12,market_adjusted_log_return,19,0.18344072887270227,0.07311688737433929,2.508869502793983
10,False,Coconut oil,oni,observable,18,seasonal_adjusted_log_return,18,0.13899213846057884,0.11913639870158835,1.1666639245049277
10,False,Palm oil,oni,observable,18,seasonal_adjusted_log_return,18,0.11764023142145981,0.0689427918868489,1.7063456265962464
10,False,"Rubber, RSS3",oni,observable,18,seasonal_adjusted_log_return,18,-0.00809890548044886,0.08684633725602946,-0.09325557917972618
10,False,Coconut oil,oni,observable,18,market_adjusted_log_return,18,0.5617467776558871,0.12337896156178342,4.553019173974698
10,False,Palm oil,oni,observable,18,market_adjusted_log_return,18,0.3180779096011049,0.07204297432620824,4.415113514898184
10,False,"Rubber, RSS3",oni,observable,18,market_adjusted_log_return,18,0.24091885012462255,0.08278692958227585,2.910107324190481
10,False,Coconut oil,oni,observable,24,seasonal_adjusted_log_return,18,0.08765035914868209,0.12763511258811167,0.6867260691149821
10,False,Palm oil,oni,observable,24,seasonal_adjusted_log_return,18,0.09002919528361687,0.07820674004776447,1.1511692627596022
10,False,"Rubber, RSS3",oni,observable,24,seasonal_adjusted_log_return,18,0.06851480970780847,0.1021452996470619,0.6707583211811473
10,False,Coconut oil,oni,observable,24,market_adjusted_log_return,18,0.6493772774091722,0.1309261566886315,4.95987428206207
10,False,Palm oil,oni,observable,24,market_adjusted_log_return,18,0.35924557790453654,0.0725225704041864,4.95356929439168
10,False,"Rubber, RSS3",oni,observable,24,market_adjusted_log_return,18,0.39930111271345264,0.09391183681179285,4.251872035190679
11,False,Coconut oil,roni,retrospective,6,seasonal_adjusted_log_return,19,0.010101816408440567,0.08207895856916057,0.12307437356102262
11,False,Palm oil,roni,retrospective,6,seasonal_adjusted_log_return,19,0.012650031010890836,0.06814885874158866,0.18562351952008557
11,False,"Rubber, RSS3",roni,retrospective,6,seasonal_adjusted_log_return,19,-0.005918178554433393,0.051253933083138574,-0.1154677933658977
11,False,Coconut oil,roni,retrospective,6,market_adjusted_log_return,19,0.1767259897538356,0.07642358599577079,2.312453510930715
11,False,Palm oil,roni,retrospective,6,market_adjusted_log_return,19,0.0973913695879769,0.05872231332301013,1.6585070321099633
11,False,"Rubber, RSS3",roni,retrospective,6,market_adjusted_log_return,19,0.09204834016367551,0.043915398800892576,2.09603789734467
11,False,Coconut oil,roni,retrospective,12,seasonal_adjusted_log_return,19,0.0848913148909528,0.10916074157236824,0.7776725741156127
11,False,Palm oil,roni,retrospective,12,seasonal_adjusted_log_return,19,0.08499665642495344,0.07931791245593312,1.0715947229722578
11,False,"Rubber, RSS3",roni,retrospective,12,seasonal_adjusted_log_return,19,0.006911456978730285,0.06864147857554626,0.10068922060184923
11,False,Coconut oil,roni,retrospective,12,market_adjusted_log_return,19,0.3762055926203862,0.10520694216656755,3.5758628173487215
11,False,Palm oil,roni,retrospective,12,market_adjusted_log_return,19,0.22420376786865437,0.0739123215098669,3.033374724114495
11,False,"Rubber, RSS3",roni,retrospective,12,market_adjusted_log_return,19,0.1784717523353889,0.06347561994328768,2.811658279113218
11,False,Coconut oil,roni,retrospective,18,seasonal_adjusted_log_return,19,0.06184600430657515,0.13123297955189808,0.47126876580682375
11,False,Palm oil,roni,retrospective,18,seasonal_adjusted_log_return,19,0.07003233984256288,0.0881323169645198,0.7946272406608397
11,False,"Rubber, RSS3",roni,retrospective,18,seasonal_adjusted_log_return,19,0.08828167561670261,0.07817000489461097,1.1293548687341677
11,False,Coconut oil,roni,retrospective,18,market_adjusted_log_return,19,0.49218601844667825,0.12630288067508183,3.896870885414264
11,False,Palm oil,roni,retrospective,18,market_adjusted_log_return,19,0.27807172819428194,0.07689346131929,3.6163247618627237
11,False,"Rubber, RSS3",roni,retrospective,18,market_adjusted_log_return,19,0.3416411160633381,0.07214726168167838,4.735330324395346
11,False,Coconut oil,roni,retrospective,24,seasonal_adjusted_log_return,19,0.07306188632584303,0.10729767390350495,0.680927029150223
11,False,Palm oil,roni,retrospective,24,seasonal_adjusted_log_return,19,0.060551210781440906,0.08180929124319804,0.7401507806911282
11,False,"Rubber, RSS3",roni,retrospective,24,seasonal_adjusted_log_return,19,0.06245552010114282,0.08280842256999132,0.7542170006722948
11,False,Coconut oil,roni,retrospective,24,market_adjusted_log_return,19,0.6200771187436133,0.10713138102414549,5.788006397526594
11,False,Palm oil,roni,retrospective,24,market_adjusted_log_return,19,0.315024225706911,0.07692412650881926,4.095259055958131
11,False,"Rubber, RSS3",roni,retrospective,24,market_adjusted_log_return,19,0.3848212105619818,0.07919736176557844,4.859015527575777
11,False,Coconut oil,roni,observable,6,seasonal_adjusted_log_return,19,0.05080030815496432,0.05107533306441432,0.994615308546238
11,False,Palm oil,roni,observable,6,seasonal_adjusted_log_return,19,0.06425971198017248,0.049297613467090176,1.3035055342602055
11,False,"Rubber, RSS3",roni,observable,6,seasonal_adjusted_log_return,19,0.006119189900354256,0.04026454202485962,0.15197465543197347
11,False,Coconut oil,roni,observable,6,market_adjusted_log_return,19,0.207612918523327,0.04906970077513784,4.230979917214379
11,False,Palm oil,roni,observable,6,market_adjusted_log_return,19,0.13916835822111598,0.04854818341639587,2.8666027939186605
11,False,"Rubber, RSS3",roni,observable,6,market_adjusted_log_return,19,0.09846980768285225,0.039687723679622956,2.48111502886244
11,False,Coconut oil,roni,observable,12,seasonal_adjusted_log_return,19,0.027754997570586682,0.07781170550834332,0.3566943737997192
11,False,Palm oil,roni,observable,12,seasonal_adjusted_log_return,19,0.04929539539778189,0.07338512716374553,0.67173550422265
11,False,"Rubber, RSS3",roni,observable,12,seasonal_adjusted_log_return,19,0.08748940853832661,0.06678291304378305,1.3100567877440197
11,False,Coconut oil,roni,observable,12,market_adjusted_log_return,19,0.323593344349619,0.0728579259452064,4.441429537714001
11,False,Palm oil,roni,observable,12,market_adjusted_log_return,19,0.19303631854674352,0.06408877080189093,3.012014681065595
11,False,"Rubber, RSS3",roni,observable,12,market_adjusted_log_return,19,0.2616391714108014,0.062125145235960674,4.211485871253199
11,False,Coconut oil,roni,observable,18,seasonal_adjusted_log_return,19,0.038970879589854526,0.07202822772624025,0.5410500968866299
11,False,Palm oil,roni,observable,18,seasonal_adjusted_log_return,19,0.039814266336659965,0.07550089933670606,0.5273349945025565
11,False,"Rubber, RSS3",roni,observable,18,seasonal_adjusted_log_return,19,0.06166325302276678,0.07890672342951006,0.7814702010514043
11,False,Coconut oil,roni,observable,18,market_adjusted_log_return,19,0.4514844446465541,0.07056864624147237,6.397805097488493
11,False,Palm oil,roni,observable,18,market_adjusted_log_return,19,0.22998881605937252,0.07285604349817347,3.1567568730950706
11,False,"Rubber, RSS3",roni,observable,18,market_adjusted_log_return,19,0.30481926590944514,0.07610064638311677,4.00547538551618
11,False,Coconut oil,roni,observable,24,seasonal_adjusted_log_return,19,0.06443954527022543,0.0955520889604899,0.6743918000251226
11,False,Palm oil,roni,observable,24,seasonal_adjusted_log_return,19,0.02207885591257667,0.0953458278344469,0.2315660413679888
11,False,"Rubber, RSS3",roni,observable,24,seasonal_adjusted_log_return,19,0.08262754712378315,0.10042461699705699,0.8227817998669051
11,False,Coconut oil,roni,observable,24,market_adjusted_log_return,19,0.6263676396162775,0.0861973350502381,7.266670590815989
11,False,Palm oil,roni,observable,24,market_adjusted_log_return,19,0.29149684785500307,0.08726064760289642,3.3405304207864654
11,False,"Rubber, RSS3",roni,observable,24,market_adjusted_log_return,19,0.4135289984467519,0.08947291140148371,4.621834608590756
11,False,Coconut oil,oni,retrospective,6,seasonal_adjusted_log_return,19,-0.006258633560778685,0.07887930679041151,-0.07934442904535614
11,False,Palm oil,oni,retrospective,6,seasonal_adjusted_log_return,19,0.027417249021745412,0.06322511963437812,0.4336448737510576
11,False,"Rubber, RSS3",oni,retrospective,6,seasonal_adjusted_log_return,19,0.0061995725644637505,0.05287548000787376,0.11724853492659668
11,False,Coconut oil,oni,retrospective,6,market_adjusted_log_return,19,0.1530770793463917,0.07514903932400388,2.036979856607379
11,False,Palm oil,oni,retrospective,6,market_adjusted_log_return,19,0.10485443134350608,0.05413221204662466,1.9370062182789394
11,False,"Rubber, RSS3",oni,retrospective,6,market_adjusted_log_return,19,0.09999435311098838,0.04496933730380742,2.223611889929322
11,False,Coconut oil,oni,retrospective,12,seasonal_adjusted_log_return,18,0.07779759228868216,0.11293535890621831,0.6888683317798228
11,False,Palm oil,oni,retrospective,12,seasonal_adjusted_log_return,18,0.1028512410181806,0.07541914610987208,1.3637285268165849
11,False,"Rubber, RSS3",oni,retrospective,12,seasonal_adjusted_log_return,18,-0.022070607623077394,0.061652805642270284,-0.3579822101063538
11,False,Coconut oil,oni,retrospective,12,market_adjusted_log_return,18,0.3775525950186834,0.10872087036845655,3.4726781871700654
11,False,Palm oil,oni,retrospective,12,market_adjusted_log_return,18,0.2505172546998686,0.06980557994953568,3.588785522317474
11,False,"Rubber, RSS3",oni,retrospective,12,market_adjusted_log_return,18,0.15432095422383207,0.05588137890211336,2.761580999891824
11,False,Coconut oil,oni,retrospective,18,seasonal_adjusted_log_return,18,0.02645581297678546,0.13147257824184175,0.20122685148929237
11,False,Palm oil,oni,retrospective,18,seasonal_adjusted_log_return,18,0.07524020488033765,0.08919395749192344,0.8435571982233292
11,False,"Rubber, RSS3",oni,retrospective,18,seasonal_adjusted_log_return,18,0.054543107565179924,0.0793644171879054,0.6872488893359117
11,False,Coconut oil,oni,retrospective,18,market_adjusted_log_return,18,0.4651830947719684,0.12585000735033544,3.6963295002201564
11,False,Palm oil,oni,retrospective,18,market_adjusted_log_return,18,0.2916849230033003,0.07609791556163213,3.833021191849375
11,False,"Rubber, RSS3",oni,retrospective,18,market_adjusted_log_return,18,0.3127032168126622,0.07155144042637299,4.370327347000601
11,False,Coconut oil,oni,retrospective,24,seasonal_adjusted_log_return,18,0.07273489802054983,0.1174152319482995,0.6194673111285647
11,False,Palm oil,oni,retrospective,24,seasonal_adjusted_log_return,18,0.08588183953066976,0.08398132260944705,1.0226302332729507
11,False,"Rubber, RSS3",oni,retrospective,24,seasonal_adjusted_log_return,18,0.05224813392723763,0.08334756333822041,0.6268705626728067
11,False,Coconut oil,oni,retrospective,24,market_adjusted_log_return,18,0.6261565053512276,0.11401622695937597,5.49181920898266
11,False,Palm oil,oni,retrospective,24,market_adjusted_log_return,18,0.34677502560074314,0.07459097273032667,4.649021361532048
11,False,"Rubber, RSS3",oni,retrospective,24,market_adjusted_log_return,18,0.37828067817594824,0.0783989960084868,4.825070440123989
11,False,Coconut oil,oni,observable,6,seasonal_adjusted_log_return,18,0.06179518025781155,0.0573116420732317,1.0782308449450964
11,False,Palm oil,oni,observable,6,seasonal_adjusted_log_return,18,0.06689744965911143,0.04951897681019166,1.3509457175484902
11,False,"Rubber, RSS3",oni,observable,6,seasonal_adjusted_log_return,18,-0.03763810842937579,0.041181064602273075,-0.9139663773359146
11,False,Coconut oil,oni,observable,6,market_adjusted_log_return,18,0.21705141636037634,0.054652091339141305,3.971511630057717
11,False,Palm oil,oni,observable,6,market_adjusted_log_return,18,0.14024636995717468,0.0485538890668591,2.8884683112418514
11,False,"Rubber, RSS3",oni,observable,6,market_adjusted_log_return,18,0.05382167843088119,0.04028959237460686,1.3358705129219213
11,False,Coconut oil,oni,observable,12,seasonal_adjusted_log_return,18,0.010453400945914845,0.08060008531042996,0.1296946635435153
11,False,Palm oil,oni,observable,12,seasonal_adjusted_log_return,18,0.03928641352126852,0.078516719654746,0.5003572957966007
11,False,"Rubber, RSS3",oni,observable,12,seasonal_adjusted_log_return,18,0.03897560675888154,0.07646621985911001,0.509710128612276
11,False,Coconut oil,oni,observable,12,market_adjusted_log_return,18,0.30468191611366147,0.07227579713026255,4.215545565890249
11,False,Palm oil,oni,observable,12,market_adjusted_log_return,18,0.1814140382606064,0.0680332703088912,2.666548843483974
11,False,"Rubber, RSS3",oni,observable,12,market_adjusted_log_return,18,0.2122039410197113,0.07012676768168963,3.026004877095149
11,False,Coconut oil,oni,observable,18,seasonal_adjusted_log_return,18,0.05673248598967925,0.081751874301561,0.6939594532158142
11,False,Palm oil,oni,observable,18,seasonal_adjusted_log_return,18,0.0499280481716006,0.08198873145391015,0.6089623206289949
11,False,"Rubber, RSS3",oni,observable,18,seasonal_adjusted_log_return,18,0.03668063312093924,0.08460583963236666,0.433547297448092
11,False,Coconut oil,oni,observable,18,market_adjusted_log_return,18,0.46565532669292065,0.07515712751988708,6.195757369381967
11,False,Palm oil,oni,observable,18,market_adjusted_log_return,18,0.23650414085804922,0.07764065939294577,3.0461377158208083
11,False,"Rubber, RSS3",oni,observable,18,market_adjusted_log_return,18,0.27778140238299726,0.08214604643306095,3.381555344959363
11,False,Coconut oil,oni,observable,24,seasonal_adjusted_log_return,18,0.04910796240716098,0.10656573414004979,0.4608231980330824
11,False,Palm oil,oni,observable,24,seasonal_adjusted_log_return,18,0.030228620045995833,0.10620872751893794,0.28461521714969995
11,False,"Rubber, RSS3",oni,observable,24,seasonal_adjusted_log_return,18,0.016565752551226654,0.10008920998549792,0.16550987417751517
11,False,Coconut oil,oni,observable,24,market_adjusted_log_return,18,0.6102245796284694,0.09526787690750561,6.405355083339674
11,False,Palm oil,oni,observable,24,market_adjusted_log_return,18,0.29883338733460313,0.09613180319128294,3.10857986029852
11,False,"Rubber, RSS3",oni,observable,24,market_adjusted_log_return,18,0.3470027340282858,0.09084979870804637,3.819521220332132
12,False,Coconut oil,roni,retrospective,6,seasonal_adjusted_log_return,19,0.001605276870272159,0.04953173752364935,0.03240905630467144
12,False,Palm oil,roni,retrospective,6,seasonal_adjusted_log_return,19,0.022690930082407527,0.053897124968818384,0.4210044616579294
12,False,"Rubber, RSS3",roni,retrospective,6,seasonal_adjusted_log_return,19,0.0777289233923137,0.059715158396980696,1.3016615124015782
12,False,Coconut oil,roni,retrospective,6,market_adjusted_log_return,19,0.15700014577911447,0.044064926063944604,3.5629277024380905
12,False,Palm oil,roni,retrospective,6,market_adjusted_log_return,19,0.0961787817347325,0.04631028574801189,2.076834124023117
12,False,"Rubber, RSS3",roni,retrospective,6,market_adjusted_log_return,19,0.1692680603121181,0.05448193251315441,3.1068659370929823
12,False,Coconut oil,roni,retrospective,12,seasonal_adjusted_log_return,19,0.01282115888954002,0.06302811661117648,0.20341967329651264
12,False,Palm oil,roni,retrospective,12,seasonal_adjusted_log_return,19,0.013209801021285567,0.0673649781560909,0.19609300533991467
12,False,"Rubber, RSS3",roni,retrospective,12,seasonal_adjusted_log_return,19,0.05190276787675391,0.07805328170930972,0.6649658635757689
12,False,Coconut oil,roni,retrospective,12,market_adjusted_log_return,19,0.28489124607604954,0.05987701144105391,4.757940304961806
12,False,Palm oil,roni,retrospective,12,market_adjusted_log_return,19,0.13313127924736154,0.06568707910084337,2.0267498733347122
12,False,"Rubber, RSS3",roni,retrospective,12,market_adjusted_log_return,19,0.21244815481076187,0.07386638034714603,2.8761143271449097
12,False,Coconut oil,roni,retrospective,18,seasonal_adjusted_log_return,19,0.038289824569910896,0.09476939304249131,0.4040315479570822
12,False,Palm oil,roni,retrospective,18,seasonal_adjusted_log_return,19,-0.0045256094027977005,0.09315368545349093,-0.048582183096311446
12,False,"Rubber, RSS3",roni,retrospective,18,seasonal_adjusted_log_return,19,0.07286706197777026,0.09905799520110456,0.7356000071456903
12,False,Coconut oil,roni,retrospective,18,market_adjusted_log_return,19,0.4597744410457729,0.08451631388418096,5.440067365879637
12,False,Palm oil,roni,retrospective,18,market_adjusted_log_return,19,0.19463931104299206,0.08720151094783225,2.2320635150397083
12,False,"Rubber, RSS3",roni,retrospective,18,market_adjusted_log_return,19,0.32115788734806855,0.08934914033695608,3.594414967361841
12,False,Coconut oil,roni,retrospective,24,seasonal_adjusted_log_return,19,0.04778673154912188,0.1333153732618544,0.3584487698598758
12,False,Palm oil,roni,retrospective,24,seasonal_adjusted_log_return,19,0.004834717037315084,0.11727905656545465,0.041224044419361255
12,False,"Rubber, RSS3",roni,retrospective,24,seasonal_adjusted_log_return,19,0.08559762689997137,0.09725958387444358,0.8800945211782202
12,False,Coconut oil,roni,retrospective,24,market_adjusted_log_return,19,0.5862577746752174,0.11775600257077462,4.9785808101193
12,False,Palm oil,roni,retrospective,24,market_adjusted_log_return,19,0.25074514262167175,0.10484391688347722,2.3916041109027635
12,False,"Rubber, RSS3",roni,retrospective,24,market_adjusted_log_return,19,0.40307283041704056,0.08676265699544476,4.64569486891351
12,False,Coconut oil,roni,observable,6,seasonal_adjusted_log_return,19,0.001053296924869154,0.054088171681319276,0.019473701774854718
12,False,Palm oil,roni,observable,6,seasonal_adjusted_log_return,19,-0.008314343928897268,0.055129303151471895,-0.1508153278493832
12,False,"Rubber, RSS3",roni,observable,6,seasonal_adjusted_log_return,19,-0.008137068261470513,0.04664885607582895,-0.17443232151809882
12,False,Coconut oil,roni,observable,6,market_adjusted_log_return,19,0.14016124439794772,0.05401929210389453,2.5946516316499966
12,False,Palm oil,roni,observable,6,market_adjusted_log_return,19,0.04885151213967937,0.055974766906770446,0.8727416805691159
12,False,"Rubber, RSS3",roni,observable,6,market_adjusted_log_return,19,0.07407982942454035,0.04546227106109603,1.6294792955896469
12,False,Coconut oil,roni,observable,12,seasonal_adjusted_log_return,19,0.026521962605240045,0.09614420555003464,0.27585606905283216
12,False,Palm oil,roni,observable,12,seasonal_adjusted_log_return,19,-0.02604975435298056,0.07636551191884348,-0.34111935739610594
12,False,"Rubber, RSS3",roni,observable,12,seasonal_adjusted_log_return,19,0.012827225839545833,0.07123066901412978,0.18008009775959485
12,False,Coconut oil,roni,observable,12,market_adjusted_log_return,19,0.31504443936767107,0.09120649071269131,3.454188807242782
12,False,Palm oil,roni,observable,12,market_adjusted_log_return,19,0.11035954393530996,0.07507324178384202,1.4700250224050215
12,False,"Rubber, RSS3",roni,observable,12,market_adjusted_log_return,19,0.18278956196184706,0.06516455441482545,2.8050458351674235
12,False,Coconut oil,roni,observable,18,seasonal_adjusted_log_return,19,0.03601886958445098,0.1417235336358131,0.2541488252544468
12,False,Palm oil,roni,observable,18,seasonal_adjusted_log_return,19,-0.016689427912867753,0.10520822753999554,-0.1586323456169164
12,False,"Rubber, RSS3",roni,observable,18,seasonal_adjusted_log_return,19,0.025557790761746964,0.07800941210323249,0.3276244503410111
12,False,Coconut oil,roni,observable,18,market_adjusted_log_return,19,0.4415277729971157,0.12939239599881824,3.4123162307091697
12,False,Palm oil,roni,observable,18,market_adjusted_log_return,19,0.16646537551398957,0.09593708571266704,1.7351514722112342
12,False,"Rubber, RSS3",roni,observable,18,market_adjusted_log_return,19,0.264704505030819,0.07086982566795803,3.735080516086246
12,False,Coconut oil,roni,observable,24,seasonal_adjusted_log_return,19,0.047471112984964384,0.13233090734382008,0.3587303520985138
12,False,Palm oil,roni,observable,24,seasonal_adjusted_log_return,19,-0.003778179913431893,0.10338439196693555,-0.03654497397092815
12,False,"Rubber, RSS3",roni,observable,24,seasonal_adjusted_log_return,19,0.05381867364417836,0.06848888701099784,0.7858015510682228
12,False,Coconut oil,roni,observable,24,market_adjusted_log_return,19,0.5953270171868781,0.12475537186977173,4.771954972875409
12,False,Palm oil,roni,observable,24,market_adjusted_log_return,19,0.25153731719642697,0.09885063187075496,2.544620225850519
12,False,"Rubber, RSS3",roni,observable,24,market_adjusted_log_return,19,0.37666554426664556,0.06492778336460621,5.801299917347487
12,False,Coconut oil,oni,retrospective,6,seasonal_adjusted_log_return,18,-0.041016385831938375,0.05074718645325498,-0.8082494557549512
12,False,Palm oil,oni,retrospective,6,seasonal_adjusted_log_return,18,-0.006212151788085402,0.05956323512773835,-0.10429507018487028
12,False,"Rubber, RSS3",oni,retrospective,6,seasonal_adjusted_log_return,18,0.07226039281393819,0.05599063016076971,1.2905800953918898
12,False,Coconut oil,oni,retrospective,6,market_adjusted_log_return,18,0.11487235873873448,0.043560298908456634,2.637088395103588
12,False,Palm oil,oni,retrospective,6,market_adjusted_log_return,18,0.06777063909527299,0.05263205554494963,1.287630482860288
12,False,"Rubber, RSS3",oni,retrospective,6,market_adjusted_log_return,18,0.16408221219706082,0.051195776951232425,3.2049950595214263
12,False,Coconut oil,oni,retrospective,12,seasonal_adjusted_log_return,18,0.0052626992118260186,0.07622331104689865,0.06904317248286403
12,False,Palm oil,oni,retrospective,12,seasonal_adjusted_log_return,18,0.004429482862246683,0.06977009815661415,0.06348683718781284
12,False,"Rubber, RSS3",oni,retrospective,12,seasonal_adjusted_log_return,18,0.06996541917599589,0.07683249860939077,0.9106227240076302
12,False,Coconut oil,oni,retrospective,12,market_adjusted_log_return,18,0.2758457693179936,0.07069599703368419,3.9018583921599217
12,False,Palm oil,oni,retrospective,12,market_adjusted_log_return,18,0.12286074169271582,0.06587128076302967,1.8651640027268386
12,False,"Rubber, RSS3",oni,retrospective,12,market_adjusted_log_return,18,0.22965967356034683,0.07314838600571442,3.139641024238123
12,False,Coconut oil,oni,retrospective,18,seasonal_adjusted_log_return,18,-0.002361824370692267,0.11501704785082152,-0.02053455913557772
12,False,Palm oil,oni,retrospective,18,seasonal_adjusted_log_return,18,-0.015269945263358065,0.09921214016025749,-0.15391206397415177
12,False,"Rubber, RSS3",oni,retrospective,18,seasonal_adjusted_log_return,18,0.04985053860628331,0.09735236794065165,0.5120629283169917
12,False,Coconut oil,oni,retrospective,18,market_adjusted_log_return,18,0.42041502225354244,0.1033646196418932,4.067301013732461
12,False,Palm oil,oni,retrospective,18,market_adjusted_log_return,18,0.18518998816926974,0.09056345471087682,2.0448644407447514
12,False,"Rubber, RSS3",oni,retrospective,18,market_adjusted_log_return,18,0.2988810052056354,0.08756814577874615,3.413124744707994
12,False,Coconut oil,oni,retrospective,24,seasonal_adjusted_log_return,18,-0.0033178261543186033,0.1425041899972034,-0.023282305975590716
12,False,Palm oil,oni,retrospective,24,seasonal_adjusted_log_return,18,-0.060405775306760896,0.10988832507581085,-0.5497014834386416
12,False,"Rubber, RSS3",oni,retrospective,24,seasonal_adjusted_log_return,18,0.07325476262937754,0.09800830170571344,0.7474342617356783
12,False,Coconut oil,oni,retrospective,24,market_adjusted_log_return,18,0.5377565132123013,0.1320833404877935,4.071342466251436
12,False,Palm oil,oni,retrospective,24,market_adjusted_log_return,18,0.18811355275855932,0.10410488777601618,1.8069617745834328
12,False,"Rubber, RSS3",oni,retrospective,24,market_adjusted_log_return,18,0.39222002984242005,0.08855591028383648,4.429066660658665
12,False,Coconut oil,oni,observable,6,seasonal_adjusted_log_return,18,0.0479633610946667,0.049466640343606275,0.9696102415992381
12,False,Palm oil,oni,observable,6,seasonal_adjusted_log_return,18,0.015012802396100484,0.04877927710460893,0.3077700877752859
12,False,"Rubber, RSS3",oni,observable,6,seasonal_adjusted_log_return,18,-0.012749432364715941,0.04364761100875261,-0.2920992024548448
12,False,Coconut oil,oni,observable,6,market_adjusted_log_return,18,0.18171310606106678,0.04947918142022962,3.6725164169101063
12,False,Palm oil,oni,observable,6,market_adjusted_log_return,18,0.06680891698248437,0.050596971056171634,1.3204133683874988
12,False,"Rubber, RSS3",oni,observable,6,market_adjusted_log_return,18,0.06640056002385272,0.04322588834112889,1.5361294486265866
12,False,Coconut oil,oni,observable,12,seasonal_adjusted_log_return,18,0.040338837512148416,0.09993508992786862,0.40365038487746674
12,False,Palm oil,oni,observable,12,seasonal_adjusted_log_return,18,-0.004686625729504287,0.07566128945436175,-0.061942186860709264
12,False,"Rubber, RSS3",oni,observable,12,seasonal_adjusted_log_return,18,-0.03286431293442852,0.06416431899075725,-0.5121898502368982
12,False,Coconut oil,oni,observable,12,market_adjusted_log_return,18,0.3262823589966157,0.09536917667189242,3.421255906603406
12,False,Palm oil,oni,observable,12,market_adjusted_log_return,18,0.12913816345903834,0.07277895981493866,1.7743886940320264
12,False,"Rubber, RSS3",oni,observable,12,market_adjusted_log_return,18,0.13562189166914124,0.05919423426844513,2.2911334751641115
12,False,Coconut oil,oni,observable,18,seasonal_adjusted_log_return,18,0.03938283572852208,0.13967539992410938,0.2819597133777328
12,False,Palm oil,oni,observable,18,seasonal_adjusted_log_return,18,-0.049822455772907094,0.09413437155606,-0.5292695425627423
12,False,"Rubber, RSS3",oni,observable,18,seasonal_adjusted_log_return,18,-0.009460088911334283,0.07109026946139253,-0.1330715016697445
12,False,Coconut oil,oni,observable,18,market_adjusted_log_return,18,0.4436238499553744,0.13339900503481883,3.325540920185896
12,False,Palm oil,oni,observable,18,market_adjusted_log_return,18,0.1320617280483279,0.09061564828666427,1.4573832505236644
12,False,"Rubber, RSS3",oni,observable,18,market_adjusted_log_return,18,0.22896091630592588,0.06658710820652973,3.4385171915826387
12,False,Coconut oil,oni,observable,24,seasonal_adjusted_log_return,18,0.05529748309836302,0.12865157194926963,0.4298236100851386
12,False,Palm oil,oni,observable,24,seasonal_adjusted_log_return,18,-0.021376336397005744,0.09309456829145879,-0.2296195877946509
12,False,"Rubber, RSS3",oni,observable,24,seasonal_adjusted_log_return,18,0.021174979861462946,0.07247968207618666,0.29215056212863866
12,False,Coconut oil,oni,observable,24,market_adjusted_log_return,18,0.6043443516953635,0.12444506327880749,4.856314391044879
12,False,Palm oil,oni,observable,24,market_adjusted_log_return,18,0.2351326898689723,0.09103436804179853,2.582900226879269
12,False,"Rubber, RSS3",oni,observable,24,market_adjusted_log_return,18,0.34470352964924783,0.06831292959101803,5.0459485739076015
13,False,Coconut oil,roni,retrospective,6,seasonal_adjusted_log_return,19,0.023549884156615134,0.06197221084355489,0.38000716508348226
13,False,Palm oil,roni,retrospective,6,seasonal_adjusted_log_return,19,-0.01664393944575491,0.04613317884367859,-0.36078024239674844
13,False,"Rubber, RSS3",roni,retrospective,6,seasonal_adjusted_log_return,19,0.007444692707311652,0.04352266820641531,0.1710532238511584
13,False,Coconut oil,roni,retrospective,6,market_adjusted_log_return,19,0.1930120480796266,0.06311529754682926,3.058086637972651
13,False,Palm oil,roni,retrospective,6,market_adjusted_log_return,19,0.07094150136742709,0.04612371530120129,1.5380699690855004
13,False,"Rubber, RSS3",roni,retrospective,6,market_adjusted_log_return,19,0.10703560847382146,0.03855919037717767,2.775878005394363
13,False,Coconut oil,roni,retrospective,12,seasonal_adjusted_log_return,19,0.033046791135826106,0.1154133175520999,0.28633429691428913
13,False,Palm oil,roni,retrospective,12,seasonal_adjusted_log_return,19,-0.007283613005642103,0.07627801272822832,-0.09548771323648611
13,False,"Rubber, RSS3",roni,retrospective,12,seasonal_adjusted_log_return,19,0.020175257629512777,0.048130205243039424,0.4191807935917854
13,False,Coconut oil,roni,retrospective,12,market_adjusted_log_return,19,0.3194953817090712,0.11025147316604848,2.897878572814015
13,False,Palm oil,roni,retrospective,12,market_adjusted_log_return,19,0.12704733294610673,0.06865013549178053,1.850649412939878
13,False,"Rubber, RSS3",roni,retrospective,12,market_adjusted_log_return,19,0.1889505515427935,0.04318247350809489,4.375630578627536
13,False,Coconut oil,roni,retrospective,18,seasonal_adjusted_log_return,19,0.0444990345363395,0.12009861365185948,0.3705208010588099
13,False,Palm oil,roni,retrospective,18,seasonal_adjusted_log_return,19,0.005627634993793745,0.0765638016222236,0.0735025543998099
13,False,"Rubber, RSS3",roni,retrospective,18,seasonal_adjusted_log_return,19,0.04843614051194419,0.06131118907490979,0.7900049117097548
13,False,Coconut oil,roni,retrospective,18,market_adjusted_log_return,19,0.47329462589883364,0.11824548092340204,4.002644517175486
13,False,Palm oil,roni,retrospective,18,market_adjusted_log_return,19,0.2121192746285441,0.07186750541145356,2.951532454259064
13,False,"Rubber, RSS3",roni,retrospective,18,market_adjusted_log_return,19,0.3009115907786199,0.059502792416300535,5.05710032351669
13,False,Coconut oil,roni,retrospective,24,seasonal_adjusted_log_return,19,0.07638830221307302,0.1207655242160397,0.632534017543124
13,False,Palm oil,roni,retrospective,24,seasonal_adjusted_log_return,19,0.07200959596089282,0.08344452927045864,0.8629636549029696
13,False,"Rubber, RSS3",roni,retrospective,24,seasonal_adjusted_log_return,19,0.06326551531836416,0.07172972517449351,0.8819985740146241
13,False,Coconut oil,roni,retrospective,24,market_adjusted_log_return,19,0.6330275321613168,0.12095651824126441,5.233513177840125
13,False,Palm oil,roni,retrospective,24,market_adjusted_log_return,19,0.33612733385073246,0.07791917849311489,4.31379463119511
13,False,"Rubber, RSS3",roni,retrospective,24,market_adjusted_log_return,19,0.39113974879749913,0.06862197175338043,5.699919993602209
13,False,Coconut oil,roni,observable,6,seasonal_adjusted_log_return,20,0.004493887965559023,0.06332316028594301,0.07096752507718117
13,False,Palm oil,roni,observable,6,seasonal_adjusted_log_return,20,0.012210799480697851,0.0394274561691084,0.30970294985110075
13,False,"Rubber, RSS3",roni,observable,6,seasonal_adjusted_log_return,20,0.004236132972155984,0.03402811203975434,0.1244892154818051
13,False,Coconut oil,roni,observable,6,market_adjusted_log_return,20,0.14986030848225534,0.05868327342691328,2.553714197093963
13,False,Palm oil,roni,observable,6,market_adjusted_log_return,20,0.07564860631552724,0.03712938360036985,2.03743232394447
13,False,"Rubber, RSS3",roni,observable,6,market_adjusted_log_return,20,0.09003522899939172,0.03156191035910749,2.8526546072459515
13,False,Coconut oil,roni,observable,12,seasonal_adjusted_log_return,20,0.01457745664553231,0.08628430398195742,0.16894679533580692
13,False,Palm oil,roni,observable,12,seasonal_adjusted_log_return,20,0.027419960233102926,0.055201205324904676,0.49672756367752874
13,False,"Rubber, RSS3",roni,observable,12,seasonal_adjusted_log_return,20,0.028508263253225592,0.06436077942966248,0.44294465520544574
13,False,Coconut oil,roni,observable,12,market_adjusted_log_return,20,0.30204001276864095,0.08175241604817375,3.694569865564091
13,False,Palm oil,roni,observable,12,market_adjusted_log_return,20,0.16276705532587998,0.049225628487763524,3.306551085809712
13,False,"Rubber, RSS3",roni,observable,12,market_adjusted_log_return,20,0.1978639264811084,0.060769859283418375,3.25595498844766
13,False,Coconut oil,roni,observable,18,seasonal_adjusted_log_return,20,0.04364736364765232,0.10172021389323158,0.4290923305909073
13,False,Palm oil,roni,observable,18,seasonal_adjusted_log_return,20,0.08848821199702885,0.06258463581824927,1.4138967310444308
13,False,"Rubber, RSS3",roni,observable,18,seasonal_adjusted_log_return,20,0.040712763569140616,0.06413174226061794,0.6348301501570391
13,False,Coconut oil,roni,observable,18,market_adjusted_log_return,20,0.45957901377620736,0.09900810018636555,4.6418324653349545
13,False,Palm oil,roni,observable,18,market_adjusted_log_return,20,0.28208820769292553,0.05705200946804855,4.944404418408897
13,False,"Rubber, RSS3",roni,observable,18,market_adjusted_log_return,20,0.2858252055383175,0.0620220706822448,4.60844345237479
13,False,Coconut oil,roni,observable,24,seasonal_adjusted_log_return,20,0.1560309412560909,0.1142332123843033,1.365898218209707
13,False,Palm oil,roni,observable,24,seasonal_adjusted_log_return,20,0.14450726810063078,0.07700497008554508,1.8765966396727012
13,False,"Rubber, RSS3",roni,observable,24,seasonal_adjusted_log_return,20,0.0637376378631444,0.060717549078548094,1.0497399653054067
13,False,Coconut oil,roni,observable,24,market_adjusted_log_return,20,0.6928500468640089,0.10748493512210149,6.446020049944118
13,False,Palm oil,roni,observable,24,market_adjusted_log_return,20,0.388762198692722,0.06508499080868771,5.973146709591745
13,False,"Rubber, RSS3",roni,observable,24,market_adjusted_log_return,20,0.3802673123675963,0.05751557360124942,6.611553855029896
13,False,Coconut oil,oni,retrospective,6,seasonal_adjusted_log_return,18,0.014402736459687811,0.07008117087325055,0.20551506603302522
13,False,Palm oil,oni,retrospective,6,seasonal_adjusted_log_return,18,-0.023420499629753313,0.050495555981946265,-0.46381308561345225
13,False,"Rubber, RSS3",oni,retrospective,6,seasonal_adjusted_log_return,18,-0.03471425666059042,0.03765966165284095,-0.9217888620614217
13,False,Coconut oil,oni,retrospective,6,market_adjusted_log_return,18,0.1890080329736736,0.06842505392014558,2.7622635591088103
13,False,Palm oil,oni,retrospective,6,market_adjusted_log_return,18,0.06931914959338521,0.04532356433146761,1.5294284687415407
13,False,"Rubber, RSS3",oni,retrospective,6,market_adjusted_log_return,18,0.06782046359428028,0.030346055428131537,2.2349021194830168
13,False,Coconut oil,oni,retrospective,12,seasonal_adjusted_log_return,18,0.0134467346760615,0.11856356655790931,0.1134137160886923
13,False,Palm oil,oni,retrospective,12,seasonal_adjusted_log_return,18,-0.06855632967315611,0.07555317523164623,-0.9073917735814839
13,False,"Rubber, RSS3",oni,retrospective,12,seasonal_adjusted_log_return,18,-0.011310032637496182,0.04551286485752556,-0.2485018834323295
13,False,Coconut oil,oni,retrospective,12,market_adjusted_log_return,18,0.3063495239324323,0.11706488438741552,2.6169207404553236
13,False,Palm oil,oni,retrospective,12,market_adjusted_log_return,18,0.07224271418267475,0.06922816372170722,1.0435451454856701
13,False,"Rubber, RSS3",oni,retrospective,12,market_adjusted_log_return,18,0.16115948823106496,0.039284876505365184,4.102329002079342
13,False,Coconut oil,oni,retrospective,18,seasonal_adjusted_log_return,18,0.029361382045902454,0.1165201344615898,0.2519854802912304
13,False,Palm oil,oni,retrospective,18,seasonal_adjusted_log_return,18,-0.040110210297254784,0.07375731176350095,-0.5438133432230573
13,False,"Rubber, RSS3",oni,retrospective,18,seasonal_adjusted_log_return,18,0.019325036135301055,0.05720992103743262,0.33779169390317154
13,False,Coconut oil,oni,retrospective,18,market_adjusted_log_return,18,0.4670700256724214,0.11600583123071091,4.0262633413963345
13,False,Palm oil,oni,retrospective,18,market_adjusted_log_return,18,0.17531367600331918,0.06922417649775295,2.5325498239622966
13,False,"Rubber, RSS3",oni,retrospective,18,market_adjusted_log_return,18,0.2769021015743869,0.051979046760307256,5.327186988466236
13,False,Coconut oil,oni,retrospective,24,seasonal_adjusted_log_return,18,0.051041776256387256,0.10935758071482918,0.46674200291142554
13,False,Palm oil,oni,retrospective,24,seasonal_adjusted_log_return,18,0.004881112832768233,0.07577473769489537,0.0644160967263507
13,False,"Rubber, RSS3",oni,retrospective,24,seasonal_adjusted_log_return,18,0.044189918989192674,0.06522010808007471,0.677550532957382
13,False,Coconut oil,oni,retrospective,24,market_adjusted_log_return,18,0.6198397198313721,0.1113937457520823,5.5644032404735375
13,False,Palm oil,oni,retrospective,24,market_adjusted_log_return,18,0.2811837483352377,0.07114899198957328,3.9520412091916146
13,False,"Rubber, RSS3",oni,retrospective,24,market_adjusted_log_return,18,0.3790235055695696,0.06026268343569277,6.289522536347579
13,False,Coconut oil,oni,observable,6,seasonal_adjusted_log_return,19,-0.026405919750625638,0.06944141407544163,-0.38026183801410013
13,False,Palm oil,oni,observable,6,seasonal_adjusted_log_return,19,-0.04214217707455353,0.052528361909227377,-0.802274724412273
13,False,"Rubber, RSS3",oni,observable,6,seasonal_adjusted_log_return,19,0.006603459587801277,0.033882894303076165,0.19489065865314112
13,False,Coconut oil,oni,observable,6,market_adjusted_log_return,19,0.12515688777853104,0.06425622745097523,1.9477783359444876
13,False,Palm oil,oni,observable,6,market_adjusted_log_return,19,0.027505360792101845,0.044118369405315376,0.6234446368452593
13,False,"Rubber, RSS3",oni,observable,6,market_adjusted_log_return,19,0.09594921741623444,0.029731574778955133,3.227182486282229
13,False,Coconut oil,oni,observable,12,seasonal_adjusted_log_return,19,-0.014370849219962322,0.08577755815729465,-0.16753623591860436
13,False,Palm oil,oni,observable,12,seasonal_adjusted_log_return,19,-0.013208509104119234,0.04901320286496327,-0.26948879754930766
13,False,"Rubber, RSS3",oni,observable,12,seasonal_adjusted_log_return,19,0.03406120174457288,0.06254380419712498,0.5445975373870624
13,False,Coconut oil,oni,observable,12,market_adjusted_log_return,19,0.2812466298542541,0.07893966985969773,3.5628047387849944
13,False,Palm oil,oni,observable,12,market_adjusted_log_return,19,0.13031107069786202,0.03860167619469548,3.3757878813503166
13,False,"Rubber, RSS3",oni,observable,12,market_adjusted_log_return,19,0.2080845452939465,0.0563156759348803,3.6949666649577573
13,False,Coconut oil,oni,observable,18,seasonal_adjusted_log_return,19,0.002455353756420151,0.09742203379206069,0.02520326933084667
13,False,Palm oil,oni,observable,18,seasonal_adjusted_log_return,19,0.02866548790739032,0.05710284711492507,0.5019975247415986
13,False,"Rubber, RSS3",oni,observable,18,seasonal_adjusted_log_return,19,0.05173234693593812,0.06234347068490002,0.8297957487385768
13,False,Coconut oil,oni,observable,18,market_adjusted_log_return,19,0.42970085121258716,0.09492983960142475,4.526509820481547
13,False,Palm oil,oni,observable,18,market_adjusted_log_return,19,0.2336036954835866,0.05005903450238279,4.666564143830364
13,False,"Rubber, RSS3",oni,observable,18,market_adjusted_log_return,19,0.3033205610059747,0.05907550782782011,5.134455414078279
13,False,Coconut oil,oni,observable,24,seasonal_adjusted_log_return,19,0.09285268364181422,0.10933162536902759,0.8492756174474503
13,False,Palm oil,oni,observable,24,seasonal_adjusted_log_return,19,0.09633271940958694,0.07409039834286031,1.3002051758960478
13,False,"Rubber, RSS3",oni,observable,24,seasonal_adjusted_log_return,19,0.08168056239149522,0.06311367292867524,1.2941817295881737
13,False,Coconut oil,oni,observable,24,market_adjusted_log_return,19,0.6450545473051751,0.10495613388524642,6.145944247626767
13,False,Palm oil,oni,observable,24,market_adjusted_log_return,19,0.3560035350746841,0.06475072405489055,5.498062612749973
13,False,"Rubber, RSS3",oni,observable,24,market_adjusted_log_return,19,0.4070149549167214,0.061424217503155285,6.626294505026679
14,False,Coconut oil,roni,retrospective,6,seasonal_adjusted_log_return,20,-0.010885658486533226,0.061601284091681884,-0.17671155150486764
14,False,Palm oil,roni,retrospective,6,seasonal_adjusted_log_return,20,-0.0010426760389308,0.05024321848922889,-0.020752572591549407
14,False,"Rubber, RSS3",roni,retrospective,6,seasonal_adjusted_log_return,20,0.04077387442746987,0.0662536402472055,0.6154208927288288
14,False,Coconut oil,roni,retrospective,6,market_adjusted_log_return,20,0.15541654957782822,0.05047181642701032,3.0792739508906606
14,False,Palm oil,roni,retrospective,6,market_adjusted_log_return,20,0.08337600389969638,0.036337256302699295,2.2945046594919396
14,False,"Rubber, RSS3",roni,retrospective,6,market_adjusted_log_return,20,0.13855610801922089,0.05864225427441185,2.3627350232966555
14,False,Coconut oil,roni,retrospective,12,seasonal_adjusted_log_return,20,0.018184248515586778,0.09523125140346855,0.19094833101105782
14,False,Palm oil,roni,retrospective,12,seasonal_adjusted_log_return,20,0.06002557572499512,0.06476321008201216,0.9268468262920013
14,False,"Rubber, RSS3",roni,retrospective,12,seasonal_adjusted_log_return,20,0.052978374743384904,0.06926952712400979,0.7648150195762179
14,False,Coconut oil,roni,retrospective,12,market_adjusted_log_return,20,0.3129555505853947,0.0878041058331768,3.5642473391847287
14,False,Palm oil,roni,retrospective,12,market_adjusted_log_return,20,0.2026971562667419,0.0543546330838683,3.7291606026294675
14,False,"Rubber, RSS3",roni,retrospective,12,market_adjusted_log_return,20,0.22651738707642996,0.06373104749687221,3.5542705788343896
14,False,Coconut oil,roni,retrospective,18,seasonal_adjusted_log_return,20,0.13056782612402534,0.12003404490563883,1.0877566129398315
14,False,Palm oil,roni,retrospective,18,seasonal_adjusted_log_return,20,0.11604463182859703,0.08060079109727043,1.439745568856171
14,False,"Rubber, RSS3",roni,retrospective,18,seasonal_adjusted_log_return,20,0.07600324903738867,0.06594182054742116,1.1525803868689366
14,False,Coconut oil,roni,retrospective,18,market_adjusted_log_return,20,0.546226583673196,0.11080972699323151,4.929410066198978
14,False,Palm oil,roni,retrospective,18,market_adjusted_log_return,20,0.3093711472665384,0.06711840123914967,4.609334274280725
14,False,"Rubber, RSS3",roni,retrospective,18,market_adjusted_log_return,20,0.32095949390570877,0.05957814045946481,5.387202276379876
14,False,Coconut oil,roni,retrospective,24,seasonal_adjusted_log_return,20,0.11827426324245019,0.11043122799359589,1.0710218965355445
14,False,Palm oil,roni,retrospective,24,seasonal_adjusted_log_return,20,0.08655517947574308,0.06576827516964566,1.316062786388707
14,False,"Rubber, RSS3",roni,retrospective,24,seasonal_adjusted_log_return,20,0.07138692080130338,0.07708635369707496,0.9260643081112832
14,False,Coconut oil,roni,retrospective,24,market_adjusted_log_return,20,0.6902795712093217,0.1096327463156762,6.296290063023076
14,False,Palm oil,roni,retrospective,24,market_adjusted_log_return,20,0.36607208648104506,0.06497739913406578,5.633837170455843
14,False,"Rubber, RSS3",roni,retrospective,24,market_adjusted_log_return,20,0.40805632505225997,0.07212543315678963,5.657592713033808
14,False,Coconut oil,roni,observable,6,seasonal_adjusted_log_return,20,0.059239632311523384,0.06722894702317017,0.8811625785408582
14,False,Palm oil,roni,observable,6,seasonal_adjusted_log_return,20,0.0974780697194958,0.050308404317706744,1.9376100482914151
14,False,"Rubber, RSS3",roni,observable,6,seasonal_adjusted_log_return,20,0.02564288045727952,0.0411446450064824,0.6232373727672081
14,False,Coconut oil,roni,observable,6,market_adjusted_log_return,20,0.21237306129068817,0.06838382211034502,3.105603850981015
14,False,Palm oil,roni,observable,6,market_adjusted_log_return,20,0.16869961139478257,0.04901418766528427,3.441852643704406
14,False,"Rubber, RSS3",roni,observable,6,market_adjusted_log_return,20,0.11588762395101786,0.0396126306568295,2.9255220375281485
14,False,Coconut oil,roni,observable,12,seasonal_adjusted_log_return,20,0.17162320991996194,0.09655273851966925,1.7775074280777619
14,False,Palm oil,roni,observable,12,seasonal_adjusted_log_return,20,0.15349712582309774,0.06845798148257869,2.2422093450441563
14,False,"Rubber, RSS3",roni,observable,12,seasonal_adjusted_log_return,20,0.04866775475128331,0.06263764524551942,0.7769729299452648
14,False,Coconut oil,roni,observable,12,market_adjusted_log_return,20,0.44564409437848945,0.09615479489369454,4.634652851905912
14,False,Palm oil,roni,observable,12,market_adjusted_log_return,20,0.2753736023945791,0.06322179691845847,4.355675033244428
14,False,"Rubber, RSS3",roni,observable,12,market_adjusted_log_return,20,0.21032973078029665,0.05801651723151682,3.625342244191752
14,False,Coconut oil,roni,observable,18,seasonal_adjusted_log_return,20,0.15932964703838684,0.1051042074515933,1.5159207314490009
14,False,Palm oil,roni,observable,18,seasonal_adjusted_log_return,20,0.12400767347024375,0.07023061811209505,1.7657209462732504
14,False,"Rubber, RSS3",roni,observable,18,seasonal_adjusted_log_return,20,0.044051426515198,0.08476950125135872,0.5196612680848105
14,False,Coconut oil,roni,observable,18,market_adjusted_log_return,20,0.5896970819146152,0.1040465841332996,5.667625581625274
14,False,Palm oil,roni,observable,18,market_adjusted_log_return,20,0.33207454160908567,0.07143625713444901,4.648543399804578
14,False,"Rubber, RSS3",roni,observable,18,market_adjusted_log_return,20,0.29742656192684785,0.07991497174110226,3.721787738227704
14,False,Coconut oil,roni,observable,24,seasonal_adjusted_log_return,20,0.2427670586355836,0.1059347939944138,2.2916649901484236
14,False,Palm oil,roni,observable,24,seasonal_adjusted_log_return,20,0.21239979155482405,0.08371402201875845,2.5372068672943464
14,False,"Rubber, RSS3",roni,observable,24,seasonal_adjusted_log_return,20,0.12996360156622866,0.11428186702205817,1.1372197965679338
14,False,Coconut oil,roni,observable,24,market_adjusted_log_return,20,0.7917307574777604,0.095887633050814,8.25685995459077
14,False,Palm oil,roni,observable,24,market_adjusted_log_return,20,0.4688254689585702,0.0763472878614924,6.140695787505945
14,False,"Rubber, RSS3",roni,observable,24,market_adjusted_log_return,20,0.45344454700137166,0.10399232544536259,4.360365489082276
14,False,Coconut oil,oni,retrospective,6,seasonal_adjusted_log_return,19,0.008777760383578123,0.06135964146893399,0.14305429714777995
14,False,Palm oil,oni,retrospective,6,seasonal_adjusted_log_return,19,0.011028578166083191,0.031197163434013346,0.3535122091920401
14,False,"Rubber, RSS3",oni,retrospective,6,seasonal_adjusted_log_return,19,0.023317216371254987,0.06107162234485757,0.3818011619142515
14,False,Coconut oil,oni,retrospective,6,market_adjusted_log_return,19,0.17820377010742217,0.05552298354893665,3.2095496084132
14,False,Palm oil,oni,retrospective,6,market_adjusted_log_return,19,0.09857778692144678,0.030062145730577503,3.2791334259676304
14,False,"Rubber, RSS3",oni,retrospective,6,market_adjusted_log_return,19,0.12288743835009752,0.0543823722744571,2.2596924924478996
14,False,Coconut oil,oni,retrospective,12,seasonal_adjusted_log_return,19,0.02560396335996058,0.09514807127667915,0.26909597868260865
14,False,Palm oil,oni,retrospective,12,seasonal_adjusted_log_return,19,0.05290257517759274,0.05133037014999046,1.030629138714726
14,False,"Rubber, RSS3",oni,retrospective,12,seasonal_adjusted_log_return,19,0.040988361562620215,0.06030025993598952,0.6797377259423186
14,False,Coconut oil,oni,retrospective,12,market_adjusted_log_return,19,0.32665799146575514,0.09158281547964331,3.566804424552371
14,False,Palm oil,oni,retrospective,12,market_adjusted_log_return,19,0.20187041170717138,0.047103545515548455,4.285673392473944
14,False,"Rubber, RSS3",oni,retrospective,12,market_adjusted_log_return,19,0.21812345406212577,0.05612176711322887,3.8866105841259286
14,False,Coconut oil,oni,retrospective,18,seasonal_adjusted_log_return,19,0.11600129324535464,0.11932260630776845,0.9721652655336144
14,False,Palm oil,oni,retrospective,18,seasonal_adjusted_log_return,19,0.12056980667978938,0.07706484578295938,1.564524076507655
14,False,"Rubber, RSS3",oni,retrospective,18,seasonal_adjusted_log_return,19,0.07093657701817732,0.06599112558843793,1.0749411589155538
14,False,Coconut oil,oni,retrospective,18,market_adjusted_log_return,19,0.5420116875583432,0.11384962473459095,4.760768327712051
14,False,Palm oil,oni,retrospective,18,market_adjusted_log_return,19,0.32427025129826886,0.0692159377780807,4.684907287364078
14,False,"Rubber, RSS3",oni,retrospective,18,market_adjusted_log_return,19,0.3218178479728725,0.06201954991389663,5.188974257627807
14,False,Coconut oil,oni,retrospective,24,seasonal_adjusted_log_return,19,0.19969270900712552,0.1232432534089214,1.6203135139945117
14,False,Palm oil,oni,retrospective,24,seasonal_adjusted_log_return,19,0.15045023185636663,0.06724518472020091,2.237338368276805
14,False,"Rubber, RSS3",oni,retrospective,24,seasonal_adjusted_log_return,19,0.11319410016880765,0.08495589787297574,1.3323866029649063
14,False,Coconut oil,oni,retrospective,24,market_adjusted_log_return,19,0.7597410060871943,0.12245488442980426,6.204252363021961
14,False,Palm oil,oni,retrospective,24,market_adjusted_log_return,19,0.4179843783590804,0.06970064693112007,5.996850772018559
14,False,"Rubber, RSS3",oni,retrospective,24,market_adjusted_log_return,19,0.44301960108005234,0.07998711277439086,5.538637234345732
14,False,Coconut oil,oni,observable,6,seasonal_adjusted_log_return,19,0.047222894523780264,0.06441667006352782,0.7330849992278237
14,False,Palm oil,oni,observable,6,seasonal_adjusted_log_return,19,0.06147328180102845,0.044788684118206634,1.3725181485302782
14,False,"Rubber, RSS3",oni,observable,6,seasonal_adjusted_log_return,19,0.033898390833700304,0.047884701426707296,0.7079169301198516
14,False,Coconut oil,oni,observable,6,market_adjusted_log_return,19,0.19917654251814595,0.0634544440197273,3.1388903581949927
14,False,Palm oil,oni,observable,6,market_adjusted_log_return,19,0.131512501814138,0.0435717858599104,3.0182949635566865
14,False,"Rubber, RSS3",oni,observable,6,market_adjusted_log_return,19,0.12346785627522014,0.04498064375038577,2.744910832321319
14,False,Coconut oil,oni,observable,12,seasonal_adjusted_log_return,19,0.13762022440917435,0.09395977451079625,1.4646717185699651
14,False,Palm oil,oni,observable,12,seasonal_adjusted_log_return,19,0.12914051330322507,0.06853940507714586,1.8841790814768302
14,False,"Rubber, RSS3",oni,observable,12,seasonal_adjusted_log_return,19,0.0638466062892574,0.06932257299213622,0.9210074515915616
14,False,Coconut oil,oni,observable,12,market_adjusted_log_return,19,0.41453023861073396,0.09017510070672846,4.596947886522333
14,False,Palm oil,oni,observable,12,market_adjusted_log_return,19,0.2539123414052355,0.06387195199575822,3.9753339841891475
14,False,"Rubber, RSS3",oni,observable,12,market_adjusted_log_return,19,0.22716225018596686,0.06590236411447435,3.4469514597591573
14,False,Coconut oil,oni,observable,18,seasonal_adjusted_log_return,19,0.2213116401709452,0.1122831038090961,1.971014628765692
14,False,Palm oil,oni,observable,18,seasonal_adjusted_log_return,19,0.15902093847980228,0.06901566022918129,2.3041283377097193
14,False,"Rubber, RSS3",oni,observable,18,seasonal_adjusted_log_return,19,0.10610412943988776,0.09353663397011588,1.1343590734063305
14,False,Coconut oil,oni,observable,18,market_adjusted_log_return,19,0.632259557139585,0.10881136406593396,5.810602252504334
14,False,Palm oil,oni,observable,18,market_adjusted_log_return,19,0.3476264684660471,0.06966834273910115,4.9897335690596645
14,False,"Rubber, RSS3",oni,observable,18,market_adjusted_log_return,19,0.34836400329314676,0.08828261049193357,3.9460093143142494
14,False,Coconut oil,oni,observable,24,seasonal_adjusted_log_return,19,0.2655194175067202,0.10809497143206008,2.4563530938495566
14,False,Palm oil,oni,observable,24,seasonal_adjusted_log_return,19,0.20078462099309258,0.07795264599338252,2.5757255374004546
14,False,"Rubber, RSS3",oni,observable,24,seasonal_adjusted_log_return,19,0.1407067156132408,0.118305451503794,1.1893510723698848
14,False,Coconut oil,oni,observable,24,market_adjusted_log_return,19,0.8007420835598007,0.09493355072726764,8.43476386825806
14,False,Palm oil,oni,observable,24,market_adjusted_log_return,19,0.4434396740720181,0.06929089460431802,6.399681756228677
14,False,"Rubber, RSS3",oni,observable,24,market_adjusted_log_return,19,0.45632262679469876,0.10597117827075825,4.306101283773464
15,False,Coconut oil,roni,retrospective,6,seasonal_adjusted_log_return,20,0.11192955920827959,0.0613899501085548,1.823255419011686
15,False,Palm oil,roni,retrospective,6,seasonal_adjusted_log_return,20,0.07658634100922763,0.040476298354965815,1.8921280878401194
15,False,"Rubber, RSS3",roni,retrospective,6,seasonal_adjusted_log_return,20,0.02798399079103637,0.044058599242642445,0.6351538921362678
15,False,Coconut oil,roni,retrospective,6,market_adjusted_log_return,20,0.2537416316055427,0.06002322260602382,4.227391009493676
15,False,Palm oil,roni,retrospective,6,market_adjusted_log_return,20,0.13646214537862478,0.03807099818791512,3.584412068868264
15,False,"Rubber, RSS3",roni,retrospective,6,market_adjusted_log_return,20,0.11174866406869208,0.0410821403048423,2.7201276087244266
15,False,Coconut oil,roni,retrospective,12,seasonal_adjusted_log_return,20,0.09963599632670442,0.07811446927569131,1.2755126835088215
15,False,Palm oil,roni,retrospective,12,seasonal_adjusted_log_return,20,0.04709688865637367,0.05598038807572862,0.8413105066842764
15,False,"Rubber, RSS3",roni,retrospective,12,seasonal_adjusted_log_return,20,0.02336766255495107,0.07264359429766229,0.32167547298390015
15,False,Coconut oil,roni,retrospective,12,market_adjusted_log_return,20,0.39779461914166847,0.07599816529508391,5.234266085202462
15,False,Palm oil,roni,retrospective,12,market_adjusted_log_return,20,0.19316308459313136,0.055244204264575,3.4965312138090834
15,False,"Rubber, RSS3",roni,retrospective,12,market_adjusted_log_return,20,0.1988454952152433,0.06632778527718834,2.9979215254098173
15,False,Coconut oil,roni,retrospective,18,seasonal_adjusted_log_return,20,0.1830734079239012,0.10598254528955708,1.7273920665306026
15,False,Palm oil,roni,retrospective,18,seasonal_adjusted_log_return,20,0.1354890067409539,0.07743181229289815,1.74978478133051
15,False,"Rubber, RSS3",roni,retrospective,18,seasonal_adjusted_log_return,20,0.10927983760598177,0.09890306472372228,1.1049186181565371
15,False,Coconut oil,roni,retrospective,18,market_adjusted_log_return,20,0.5998282947048137,0.09634274371091343,6.225983105740291
15,False,Palm oil,roni,retrospective,18,market_adjusted_log_return,20,0.3299140119426159,0.06919998792041802,4.767544357406918
15,False,"Rubber, RSS3",roni,retrospective,18,market_adjusted_log_return,20,0.35486348028976705,0.08942758481848748,3.968165762387957
15,False,Coconut oil,roni,retrospective,24,seasonal_adjusted_log_return,19,0.22139585815365367,0.1434846223500635,1.5429936290559967
15,False,Palm oil,roni,retrospective,24,seasonal_adjusted_log_return,19,0.1356247411343627,0.11069329331512819,1.2252299762033299
15,False,"Rubber, RSS3",roni,retrospective,24,seasonal_adjusted_log_return,19,0.11724986169375128,0.11329855040380686,1.0348752148713427
15,False,Coconut oil,roni,retrospective,24,market_adjusted_log_return,19,0.7449858286090724,0.12469047708686729,5.9746810343027885
15,False,Palm oil,roni,retrospective,24,market_adjusted_log_return,19,0.3666220474180466,0.09077448631028606,4.038822606661262
15,False,"Rubber, RSS3",roni,retrospective,24,market_adjusted_log_return,19,0.42620749974956035,0.099959603070002,4.263797440763005
15,False,Coconut oil,roni,observable,6,seasonal_adjusted_log_return,20,0.0019521771760730028,0.06601376011934877,0.029572276636622243
15,False,Palm oil,roni,observable,6,seasonal_adjusted_log_return,20,-0.02061928988006237,0.05645390820093257,-0.3652411416172203
15,False,"Rubber, RSS3",roni,observable,6,seasonal_adjusted_log_return,20,-0.011828517785434537,0.06192769491070223,-0.1910052974277645
15,False,Coconut oil,roni,observable,6,market_adjusted_log_return,20,0.17440050741434737,0.055376468547941676,3.1493613079238107
15,False,Palm oil,roni,observable,6,market_adjusted_log_return,20,0.06995874800570283,0.04591817888636606,1.5235523207231296
15,False,"Rubber, RSS3",roni,observable,6,market_adjusted_log_return,20,0.08947160723173506,0.05172821980256115,1.729647909269539
15,False,Coconut oil,roni,observable,12,seasonal_adjusted_log_return,20,0.08538958877326981,0.10614475508445918,0.804463571519153
15,False,Palm oil,roni,observable,12,seasonal_adjusted_log_return,20,0.06777282820451785,0.07070129254874069,0.9585797622836388
15,False,"Rubber, RSS3",roni,observable,12,seasonal_adjusted_log_return,20,0.07408365726559613,0.0824436836036653,0.8985971274857313
15,False,Coconut oil,roni,observable,12,market_adjusted_log_return,20,0.37643418297749265,0.09097056741056594,4.137977740411136
15,False,Palm oil,roni,observable,12,market_adjusted_log_return,20,0.20670967535518728,0.0546549306515648,3.7820864996243313
15,False,"Rubber, RSS3",roni,observable,12,market_adjusted_log_return,20,0.24548959230625883,0.07056847320569831,3.478743143424504
15,False,Coconut oil,roni,observable,18,seasonal_adjusted_log_return,19,0.12810217495519227,0.14757970172003207,0.8680202864091033
15,False,Palm oil,roni,observable,18,seasonal_adjusted_log_return,19,0.07014687568372135,0.10530359676601964,0.666139408700207
15,False,"Rubber, RSS3",roni,observable,18,seasonal_adjusted_log_return,19,0.0791718442929208,0.09485604601119035,0.8346525880235482
15,False,Coconut oil,roni,observable,18,market_adjusted_log_return,19,0.5266252111470496,0.1244790722251086,4.230632521061033
15,False,Palm oil,roni,observable,18,market_adjusted_log_return,19,0.2463007677120445,0.08051368221147971,3.0591169220791983
15,False,"Rubber, RSS3",roni,observable,18,market_adjusted_log_return,19,0.3143200174168947,0.0798535288420705,3.9362069776344875
15,False,Coconut oil,roni,observable,24,seasonal_adjusted_log_return,19,0.08484328627010401,0.13432645224601406,0.6316200930753132
15,False,Palm oil,roni,observable,24,seasonal_adjusted_log_return,19,0.013317226250225168,0.1197222493518375,0.11123434718544882
15,False,"Rubber, RSS3",roni,observable,24,seasonal_adjusted_log_return,19,0.05840381159782472,0.0874038911660051,0.668206081201798
15,False,Coconut oil,roni,observable,24,market_adjusted_log_return,19,0.648968975541254,0.11108379952401246,5.842156807041602
15,False,Palm oil,roni,observable,24,market_adjusted_log_return,19,0.2849375456738632,0.09338862772143076,3.051094684931064
15,False,"Rubber, RSS3",roni,observable,24,market_adjusted_log_return,19,0.39056311301306124,0.07593633522965776,5.143296839804861
15,False,Coconut oil,oni,retrospective,6,seasonal_adjusted_log_return,19,0.07625756163370259,0.05600880939741052,1.3615279891528678
15,False,Palm oil,oni,retrospective,6,seasonal_adjusted_log_return,19,0.06533075475451414,0.04223276919314756,1.5469209337358423
15,False,"Rubber, RSS3",oni,retrospective,6,seasonal_adjusted_log_return,19,0.02647574091183889,0.04505671396689677,0.5876092280340429
15,False,Coconut oil,oni,retrospective,6,market_adjusted_log_return,19,0.22444236911716947,0.05396872687734476,4.158748632838083
15,False,Palm oil,oni,retrospective,6,market_adjusted_log_return,19,0.13159301799790152,0.03988269429100827,3.2995017096317323
15,False,"Rubber, RSS3",oni,retrospective,6,market_adjusted_log_return,19,0.11388801335557942,0.04265201063211432,2.670167517726088
15,False,Coconut oil,oni,retrospective,12,seasonal_adjusted_log_return,19,0.15994897739547345,0.08931346521671715,1.7908719251611254
15,False,Palm oil,oni,retrospective,12,seasonal_adjusted_log_return,19,0.09521117993109136,0.05486883567779711,1.735250598175513
15,False,"Rubber, RSS3",oni,retrospective,12,seasonal_adjusted_log_return,19,0.06873326406246925,0.06937776992296363,0.9907101963466104
15,False,Coconut oil,oni,retrospective,12,market_adjusted_log_return,19,0.4421716876460206,0.0884299125439599,5.0002501973097635
15,False,Palm oil,oni,retrospective,12,market_adjusted_log_return,19,0.22530714505871308,0.05794821414892,3.8880774561870117
15,False,"Rubber, RSS3",oni,retrospective,12,market_adjusted_log_return,19,0.2350897664627593,0.06484926459694303,3.625172435245185
15,False,Coconut oil,oni,retrospective,18,seasonal_adjusted_log_return,19,0.20415675473124845,0.11262761548604586,1.8126704880522193
15,False,Palm oil,oni,retrospective,18,seasonal_adjusted_log_return,19,0.13697486244438162,0.07251979064048661,1.8887928555037885
15,False,"Rubber, RSS3",oni,retrospective,18,seasonal_adjusted_log_return,19,0.10333585023582226,0.09437708269011205,1.0949252433996757
15,False,Coconut oil,oni,retrospective,18,market_adjusted_log_return,19,0.6106542140662361,0.10136982638842891,6.024023477423461
15,False,Palm oil,oni,retrospective,18,market_adjusted_log_return,19,0.32112035066468403,0.06484630280678229,4.952022501907356
15,False,"Rubber, RSS3",oni,retrospective,18,market_adjusted_log_return,19,0.3430483899643113,0.0836489677947527,4.101047496557761
15,False,Coconut oil,oni,retrospective,24,seasonal_adjusted_log_return,19,0.21984214947411604,0.13818452374223186,1.590931773837478
15,False,Palm oil,oni,retrospective,24,seasonal_adjusted_log_return,19,0.136191484277244,0.1038115729291934,1.3119104203356589
15,False,"Rubber, RSS3",oni,retrospective,24,seasonal_adjusted_log_return,19,0.08903116289640581,0.10176750520678908,0.8748486338099442
15,False,Coconut oil,oni,retrospective,24,market_adjusted_log_return,19,0.7468826296554503,0.1209881733720411,6.173187087954217
15,False,Palm oil,oni,retrospective,24,market_adjusted_log_return,19,0.3706467310151875,0.08655327183641429,4.282296014363385
15,False,"Rubber, RSS3",oni,retrospective,24,market_adjusted_log_return,19,0.39996378912111974,0.08943792796000924,4.47197065321054
15,False,Coconut oil,oni,observable,6,seasonal_adjusted_log_return,19,0.0720105910515892,0.06293328217785367,1.1442370167200633
15,False,Palm oil,oni,observable,6,seasonal_adjusted_log_return,19,0.04188693785630604,0.0485997624890922,0.8618753613396197
15,False,"Rubber, RSS3",oni,observable,6,seasonal_adjusted_log_return,19,0.05440060124535313,0.05452305208150211,0.9977541456049464
15,False,Coconut oil,oni,observable,6,market_adjusted_log_return,19,0.22111694336181573,0.06121665764983068,3.612038811831918
15,False,Palm oil,oni,observable,6,market_adjusted_log_return,19,0.10907273048810003,0.04630894924264678,2.3553272590269203
15,False,"Rubber, RSS3",oni,observable,6,market_adjusted_log_return,19,0.1423403436209406,0.04904318486384099,2.9023470644518974
15,False,Coconut oil,oni,observable,12,seasonal_adjusted_log_return,19,0.11621836838736417,0.1023134382458301,1.135905218121245
15,False,Palm oil,oni,observable,12,seasonal_adjusted_log_return,19,0.08365062036959635,0.06490780426069394,1.28876059392834
15,False,"Rubber, RSS3",oni,observable,12,seasonal_adjusted_log_return,19,0.08900318741870614,0.08095339535995641,1.099437361743218
15,False,Coconut oil,oni,observable,12,market_adjusted_log_return,19,0.38959946978203125,0.09066695766929667,4.297039183812436
15,False,Palm oil,oni,observable,12,market_adjusted_log_return,19,0.20488593609407096,0.05187256394105721,3.9497938896346603
15,False,"Rubber, RSS3",oni,observable,12,market_adjusted_log_return,19,0.2502989671224926,0.06969579466659118,3.591306596328601
15,False,Coconut oil,oni,observable,18,seasonal_adjusted_log_return,19,0.1319037631302318,0.1343084488646768,0.9820957969898986
15,False,Palm oil,oni,observable,18,seasonal_adjusted_log_return,19,0.0828672422024587,0.10072550108461888,0.8227036977740367
15,False,"Rubber, RSS3",oni,observable,18,seasonal_adjusted_log_return,19,0.07469850007928969,0.09509380378803163,0.7855243675581219
15,False,Coconut oil,oni,observable,18,market_adjusted_log_return,19,0.5258278853712455,0.1162976009340891,4.521399247687448
15,False,Palm oil,oni,observable,18,market_adjusted_log_return,19,0.2544123164445745,0.08001101241526053,3.179716251110083
15,False,"Rubber, RSS3",oni,observable,18,market_adjusted_log_return,19,0.30721436627930104,0.08101763042287326,3.7919446011416165
15,False,Coconut oil,oni,observable,24,seasonal_adjusted_log_return,18,0.08875748271846577,0.14145578859695201,0.6274574098297329
15,False,Palm oil,oni,observable,24,seasonal_adjusted_log_return,18,0.04606808925721894,0.13423414738739634,0.3431920279142356
15,False,"Rubber, RSS3",oni,observable,24,seasonal_adjusted_log_return,18,0.04563452025493842,0.09664167251051649,0.47220333702288214
15,False,Coconut oil,oni,observable,24,market_adjusted_log_return,18,0.639096486809032,0.11718889655982609,5.453558362355318
15,False,Palm oil,oni,observable,24,market_adjusted_log_return,18,0.30387203365138743,0.10624722613258747,2.860046748629287
15,False,"Rubber, RSS3",oni,observable,24,market_adjusted_log_return,18,0.36990265709365894,0.0831228887638918,4.450069801404002
16,False,Coconut oil,roni,retrospective,6,seasonal_adjusted_log_return,20,0.09355983483824468,0.07229416726588687,1.2941546790925185
16,False,Palm oil,roni,retrospective,6,seasonal_adjusted_log_return,20,0.10965028216241306,0.041388435638555904,2.649297574810172
16,False,"Rubber, RSS3",roni,retrospective,6,seasonal_adjusted_log_return,20,0.10907644342841993,0.04806380321312083,2.2694093296105082
16,False,Coconut oil,roni,retrospective,6,market_adjusted_log_return,20,0.23577976674721368,0.06566548173450437,3.590619615043829
16,False,Palm oil,roni,retrospective,6,market_adjusted_log_return,20,0.16993482437555238,0.03171890162608247,5.357525502579663
16,False,"Rubber, RSS3",roni,retrospective,6,market_adjusted_log_return,20,0.1930745656090434,0.042679229598324576,4.523853111365037
16,False,Coconut oil,roni,retrospective,12,seasonal_adjusted_log_return,19,0.15600413153691478,0.1195802653739865,1.3045976361485139
16,False,Palm oil,roni,retrospective,12,seasonal_adjusted_log_return,19,0.11372249826398606,0.08651471686281571,1.3144873194732067
16,False,"Rubber, RSS3",roni,retrospective,12,seasonal_adjusted_log_return,19,0.11212917763092889,0.077811498419614,1.4410360924583403
16,False,Coconut oil,roni,retrospective,12,market_adjusted_log_return,19,0.40738432378395384,0.10180691094076907,4.001538991994058
16,False,Palm oil,roni,retrospective,12,market_adjusted_log_return,19,0.21290952552815637,0.06626433159643404,3.2130336245572866
16,False,"Rubber, RSS3",roni,retrospective,12,market_adjusted_log_return,19,0.2608321699719189,0.0679421026360254,3.83903588279024
16,False,Coconut oil,roni,retrospective,18,seasonal_adjusted_log_return,19,0.1127452428518265,0.12253328158366515,0.9201193454926331
16,False,Palm oil,roni,retrospective,18,seasonal_adjusted_log_return,19,0.05689284883048989,0.11142717500590194,0.5105832471071483
16,False,"Rubber, RSS3",roni,retrospective,18,seasonal_adjusted_log_return,19,0.0913611449358328,0.08687239944482629,1.0516705595757991
16,False,Coconut oil,roni,retrospective,18,market_adjusted_log_return,19,0.5297280881781583,0.10301124496610885,5.142429725535704
16,False,Palm oil,roni,retrospective,18,market_adjusted_log_return,19,0.25154630348997514,0.09185683725425439,2.7384603150847617
16,False,"Rubber, RSS3",roni,retrospective,18,market_adjusted_log_return,19,0.33707526556808537,0.08048791387424337,4.187899143401101
16,False,Coconut oil,roni,retrospective,24,seasonal_adjusted_log_return,19,0.12015145094985866,0.108754675586166,1.1047934289010226
16,False,Palm oil,roni,retrospective,24,seasonal_adjusted_log_return,19,0.07021666223612158,0.10105089712274698,0.6948643132858987
16,False,"Rubber, RSS3",roni,retrospective,24,seasonal_adjusted_log_return,19,0.12236410000364127,0.10344033815920042,1.182943735308716
16,False,Coconut oil,roni,retrospective,24,market_adjusted_log_return,19,0.675739206090659,0.09547005811283159,7.078022360602676
16,False,Palm oil,roni,retrospective,24,market_adjusted_log_return,19,0.33328066095056186,0.08617156874455789,3.86764063607244
16,False,"Rubber, RSS3",roni,retrospective,24,market_adjusted_log_return,19,0.4496364947779016,0.09679458637076556,4.645264902063813
16,False,Coconut oil,roni,observable,6,seasonal_adjusted_log_return,19,0.061050852998564005,0.06558402782442081,0.9308798959711219
16,False,Palm oil,roni,observable,6,seasonal_adjusted_log_return,19,-0.004577922384139295,0.058031991667427694,-0.07888618419947836
16,False,"Rubber, RSS3",roni,observable,6,seasonal_adjusted_log_return,19,0.023653028728524084,0.05300456892847257,0.44624509182298694
16,False,Coconut oil,roni,observable,6,market_adjusted_log_return,19,0.18900047530961697,0.05684686875946993,3.3247297420956365
16,False,Palm oil,roni,observable,6,market_adjusted_log_return,19,0.04140557888921582,0.05344230185970136,0.7747716218870067
16,False,"Rubber, RSS3",roni,observable,6,market_adjusted_log_return,19,0.09948317143329914,0.0520829464343318,1.9100910805561162
16,False,Coconut oil,roni,observable,12,seasonal_adjusted_log_return,19,0.017791964313475746,0.08473038044175152,0.20998329313187675
16,False,Palm oil,roni,observable,12,seasonal_adjusted_log_return,19,-0.061407571817635474,0.09108345034398536,-0.6741902243022624
16,False,"Rubber, RSS3",roni,observable,12,seasonal_adjusted_log_return,19,0.0028849960334279994,0.07955699591623629,0.03626326007162896
16,False,Coconut oil,roni,observable,12,market_adjusted_log_return,19,0.31134423970382147,0.07405907862609987,4.203998287309203
16,False,Palm oil,roni,observable,12,market_adjusted_log_return,19,0.08004235685103459,0.08242424062808822,0.971102144722193
16,False,"Rubber, RSS3",roni,observable,12,market_adjusted_log_return,19,0.17572626702946567,0.07961086844945965,2.2073150369038386
16,False,Coconut oil,roni,observable,18,seasonal_adjusted_log_return,19,0.02519817241150792,0.09701687660105741,0.259729784077931
16,False,Palm oil,roni,observable,18,seasonal_adjusted_log_return,19,-0.04808375841200376,0.08802028598495981,-0.5462804156330499
16,False,"Rubber, RSS3",roni,observable,18,seasonal_adjusted_log_return,19,0.033887951101236456,0.10224688351333275,0.3314326064208847
16,False,Coconut oil,roni,observable,18,market_adjusted_log_return,19,0.45735535761632207,0.09351732762685631,4.890594815125777
16,False,Palm oil,roni,observable,18,market_adjusted_log_return,19,0.16177671431162133,0.08643262932973157,1.8717088160590352
16,False,"Rubber, RSS3",roni,observable,18,market_adjusted_log_return,19,0.2882874962392819,0.10150446172362762,2.8401460521432034
16,False,Coconut oil,roni,observable,24,seasonal_adjusted_log_return,19,0.016104414002641246,0.12028828268525886,0.13388181827135534
16,False,Palm oil,roni,observable,24,seasonal_adjusted_log_return,19,-0.029826163032961595,0.0989889830025385,-0.3013079044583853
16,False,"Rubber, RSS3",roni,observable,24,seasonal_adjusted_log_return,19,0.07170595572864417,0.10608782310782165,0.6759112745273914
16,False,Coconut oil,roni,observable,24,market_adjusted_log_return,19,0.5689044190473735,0.1251198053016867,4.546877432199012
16,False,Palm oil,roni,observable,24,market_adjusted_log_return,19,0.23044408212061837,0.1025067592892233,2.248086699048004
16,False,"Rubber, RSS3",roni,observable,24,market_adjusted_log_return,19,0.39738270988892627,0.10359814460653634,3.835809139229064
16,False,Coconut oil,oni,retrospective,6,seasonal_adjusted_log_return,19,0.09017236671716594,0.07209532253806843,1.250738099819892
16,False,Palm oil,oni,retrospective,6,seasonal_adjusted_log_return,19,0.06497849296345935,0.03930259232195756,1.6532877127078762
16,False,"Rubber, RSS3",oni,retrospective,6,seasonal_adjusted_log_return,19,0.05105759745172444,0.04402893808883198,1.1596372673969917
16,False,Coconut oil,oni,retrospective,6,market_adjusted_log_return,19,0.23429355700664384,0.06305710335201227,3.715577540863477
16,False,Palm oil,oni,retrospective,6,market_adjusted_log_return,19,0.12716838794769317,0.030160605770509316,4.2163737994956625
16,False,"Rubber, RSS3",oni,retrospective,6,market_adjusted_log_return,19,0.13614395386607112,0.03777259400555356,3.6043051172512643
16,False,Coconut oil,oni,retrospective,12,seasonal_adjusted_log_return,19,0.10585776146003363,0.11402462469416426,0.9283763199744292
16,False,Palm oil,oni,retrospective,12,seasonal_adjusted_log_return,19,0.06419511479632174,0.07997988967251221,0.8026407020461865
16,False,"Rubber, RSS3",oni,retrospective,12,seasonal_adjusted_log_return,19,0.036752910112308,0.06084780596546784,0.6040137278436284
16,False,Coconut oil,oni,retrospective,12,market_adjusted_log_return,19,0.370521972595858,0.0996496787150513,3.7182455314820153
16,False,Palm oil,oni,retrospective,12,market_adjusted_log_return,19,0.1766947682981967,0.062166040571721023,2.8423037187697964
16,False,"Rubber, RSS3",oni,retrospective,12,market_adjusted_log_return,19,0.19305935302287958,0.05377077528172718,3.5904141610635576
16,False,Coconut oil,oni,retrospective,18,seasonal_adjusted_log_return,18,0.07980739763081075,0.13153847549507014,0.6067228415901917
16,False,Palm oil,oni,retrospective,18,seasonal_adjusted_log_return,18,0.013794219447204936,0.12067345514482271,0.11431030486903858
16,False,"Rubber, RSS3",oni,retrospective,18,seasonal_adjusted_log_return,18,-0.0017661532802274974,0.08396368897390437,-0.021034727056554313
16,False,Coconut oil,oni,retrospective,18,market_adjusted_log_return,18,0.5028851597726214,0.11107443171179905,4.527461018908833
16,False,Palm oil,oni,retrospective,18,market_adjusted_log_return,18,0.21455571642382892,0.09916823395092594,2.163552862401515
16,False,"Rubber, RSS3",oni,retrospective,18,market_adjusted_log_return,18,0.2474365500708684,0.07837611315747747,3.1570403290311893
16,False,Coconut oil,oni,retrospective,24,seasonal_adjusted_log_return,18,0.041970590068754976,0.10637582907247174,0.39455006306142393
16,False,Palm oil,oni,retrospective,24,seasonal_adjusted_log_return,18,-0.011915851547627377,0.09630009069196127,-0.12373665966466284
16,False,"Rubber, RSS3",oni,retrospective,24,seasonal_adjusted_log_return,18,0.01627455863255068,0.07300456887463232,0.22292520705790753
16,False,Coconut oil,oni,retrospective,24,market_adjusted_log_return,18,0.6098478534348336,0.09919044137273199,6.148252240789849
16,False,Palm oil,oni,retrospective,24,market_adjusted_log_return,18,0.2634641210462572,0.08708538250436312,3.0253541233864043
16,False,"Rubber, RSS3",oni,retrospective,24,market_adjusted_log_return,18,0.3505811701673921,0.07347309888731358,4.771558236642256
16,False,Coconut oil,oni,observable,6,seasonal_adjusted_log_return,19,0.025167749252112338,0.06621963169386612,0.3800647724599714
16,False,Palm oil,oni,observable,6,seasonal_adjusted_log_return,19,0.004361649252101457,0.05918391760444205,0.07369652818951096
16,False,"Rubber, RSS3",oni,observable,6,seasonal_adjusted_log_return,19,-0.0023783742737931656,0.046996724711098545,-0.050607234619298884
16,False,Coconut oil,oni,observable,6,market_adjusted_log_return,19,0.16390976759593665,0.0575225991317075,2.8494847254839466
16,False,Palm oil,oni,observable,6,market_adjusted_log_return,19,0.06116078815714234,0.051430270808316476,1.1891982522334377
16,False,"Rubber, RSS3",oni,observable,6,market_adjusted_log_return,19,0.07962907444428496,0.045406969749055164,1.7536751490874791
16,False,Coconut oil,oni,observable,12,seasonal_adjusted_log_return,18,-0.01367197769186806,0.09339408297077463,-0.14639019150866728
16,False,Palm oil,oni,observable,12,seasonal_adjusted_log_return,18,-0.047273478984306415,0.1036112319781389,-0.4562582461550184
16,False,"Rubber, RSS3",oni,observable,12,seasonal_adjusted_log_return,18,-0.043046296824451026,0.07917292615251978,-0.5436997079219488
16,False,Coconut oil,oni,observable,12,market_adjusted_log_return,18,0.2851989515059184,0.07920610249352301,3.60071942094664
16,False,Palm oil,oni,observable,12,market_adjusted_log_return,18,0.09950655729855701,0.08932154213605487,1.1140264142214238
16,False,"Rubber, RSS3",oni,observable,12,market_adjusted_log_return,18,0.13283924275176254,0.07644798587946011,1.737642152681664
16,False,Coconut oil,oni,observable,18,seasonal_adjusted_log_return,18,-0.05150878525392387,0.09654127399690572,-0.5335415944021497
16,False,Palm oil,oni,observable,18,seasonal_adjusted_log_return,18,-0.07298354997913875,0.08804224329976558,-0.8289605903230441
16,False,"Rubber, RSS3",oni,observable,18,seasonal_adjusted_log_return,18,-0.02500558491167286,0.08081600990264821,-0.3094137528169832
16,False,Coconut oil,oni,observable,18,market_adjusted_log_return,18,0.3921616451681304,0.09643049808530677,4.066780250592572
16,False,Palm oil,oni,observable,18,market_adjusted_log_return,18,0.1484149619209853,0.0861803042219782,1.7221447900521063
16,False,"Rubber, RSS3",oni,observable,18,market_adjusted_log_return,18,0.2359838628482862,0.08354288983699666,2.8247031352245804
16,False,Coconut oil,oni,observable,24,seasonal_adjusted_log_return,18,-0.02240883479547715,0.12181324598085526,-0.18396057518243153
16,False,Palm oil,oni,observable,24,seasonal_adjusted_log_return,18,-0.014077706475254767,0.09754544122545342,-0.1443194709911399
16,False,"Rubber, RSS3",oni,observable,24,seasonal_adjusted_log_return,18,0.013160773202601235,0.09793241269378289,0.1343862858127739
16,False,Coconut oil,oni,observable,24,market_adjusted_log_return,18,0.5475834037844126,0.1260786368767254,4.343189435969374
16,False,Palm oil,oni,observable,24,market_adjusted_log_return,18,0.26342179596567394,0.09965250736643616,2.643403592415746
16,False,"Rubber, RSS3",oni,observable,24,market_adjusted_log_return,18,0.3486779453086626,0.09616982009686241,3.62564830585597
17,False,Coconut oil,roni,retrospective,6,seasonal_adjusted_log_return,19,-0.025525914386681423,0.06582447306509366,-0.38778759932402207
17,False,Palm oil,roni,retrospective,6,seasonal_adjusted_log_return,19,-0.05893657317019191,0.06310730251084504,-0.9339105115460071
17,False,"Rubber, RSS3",roni,retrospective,6,seasonal_adjusted_log_return,19,-0.0257817885246383,0.059279529345836884,-0.4349189139850841
17,False,Coconut oil,roni,retrospective,6,market_adjusted_log_return,19,0.1571726434942576,0.05588126027349592,2.812618089230952
17,False,Palm oil,roni,retrospective,6,market_adjusted_log_return,19,0.04191376638878033,0.05313893304458908,0.7887581475075973
17,False,"Rubber, RSS3",roni,retrospective,6,market_adjusted_log_return,19,0.08138531845487672,0.05471540294196576,1.487429756136468
17,False,Coconut oil,roni,retrospective,12,seasonal_adjusted_log_return,19,-0.018119706288649257,0.10238219864435945,-0.17698102334753413
17,False,Palm oil,roni,retrospective,12,seasonal_adjusted_log_return,19,-0.045612759764560196,0.06000364230966609,-0.760166516711809
17,False,"Rubber, RSS3",roni,retrospective,12,seasonal_adjusted_log_return,19,0.005221166543170151,0.08471882694608851,0.06162935360864571
17,False,Coconut oil,roni,retrospective,12,market_adjusted_log_return,19,0.3031837614067583,0.09647559451436617,3.142595419420932
17,False,Palm oil,roni,retrospective,12,market_adjusted_log_return,19,0.12364812384936706,0.05513178996675625,2.242773614350727
17,False,"Rubber, RSS3",roni,retrospective,12,market_adjusted_log_return,19,0.19394654766469294,0.07984523348318105,2.4290310041556418
17,False,Coconut oil,roni,retrospective,18,seasonal_adjusted_log_return,19,-0.027213464697515947,0.13362166450482885,-0.20366057254534875
17,False,Palm oil,roni,retrospective,18,seasonal_adjusted_log_return,19,-0.027355164385518053,0.08199780798736012,-0.333608483652817
17,False,"Rubber, RSS3",roni,retrospective,18,seasonal_adjusted_log_return,19,0.043039171170577865,0.0841235732068697,0.511618438564652
17,False,Coconut oil,roni,retrospective,18,market_adjusted_log_return,19,0.41473282283780977,0.13137456261472663,3.156873100723988
17,False,Palm oil,roni,retrospective,18,market_adjusted_log_return,19,0.19231549165836412,0.0809517876946905,2.375679365892222
17,False,"Rubber, RSS3",roni,retrospective,18,market_adjusted_log_return,19,0.3030417613143374,0.07927564427082086,3.8226338505567794
17,False,Coconut oil,roni,retrospective,24,seasonal_adjusted_log_return,19,0.012849467246765145,0.14589251048634605,0.08807489297380838
17,False,Palm oil,roni,retrospective,24,seasonal_adjusted_log_return,19,-0.01493494175588858,0.09349653689584979,-0.1597379138494222
17,False,"Rubber, RSS3",roni,retrospective,24,seasonal_adjusted_log_return,19,0.012295966952063916,0.0788921713684956,0.15585788474031181
17,False,Coconut oil,roni,retrospective,24,market_adjusted_log_return,19,0.5979741817634651,0.14338329411417244,4.170459225795954
17,False,Palm oil,roni,retrospective,24,market_adjusted_log_return,19,0.2777296246528342,0.09086733064061281,3.0564298818381266
17,False,"Rubber, RSS3",roni,retrospective,24,market_adjusted_log_return,19,0.3564746016579755,0.0751289273769619,4.744838161595896
17,False,Coconut oil,roni,observable,6,seasonal_adjusted_log_return,19,-0.005724694628226621,0.07942536066203726,-0.0720764070884835
17,False,Palm oil,roni,observable,6,seasonal_adjusted_log_return,19,0.014186392020077368,0.04811331339485636,0.2948537737081726
17,False,"Rubber, RSS3",roni,observable,6,seasonal_adjusted_log_return,19,0.02850768922813518,0.050632226891454045,0.5630344738589178
17,False,Coconut oil,roni,observable,6,market_adjusted_log_return,19,0.16174095602087346,0.07711587133767912,2.0973757180624135
17,False,Palm oil,roni,observable,6,market_adjusted_log_return,19,0.09977102003581323,0.048589827061462296,2.0533314495976858
17,False,"Rubber, RSS3",roni,observable,6,market_adjusted_log_return,19,0.12695584916775332,0.04775684658430477,2.658380070041668
17,False,Coconut oil,roni,observable,12,seasonal_adjusted_log_return,19,-0.014818453037093317,0.11016869015123562,-0.13450693674174646
17,False,Palm oil,roni,observable,12,seasonal_adjusted_log_return,19,0.032443987399119516,0.07660067411612774,0.42354702192220867
17,False,"Rubber, RSS3",roni,observable,12,seasonal_adjusted_log_return,19,0.06632569385554289,0.06065377188451531,1.0935130956377603
17,False,Coconut oil,roni,observable,12,market_adjusted_log_return,19,0.2732900174519249,0.11140594681024987,2.453100801857562
17,False,Palm oil,roni,observable,12,market_adjusted_log_return,19,0.1684383878448103,0.07584714632501946,2.2207610438370318
17,False,"Rubber, RSS3",roni,observable,12,market_adjusted_log_return,19,0.2360510628173977,0.05730843334429594,4.118958572803011
17,False,Coconut oil,roni,observable,18,seasonal_adjusted_log_return,19,0.02524447890718775,0.1303310759454118,0.1936950088385767
17,False,Palm oil,roni,observable,18,seasonal_adjusted_log_return,19,0.044864210028749005,0.09741107862322765,0.46056578638531925
17,False,"Rubber, RSS3",roni,observable,18,seasonal_adjusted_log_return,19,0.035582489637028945,0.0636863948478496,0.5587141448662234
17,False,Coconut oil,roni,observable,18,market_adjusted_log_return,19,0.4565313763775802,0.129899965820769,3.514484191685506
17,False,Palm oil,roni,observable,18,market_adjusted_log_return,19,0.2538525208392804,0.0952407649691277,2.665376752502636
17,False,"Rubber, RSS3",roni,observable,18,market_adjusted_log_return,19,0.2894839031610359,0.060793306080631916,4.7617726658439175
17,False,Coconut oil,roni,observable,24,seasonal_adjusted_log_return,19,0.1087386635034876,0.10984934024865027,0.9898890904337833
17,False,Palm oil,roni,observable,24,seasonal_adjusted_log_return,19,0.07657493503498332,0.08470223435987922,0.9040485840035224
17,False,"Rubber, RSS3",roni,observable,24,seasonal_adjusted_log_return,19,0.06680130334502858,0.08070669527385055,0.8277046051552628
17,False,Coconut oil,roni,observable,24,market_adjusted_log_return,19,0.6745735085873074,0.10536369934996004,6.402333182576919
17,False,Palm oil,roni,observable,24,market_adjusted_log_return,19,0.34990809096589875,0.07771877697048785,4.502233624942005
17,False,"Rubber, RSS3",roni,observable,24,market_adjusted_log_return,19,0.3999388841383771,0.07612364127210716,5.253806537035961
17,False,Coconut oil,oni,retrospective,6,seasonal_adjusted_log_return,19,-0.06696206145914298,0.06753595992300405,-0.9915023275819969
17,False,Palm oil,oni,retrospective,6,seasonal_adjusted_log_return,19,-0.05345491267221819,0.06888927593537918,-0.7759540501247391
17,False,"Rubber, RSS3",oni,retrospective,6,seasonal_adjusted_log_return,19,-0.03422095732473026,0.06867519772194546,-0.4983015478642707
17,False,Coconut oil,oni,retrospective,6,market_adjusted_log_return,19,0.11420196217599816,0.055187825989543186,2.069332504557016
17,False,Palm oil,oni,retrospective,6,market_adjusted_log_return,19,0.045857587996709116,0.05666969298285306,0.8092083366427372
17,False,"Rubber, RSS3",oni,retrospective,6,market_adjusted_log_return,19,0.0720678194308565,0.060376766652253014,1.1936349597178573
17,False,Coconut oil,oni,retrospective,12,seasonal_adjusted_log_return,19,-0.10496288368428322,0.0974475127240781,-1.0771222450950064
17,False,Palm oil,oni,retrospective,12,seasonal_adjusted_log_return,19,-0.07856277517288228,0.06116765079312777,-1.2843843789029228
17,False,"Rubber, RSS3",oni,retrospective,12,seasonal_adjusted_log_return,19,-0.02726646282009117,0.07422243786134691,-0.3673614557234966
17,False,Coconut oil,oni,retrospective,12,market_adjusted_log_return,19,0.22086817064307174,0.09429123509121436,2.342404046668928
17,False,Palm oil,oni,retrospective,12,market_adjusted_log_return,19,0.09523544530382447,0.05845085879551191,1.629324996524038
17,False,"Rubber, RSS3",oni,retrospective,12,market_adjusted_log_return,19,0.164050399196161,0.07033618275615129,2.332375638935479
17,False,Coconut oil,oni,retrospective,18,seasonal_adjusted_log_return,19,-0.08083854044288497,0.1268559863596808,-0.6372465562143802
17,False,Palm oil,oni,retrospective,18,seasonal_adjusted_log_return,19,-0.021242970317983233,0.07898469994775728,-0.268950446504626
17,False,"Rubber, RSS3",oni,retrospective,18,seasonal_adjusted_log_return,19,0.011094969756590805,0.07980074345224024,0.13903341343218198
17,False,Coconut oil,oni,retrospective,18,market_adjusted_log_return,19,0.3726953626772123,0.12476040925365069,2.9872887152805383
17,False,Palm oil,oni,retrospective,18,market_adjusted_log_return,19,0.21004025542771543,0.07794685756489565,2.694659694944645
17,False,"Rubber, RSS3",oni,retrospective,18,market_adjusted_log_return,19,0.27773003031880966,0.07496681665135549,3.704706198349533
17,False,Coconut oil,oni,retrospective,24,seasonal_adjusted_log_return,19,-0.02949762812046847,0.1438405629792384,-0.20507169542103426
17,False,Palm oil,oni,retrospective,24,seasonal_adjusted_log_return,19,-0.040762232318097,0.08675048829185938,-0.46987899573496816
17,False,"Rubber, RSS3",oni,retrospective,24,seasonal_adjusted_log_return,19,-0.011487534135944123,0.07252141463476404,-0.1584019588393058
17,False,Coconut oil,oni,retrospective,24,market_adjusted_log_return,19,0.5629279324514496,0.14343134665797438,3.9247204015577184
17,False,Palm oil,oni,retrospective,24,market_adjusted_log_return,19,0.2592189026355706,0.08431100830793226,3.0745558360400067
17,False,"Rubber, RSS3",oni,retrospective,24,market_adjusted_log_return,19,0.3368699279686428,0.0690735319770399,4.876975569753964
17,False,Coconut oil,oni,observable,6,seasonal_adjusted_log_return,19,-0.03485003732367295,0.06850598019602133,-0.5087152570323629
17,False,Palm oil,oni,observable,6,seasonal_adjusted_log_return,19,-0.0016974068491005887,0.052017125943128954,-0.03263169231911019
17,False,"Rubber, RSS3",oni,observable,6,seasonal_adjusted_log_return,19,0.007747043668408666,0.044366446926605,0.17461492197526046
17,False,Coconut oil,oni,observable,6,market_adjusted_log_return,19,0.1348970557339007,0.06950463473037803,1.940835402663327
17,False,Palm oil,oni,observable,6,market_adjusted_log_return,19,0.08617357669813015,0.05176953737169516,1.6645614597523002
17,False,"Rubber, RSS3",oni,observable,6,market_adjusted_log_return,19,0.10750104596833991,0.04398989479566397,2.4437668348080743
17,False,Coconut oil,oni,observable,12,seasonal_adjusted_log_return,19,-0.010725694082274681,0.10122803302198476,-0.10595576899084139
17,False,Palm oil,oni,observable,12,seasonal_adjusted_log_return,19,0.05562239800579847,0.08236580928751243,0.6753093120427998
17,False,"Rubber, RSS3",oni,observable,12,seasonal_adjusted_log_return,19,0.046108476245090645,0.06785673067125653,0.6794974616220607
17,False,Coconut oil,oni,observable,12,market_adjusted_log_return,19,0.2867242477680412,0.10119738900944932,2.833316655445214
17,False,Palm oil,oni,observable,12,market_adjusted_log_return,19,0.20097838682202115,0.08001141937996736,2.511871285117341
17,False,"Rubber, RSS3",oni,observable,12,market_adjusted_log_return,19,0.22118067709098863,0.06390358586311602,3.4611622196720897
17,False,Coconut oil,oni,observable,18,seasonal_adjusted_log_return,19,0.04061521824014181,0.12859297626058705,0.3158432087133372
17,False,Palm oil,oni,observable,18,seasonal_adjusted_log_return,19,0.03610313600568471,0.09415312733922195,0.38345126737649005
17,False,"Rubber, RSS3",oni,observable,18,seasonal_adjusted_log_return,19,0.023525972352555713,0.07230248438414372,0.3253826276226142
17,False,Coconut oil,oni,observable,18,market_adjusted_log_return,19,0.4769568175422784,0.12941772805248464,3.6854055832972996
17,False,Palm oil,oni,observable,18,market_adjusted_log_return,19,0.25015703402987627,0.09225196758803939,2.711671529294401
17,False,"Rubber, RSS3",oni,observable,18,market_adjusted_log_return,19,0.28032057474082167,0.06793026621250092,4.12659320168004
17,False,Coconut oil,oni,observable,24,seasonal_adjusted_log_return,19,0.13585372575710308,0.11135875575640299,1.219964472791729
17,False,Palm oil,oni,observable,24,seasonal_adjusted_log_return,19,0.07905951790301326,0.08921019757544345,0.8862161507506365
17,False,"Rubber, RSS3",oni,observable,24,seasonal_adjusted_log_return,19,0.07555937057891733,0.09339028520583431,0.8090709907607924
17,False,Coconut oil,oni,observable,24,market_adjusted_log_return,19,0.7060739594869815,0.10525163053463123,6.708437255560236
17,False,Palm oil,oni,observable,24,market_adjusted_log_return,19,0.35678750648516344,0.08030646716517031,4.442824084781875
17,False,"Rubber, RSS3",oni,observable,24,market_adjusted_log_return,19,0.41120704158501475,0.08605789293211011,4.778260628684116
18,False,Coconut oil,roni,retrospective,6,seasonal_adjusted_log_return,20,0.0032588318761773982,0.06087946729803804,0.05352924427251716
18,False,Palm oil,roni,retrospective,6,seasonal_adjusted_log_return,20,0.015045537180116277,0.0572044128726969,0.2630135757812727
18,False,"Rubber, RSS3",roni,retrospective,6,seasonal_adjusted_log_return,20,0.04630517343300441,0.048630916421226175,0.9521756290159764
18,False,Coconut oil,roni,retrospective,6,market_adjusted_log_return,20,0.14010362226136436,0.06039525672352068,2.319778569743236
18,False,Palm oil,roni,retrospective,6,market_adjusted_log_return,20,0.06994336241551277,0.05479888259770359,1.2763647559931055
18,False,"Rubber, RSS3",roni,retrospective,6,market_adjusted_log_return,20,0.12722669483319043,0.04345946404233644,2.927479609717491
18,False,Coconut oil,roni,retrospective,12,seasonal_adjusted_log_return,20,0.03927096291521136,0.0897976881026557,0.437327104349471
18,False,Palm oil,roni,retrospective,12,seasonal_adjusted_log_return,20,0.026131343197982514,0.07977942554709815,0.32754489041232515
18,False,"Rubber, RSS3",roni,retrospective,12,seasonal_adjusted_log_return,20,0.0074692584833229115,0.062257653690240895,0.11997333726204565
18,False,Coconut oil,roni,retrospective,12,market_adjusted_log_return,20,0.31924938698846594,0.08578473941270542,3.721517243907166
18,False,Palm oil,roni,retrospective,12,market_adjusted_log_return,20,0.1539781890418334,0.07391615825832763,2.0831465361565344
18,False,"Rubber, RSS3",roni,retrospective,12,market_adjusted_log_return,20,0.17254118584981465,0.056605118116093166,3.0481552126778477
18,False,Coconut oil,roni,retrospective,18,seasonal_adjusted_log_return,20,0.11531860894842252,0.0960346951823345,1.2008015304205941
18,False,Palm oil,roni,retrospective,18,seasonal_adjusted_log_return,20,0.05769508741256364,0.07598874903288554,0.7592582868760615
18,False,"Rubber, RSS3",roni,retrospective,18,seasonal_adjusted_log_return,20,0.03922077015092378,0.08126375160686872,0.48263548476893964
18,False,Coconut oil,roni,retrospective,18,market_adjusted_log_return,20,0.5307456622654864,0.08464733230073651,6.270081381653517
18,False,Palm oil,roni,retrospective,18,market_adjusted_log_return,20,0.25078939963959745,0.06265454975678705,4.002732453000043
18,False,"Rubber, RSS3",roni,retrospective,18,market_adjusted_log_return,20,0.28404439313046637,0.07417019008150517,3.8296301090550218
18,False,Coconut oil,roni,retrospective,24,seasonal_adjusted_log_return,19,0.19196191163173834,0.1026246439445776,1.8705245080841137
18,False,Palm oil,roni,retrospective,24,seasonal_adjusted_log_return,19,0.08921442418474894,0.07531294787101195,1.1845828201751705
18,False,"Rubber, RSS3",roni,retrospective,24,seasonal_adjusted_log_return,19,0.06965182631800375,0.09242199556598618,0.7536282450022916
18,False,Coconut oil,roni,retrospective,24,market_adjusted_log_return,19,0.727140095285298,0.09666610069342123,7.522182958340687
18,False,Palm oil,roni,retrospective,24,market_adjusted_log_return,19,0.33182489907058876,0.06509548735077349,5.0975100206642185
18,False,"Rubber, RSS3",roni,retrospective,24,market_adjusted_log_return,19,0.385242276851686,0.0838902455123255,4.592217778109668
18,False,Coconut oil,roni,observable,6,seasonal_adjusted_log_return,20,0.04242077641176525,0.04650070724120772,0.9122608865220238
18,False,Palm oil,roni,observable,6,seasonal_adjusted_log_return,20,0.011324125013263981,0.03969710168227165,0.28526326944219277
18,False,"Rubber, RSS3",roni,observable,6,seasonal_adjusted_log_return,20,-0.03954167939831431,0.04409552129404128,-0.8967277908937581
18,False,Coconut oil,roni,observable,6,market_adjusted_log_return,20,0.20871434777515713,0.04735137257060897,4.407778200387506
18,False,Palm oil,roni,observable,6,market_adjusted_log_return,20,0.09573414965164677,0.03929933467850696,2.4360246918888517
18,False,"Rubber, RSS3",roni,observable,6,market_adjusted_log_return,20,0.058235610755049835,0.043013935511680174,1.3538777622251355
18,False,Coconut oil,roni,observable,12,seasonal_adjusted_log_return,20,0.11846842244497639,0.07289490329047683,1.6251948640756808
18,False,Palm oil,roni,observable,12,seasonal_adjusted_log_return,20,0.04288786922784509,0.04759577769445812,0.9010855858510071
18,False,"Rubber, RSS3",roni,observable,12,seasonal_adjusted_log_return,20,-0.0077901677307134504,0.06741083128519987,-0.11556255251852666
18,False,Coconut oil,roni,observable,12,market_adjusted_log_return,20,0.4202106230521775,0.07087206765374905,5.929142989099018
18,False,Palm oil,roni,observable,12,market_adjusted_log_return,20,0.1925453602494108,0.045460485765852196,4.235444408604228
18,False,"Rubber, RSS3",roni,observable,12,market_adjusted_log_return,20,0.16973881803570154,0.0643627191634036,2.6372226071550813
18,False,Coconut oil,roni,observable,18,seasonal_adjusted_log_return,19,0.20480889437768252,0.09937269235484579,2.0610178664208774
18,False,Palm oil,roni,observable,18,seasonal_adjusted_log_return,19,0.07943020120959966,0.05749565393219985,1.3814992225893372
18,False,"Rubber, RSS3",roni,observable,18,seasonal_adjusted_log_return,19,0.01913722203164526,0.08779664624729411,0.21797213048140857
18,False,Coconut oil,roni,observable,18,market_adjusted_log_return,19,0.6275785015222355,0.10100164204916405,6.213547510611286
18,False,Palm oil,roni,observable,18,market_adjusted_log_return,19,0.2798828795722096,0.05800798218700215,4.824902867159598
18,False,"Rubber, RSS3",roni,observable,18,market_adjusted_log_return,19,0.26816354492822403,0.08415638856479103,3.186490645588576
18,False,Coconut oil,roni,observable,24,seasonal_adjusted_log_return,19,0.17529323402352706,0.09986845445981907,1.7552412818609733
18,False,Palm oil,roni,observable,24,seasonal_adjusted_log_return,19,0.1296578357751147,0.08251102724000348,1.5714000917474122
18,False,"Rubber, RSS3",roni,observable,24,seasonal_adjusted_log_return,19,-0.0005676764737918152,0.10792484227029027,-0.005259924053167563
18,False,Coconut oil,roni,observable,24,market_adjusted_log_return,19,0.7506085167438062,0.10055448132205372,7.464694828863704
18,False,Palm oil,roni,observable,24,market_adjusted_log_return,19,0.4124918456178382,0.07896100769370269,5.223994192398526
18,False,"Rubber, RSS3",roni,observable,24,market_adjusted_log_return,19,0.3379962771326572,0.10018160521913354,3.37383570959296
18,False,Coconut oil,oni,retrospective,6,seasonal_adjusted_log_return,20,0.018735807594761827,0.05652851444506013,0.33143994280923644
18,False,Palm oil,oni,retrospective,6,seasonal_adjusted_log_return,20,0.05524060897131163,0.05374569335358833,1.0278146121939182
18,False,"Rubber, RSS3",oni,retrospective,6,seasonal_adjusted_log_return,20,0.0486551938579821,0.0468816343964531,1.0378305808737587
18,False,Coconut oil,oni,retrospective,6,market_adjusted_log_return,20,0.16457613748102434,0.05404918150788877,3.044933020068094
18,False,Palm oil,oni,retrospective,6,market_adjusted_log_return,20,0.1191533457471777,0.051854114596498836,2.2978571068923985
18,False,"Rubber, RSS3",oni,retrospective,6,market_adjusted_log_return,20,0.13472554412658302,0.04217513244341725,3.194430848731363
18,False,Coconut oil,oni,retrospective,12,seasonal_adjusted_log_return,20,0.06432823956437865,0.08971440459405335,0.7170335673012158
18,False,Palm oil,oni,retrospective,12,seasonal_adjusted_log_return,20,0.03616172524431087,0.0689557987068081,0.52441891650137
18,False,"Rubber, RSS3",oni,retrospective,12,seasonal_adjusted_log_return,20,0.014996054468231573,0.05861211493098525,0.25585247155625024
18,False,Coconut oil,oni,retrospective,12,market_adjusted_log_return,20,0.34945844927465763,0.08706496690198781,4.013766520672496
18,False,Palm oil,oni,retrospective,12,market_adjusted_log_return,20,0.1691714511786426,0.06486143175882245,2.6081979165628257
18,False,"Rubber, RSS3",oni,retrospective,12,market_adjusted_log_return,20,0.18301673911699914,0.05340094986940758,3.427218796005838
18,False,Coconut oil,oni,retrospective,18,seasonal_adjusted_log_return,20,0.15086749111452907,0.08912936706621004,1.6926799334551166
18,False,Palm oil,oni,retrospective,18,seasonal_adjusted_log_return,20,0.07800830533457344,0.07015186294366185,1.1119919281006265
18,False,"Rubber, RSS3",oni,retrospective,18,seasonal_adjusted_log_return,20,0.0697869772846422,0.07872937741752087,0.8864159678863588
18,False,Coconut oil,oni,retrospective,18,market_adjusted_log_return,20,0.5702945086104959,0.07855189113700878,7.260099029516662
18,False,Palm oil,oni,retrospective,18,market_adjusted_log_return,20,0.27511119572788034,0.058972417354993735,4.665082560068807
18,False,"Rubber, RSS3",oni,retrospective,18,market_adjusted_log_return,20,0.3169000828499151,0.07184962357080511,4.4106018528770985
18,False,Coconut oil,oni,retrospective,24,seasonal_adjusted_log_return,19,0.222367784959038,0.08260123489654926,2.692063686911388
18,False,Palm oil,oni,retrospective,24,seasonal_adjusted_log_return,19,0.12537783551926324,0.06425503513862095,1.9512530846614382
18,False,"Rubber, RSS3",oni,retrospective,24,seasonal_adjusted_log_return,19,0.08446738633587318,0.08944656895486784,0.9443334419958913
18,False,Coconut oil,oni,retrospective,24,market_adjusted_log_return,19,0.7664075668953036,0.07682637250654349,9.975839570324979
18,False,Palm oil,oni,retrospective,24,market_adjusted_log_return,19,0.3768689922826292,0.054553534887697146,6.908241474332405
18,False,"Rubber, RSS3",oni,retrospective,24,market_adjusted_log_return,19,0.4051300010296747,0.08183460208440657,4.950595355883957
18,False,Coconut oil,oni,observable,6,seasonal_adjusted_log_return,20,0.06754230972992589,0.0548155748424582,1.2321737010702662
18,False,Palm oil,oni,observable,6,seasonal_adjusted_log_return,20,0.005939677291949582,0.0309792244622197,0.19173098730064195
18,False,"Rubber, RSS3",oni,observable,6,seasonal_adjusted_log_return,20,-0.04017816388573242,0.043349720108524566,-0.9268379077223046
18,False,Coconut oil,oni,observable,6,market_adjusted_log_return,20,0.23139701924036382,0.056999477267107704,4.059634058677491
18,False,Palm oil,oni,observable,6,market_adjusted_log_return,20,0.08790558794904456,0.02984076612007759,2.945822087654095
18,False,"Rubber, RSS3",oni,observable,6,market_adjusted_log_return,20,0.05620318083122252,0.0422634911786145,1.3298281628864006
18,False,Coconut oil,oni,observable,12,seasonal_adjusted_log_return,20,0.1540815612800763,0.06774166701283488,2.274546347536484
18,False,Palm oil,oni,observable,12,seasonal_adjusted_log_return,20,0.04778625738221215,0.04577391721811336,1.0439625945603468
18,False,"Rubber, RSS3",oni,observable,12,seasonal_adjusted_log_return,20,0.0146127589306782,0.06530648077243342,0.223756643411819
18,False,Coconut oil,oni,observable,12,market_adjusted_log_return,20,0.4522330785762022,0.0667174768912835,6.778330051556334
18,False,Palm oil,oni,observable,12,market_adjusted_log_return,20,0.19384533249828223,0.04398993832403239,4.406583411652148
18,False,"Rubber, RSS3",oni,observable,12,market_adjusted_log_return,20,0.19008652456413846,0.06204473142863509,3.0637013036760297
18,False,Coconut oil,oni,observable,18,seasonal_adjusted_log_return,19,0.23528240630392258,0.08049312197187064,2.923012557348006
18,False,Palm oil,oni,observable,18,seasonal_adjusted_log_return,19,0.09936747594659529,0.04792926775931405,2.073210808176499
18,False,"Rubber, RSS3",oni,observable,18,seasonal_adjusted_log_return,19,0.025359855236539164,0.08353592306459752,0.30358023597738465
18,False,Coconut oil,oni,observable,18,market_adjusted_log_return,19,0.6589234564785729,0.08233856117527977,8.002610770376192
18,False,Palm oil,oni,observable,18,market_adjusted_log_return,19,0.30069347400592217,0.04768678143401905,6.3055938137064516
18,False,"Rubber, RSS3",oni,observable,18,market_adjusted_log_return,19,0.2748849710104109,0.08050498669577538,3.414508619809956
18,False,Coconut oil,oni,observable,24,seasonal_adjusted_log_return,19,0.19983456439788014,0.08906162174616696,2.243778638653418
18,False,Palm oil,oni,observable,24,seasonal_adjusted_log_return,19,0.12720504432829047,0.06994972644058982,1.818520969289696
18,False,"Rubber, RSS3",oni,observable,24,seasonal_adjusted_log_return,19,0.0016527130372703872,0.09742516127913442,0.016963924057925572
18,False,Coconut oil,oni,observable,24,market_adjusted_log_return,19,0.7737311376390821,0.0889313604136236,8.700318245896893
18,False,Palm oil,oni,observable,24,market_adjusted_log_return,19,0.408617289478193,0.06719700673794987,6.08088528513911
18,False,"Rubber, RSS3",oni,observable,24,market_adjusted_log_return,19,0.33940463171008445,0.0904162943588397,3.7537994021638643
19,False,Coconut oil,roni,retrospective,6,seasonal_adjusted_log_return,20,0.0614187081672525,0.052128596217209666,1.1782152719273842
19,False,Palm oil,roni,retrospective,6,seasonal_adjusted_log_return,20,0.03096714932500841,0.037835038432856745,0.8184780723816018
19,False,"Rubber, RSS3",roni,retrospective,6,seasonal_adjusted_log_return,20,0.009529610106073717,0.02779111611327284,0.34290130944120095
19,False,Coconut oil,roni,retrospective,6,market_adjusted_log_return,20,0.21507103338397862,0.05191684611236539,4.142605907117183
19,False,Palm oil,roni,retrospective,6,market_adjusted_log_return,20,0.1027087046892728,0.036880081865110104,2.7849370037987624
19,False,"Rubber, RSS3",roni,retrospective,6,market_adjusted_log_return,20,0.10007135723448549,0.025765829480712845,3.8838787359589744
19,False,Coconut oil,roni,retrospective,12,seasonal_adjusted_log_return,19,0.16405826112498526,0.08956171069056464,1.8317901685889622
19,False,Palm oil,roni,retrospective,12,seasonal_adjusted_log_return,19,0.06637616709435712,0.051248329723148286,1.2951869349290375
19,False,"Rubber, RSS3",roni,retrospective,12,seasonal_adjusted_log_return,19,0.03349138871066741,0.05425785558120974,0.617263405490466
19,False,Coconut oil,roni,retrospective,12,market_adjusted_log_return,19,0.44045848422448725,0.08717482141782136,5.052588316911002
19,False,Palm oil,roni,retrospective,12,market_adjusted_log_return,19,0.19063710625094982,0.04745385064740026,4.017315847926744
19,False,"Rubber, RSS3",roni,retrospective,12,market_adjusted_log_return,19,0.1965152405316685,0.05167257702061733,3.8030857344943145
19,False,Coconut oil,roni,retrospective,18,seasonal_adjusted_log_return,19,0.13454260077082983,0.10523504240271184,1.2784961900425171
19,False,Palm oil,roni,retrospective,18,seasonal_adjusted_log_return,19,0.11660380165987211,0.08712333659500009,1.3383762171771998
19,False,"Rubber, RSS3",roni,retrospective,18,seasonal_adjusted_log_return,19,0.013786490205230309,0.08699156372440382,0.1584807723299124
19,False,Coconut oil,roni,retrospective,18,market_adjusted_log_return,19,0.5634884994460578,0.10080202950284152,5.590051135132885
19,False,Palm oil,roni,retrospective,18,market_adjusted_log_return,19,0.3232460722965785,0.0795913833774221,4.061319939166613
19,False,"Rubber, RSS3",roni,retrospective,18,market_adjusted_log_return,19,0.26634797273610156,0.07970395925359154,3.3417157093623255
19,False,Coconut oil,roni,retrospective,24,seasonal_adjusted_log_return,19,0.15026157171171153,0.1533931324032397,0.9795847399263226
19,False,Palm oil,roni,retrospective,24,seasonal_adjusted_log_return,19,0.07368383668494416,0.11171812728714003,0.6595513053630104
19,False,"Rubber, RSS3",roni,retrospective,24,seasonal_adjusted_log_return,19,-0.035144310117179306,0.09732505982950798,-0.36110237362036435
19,False,Coconut oil,roni,retrospective,24,market_adjusted_log_return,19,0.718983847680474,0.14029271950547004,5.124883530769682
19,False,Palm oil,roni,retrospective,24,market_adjusted_log_return,19,0.3499106416297807,0.0928861842651454,3.7670902771821697
19,False,"Rubber, RSS3",roni,retrospective,24,market_adjusted_log_return,19,0.2996459661586543,0.08463606274128598,3.5404053125038057
19,False,Coconut oil,roni,observable,6,seasonal_adjusted_log_return,19,0.10918987560650456,0.06689453222619816,1.6322690655386944
19,False,Palm oil,roni,observable,6,seasonal_adjusted_log_return,19,0.0629716934523636,0.03379695533979671,1.8632356914770056
19,False,"Rubber, RSS3",roni,observable,6,seasonal_adjusted_log_return,19,0.033985798387181285,0.04390634891659513,0.7740520272305264
19,False,Coconut oil,roni,observable,6,market_adjusted_log_return,19,0.2484655646185756,0.06475929119458242,3.8367554683699434
19,False,Palm oil,roni,observable,6,market_adjusted_log_return,19,0.12030565229404228,0.03356628887357274,3.5841213411221275
19,False,"Rubber, RSS3",roni,observable,6,market_adjusted_log_return,19,0.11629870726610546,0.04124258410577521,2.8198695544351238
19,False,Coconut oil,roni,observable,12,seasonal_adjusted_log_return,19,0.0796742152523491,0.10633941648708037,0.749244427742643
19,False,Palm oil,roni,observable,12,seasonal_adjusted_log_return,19,0.11319932801787858,0.08227848153943547,1.3758072086396365
19,False,"Rubber, RSS3",roni,observable,12,seasonal_adjusted_log_return,19,0.014280899881744191,0.07834585211950745,0.1822802292067785
19,False,Coconut oil,roni,observable,12,market_adjusted_log_return,19,0.3714955798401462,0.09925695381990925,3.742766280276783
19,False,Palm oil,roni,observable,12,market_adjusted_log_return,19,0.2529146183396709,0.07484295618247436,3.379270825741311
19,False,"Rubber, RSS3",roni,observable,12,market_adjusted_log_return,19,0.18613143947053853,0.07036484497779247,2.645233419178038
19,False,Coconut oil,roni,observable,18,seasonal_adjusted_log_return,19,0.09539318619323081,0.16279725888669389,0.5859630981847429
19,False,Palm oil,roni,observable,18,seasonal_adjusted_log_return,19,0.07027936304295061,0.0999047188772763,0.7034638987301721
19,False,"Rubber, RSS3",roni,observable,18,seasonal_adjusted_log_return,19,-0.034649900440665404,0.09032614868393078,-0.38360874392987043
19,False,Coconut oil,roni,observable,18,market_adjusted_log_return,19,0.5269909280745623,0.1473044065290767,3.5775639065525073
19,False,Palm oil,roni,observable,18,market_adjusted_log_return,19,0.2795791876728732,0.08179089660626439,3.418218888328706
19,False,"Rubber, RSS3",roni,observable,18,market_adjusted_log_return,19,0.2194294328930913,0.07708345398850798,2.8466476466636412
19,False,Coconut oil,roni,observable,24,seasonal_adjusted_log_return,19,0.10598770217311794,0.14887069960561827,0.7119446771856108
19,False,Palm oil,roni,observable,24,seasonal_adjusted_log_return,19,0.0624988963756241,0.11478427081582723,0.5444900763093607
19,False,"Rubber, RSS3",roni,observable,24,seasonal_adjusted_log_return,19,-0.05583090683479011,0.10595958996367456,-0.5269075395056763
19,False,Coconut oil,roni,observable,24,market_adjusted_log_return,19,0.691370882366165,0.13202692090611148,5.236590216762084
19,False,Palm oil,roni,observable,24,market_adjusted_log_return,19,0.35542248507069646,0.09194599572483703,3.8655569747088783
19,False,"Rubber, RSS3",roni,observable,24,market_adjusted_log_return,19,0.28849566736221166,0.09211419615851633,3.1319349176727203
19,False,Coconut oil,oni,retrospective,6,seasonal_adjusted_log_return,20,0.09358057522396897,0.05415373255342392,1.72805401976031
19,False,Palm oil,oni,retrospective,6,seasonal_adjusted_log_return,20,0.02299434787261123,0.04529501400593835,0.507657374155941
19,False,"Rubber, RSS3",oni,retrospective,6,seasonal_adjusted_log_return,20,0.04571727882382158,0.033260351551852925,1.374527829405179
19,False,Coconut oil,oni,retrospective,6,market_adjusted_log_return,20,0.24654054216779678,0.05283619389203128,4.666129863017629
19,False,Palm oil,oni,retrospective,6,market_adjusted_log_return,20,0.09404205395927039,0.04296889434135291,2.188607721953066
19,False,"Rubber, RSS3",oni,retrospective,6,market_adjusted_log_return,20,0.135862736851134,0.030884284451441257,4.399089675033536
19,False,Coconut oil,oni,retrospective,12,seasonal_adjusted_log_return,19,0.19089885538976908,0.08811625251124901,2.166443192365662
19,False,Palm oil,oni,retrospective,12,seasonal_adjusted_log_return,19,0.07276482119265357,0.05705006561516078,1.2754555215325933
19,False,"Rubber, RSS3",oni,retrospective,12,seasonal_adjusted_log_return,19,0.054224276711725736,0.06138770357105665,0.8833084405732949
19,False,Coconut oil,oni,retrospective,12,market_adjusted_log_return,19,0.47122138998060703,0.08293647967964071,5.681714389142112
19,False,Palm oil,oni,retrospective,12,market_adjusted_log_return,19,0.20095651860163727,0.05142748633741824,3.9075703075034967
19,False,"Rubber, RSS3",oni,retrospective,12,market_adjusted_log_return,19,0.21949316460144647,0.05837024031408388,3.760360817779364
19,False,Coconut oil,oni,retrospective,18,seasonal_adjusted_log_return,19,0.15545101348372659,0.11520837021702918,1.349303120866031
19,False,Palm oil,oni,retrospective,18,seasonal_adjusted_log_return,19,0.10060238957434872,0.08372827088923973,1.2015343026423058
19,False,"Rubber, RSS3",oni,retrospective,18,seasonal_adjusted_log_return,19,0.030517134512456967,0.08056477507187998,0.37879004174255493
19,False,Coconut oil,oni,retrospective,18,market_adjusted_log_return,19,0.5860290711411164,0.1078984691009764,5.431301074278293
19,False,Palm oil,oni,retrospective,18,market_adjusted_log_return,19,0.308880334073908,0.07708405283868561,4.0070588234417865
19,False,"Rubber, RSS3",oni,retrospective,18,market_adjusted_log_return,19,0.28401282530112004,0.07405225351407424,3.835302935745785
19,False,Coconut oil,oni,retrospective,24,seasonal_adjusted_log_return,19,0.18795941897801988,0.15789697929787022,1.1903927473079603
19,False,Palm oil,oni,retrospective,24,seasonal_adjusted_log_return,19,0.07478758997352059,0.11081359348415892,0.6748954493945877
19,False,"Rubber, RSS3",oni,retrospective,24,seasonal_adjusted_log_return,19,-0.020266691231048937,0.09130969194848201,-0.22195553175761057
19,False,Coconut oil,oni,retrospective,24,market_adjusted_log_return,19,0.7634193207903717,0.14282899733118695,5.344988308082716
19,False,Palm oil,oni,retrospective,24,market_adjusted_log_return,19,0.35776653034786393,0.0921866463360634,3.8808932157444773
19,False,"Rubber, RSS3",oni,retrospective,24,market_adjusted_log_return,19,0.3183800388399021,0.07913219861398776,4.023394325146728
19,False,Coconut oil,oni,observable,6,seasonal_adjusted_log_return,19,0.09842358426657212,0.0642157384839409,1.5327018981676266
19,False,Palm oil,oni,observable,6,seasonal_adjusted_log_return,19,0.0597755443082394,0.03162640505259489,1.8900518161590711
19,False,"Rubber, RSS3",oni,observable,6,seasonal_adjusted_log_return,19,0.03227396151023845,0.04816625861196727,0.6700533203178821
19,False,Coconut oil,oni,observable,6,market_adjusted_log_return,19,0.24401048048710186,0.06038259631110801,4.041073014315113
19,False,Palm oil,oni,observable,6,market_adjusted_log_return,19,0.12343430164488624,0.029575543814972953,4.173526019237429
19,False,"Rubber, RSS3",oni,observable,6,market_adjusted_log_return,19,0.11819925248871038,0.0454803369381437,2.598908900993176
19,False,Coconut oil,oni,observable,12,seasonal_adjusted_log_return,19,0.06297574236052969,0.10472749159517426,0.6013296165247937
19,False,Palm oil,oni,observable,12,seasonal_adjusted_log_return,19,0.08761311268993455,0.07526788425500192,1.1640172107549607
19,False,"Rubber, RSS3",oni,observable,12,seasonal_adjusted_log_return,19,0.008566819310969673,0.07054905316847214,0.12143067732620008
19,False,Coconut oil,oni,observable,12,market_adjusted_log_return,19,0.3588181616476112,0.09576388671724187,3.746904746118743
19,False,Palm oil,oni,observable,12,market_adjusted_log_return,19,0.2313581171171571,0.06792113743342963,3.4062756582060203
19,False,"Rubber, RSS3",oni,observable,12,market_adjusted_log_return,19,0.182718913188384,0.06346323096805614,2.879130331078708
19,False,Coconut oil,oni,observable,18,seasonal_adjusted_log_return,19,0.09548414785482288,0.1499496495741877,0.6367747315580223
19,False,Palm oil,oni,observable,18,seasonal_adjusted_log_return,19,0.061798313089106424,0.09461563711829893,0.6531511594837051
19,False,"Rubber, RSS3",oni,observable,18,seasonal_adjusted_log_return,19,-0.042217006432536223,0.08389915094252935,-0.5031875288160512
19,False,Coconut oil,oni,observable,18,market_adjusted_log_return,19,0.5362084112968664,0.1336098479087178,4.013240189175305
19,False,Palm oil,oni,observable,18,market_adjusted_log_return,19,0.28024431339111294,0.07571724714717852,3.701195222356361
19,False,"Rubber, RSS3",oni,observable,18,market_adjusted_log_return,19,0.2170861267271661,0.07119895068067592,3.0490073891789162
19,False,Coconut oil,oni,observable,24,seasonal_adjusted_log_return,19,0.13524961007951916,0.13852136384601996,0.9763808724108602
19,False,Palm oil,oni,observable,24,seasonal_adjusted_log_return,19,0.091563156346802,0.11882257934183107,0.7705871800963969
19,False,"Rubber, RSS3",oni,observable,24,seasonal_adjusted_log_return,19,-0.012333778762190115,0.09327886143871517,-0.13222479961650785
19,False,Coconut oil,oni,observable,24,market_adjusted_log_return,19,0.7113712464661902,0.12541605683049217,5.672090675180882
19,False,Palm oil,oni,observable,24,market_adjusted_log_return,19,0.3752052563515427,0.09818077309483614,3.8215756967926833
19,False,"Rubber, RSS3",oni,observable,24,market_adjusted_log_return,19,0.32669171214673803,0.08194981002099955,3.9864852897526384
20,False,Coconut oil,roni,retrospective,6,seasonal_adjusted_log_return,19,0.013591368385059435,0.08049053645462037,0.1688567250725443
20,False,Palm oil,roni,retrospective,6,seasonal_adjusted_log_return,19,0.0634281810051562,0.0823964862008211,0.769792304620438
20,False,"Rubber, RSS3",roni,retrospective,6,seasonal_adjusted_log_return,19,-0.04855042956188047,0.05559209999852684,-0.8733332535228393
20,False,Coconut oil,roni,retrospective,6,market_adjusted_log_return,19,0.19002249032348825,0.07283909775352755,2.6087979695531796
20,False,Palm oil,roni,retrospective,6,market_adjusted_log_return,19,0.1579975875972359,0.07511438942565893,2.1034263715024517
20,False,"Rubber, RSS3",roni,retrospective,6,market_adjusted_log_return,19,0.05502934893023483,0.05077047347293387,1.0838848875335267
20,False,Coconut oil,roni,retrospective,12,seasonal_adjusted_log_return,19,0.029310339325941164,0.1450219649950089,0.20210965509224696
20,False,Palm oil,roni,retrospective,12,seasonal_adjusted_log_return,19,0.02050821603022823,0.10035593417382646,0.20435479176254748
20,False,"Rubber, RSS3",roni,retrospective,12,seasonal_adjusted_log_return,19,-0.09748122988429009,0.06704300209466243,-1.4540105132322374
20,False,Coconut oil,roni,retrospective,12,market_adjusted_log_return,19,0.34551783855790424,0.1305885851193123,2.6458502344766335
20,False,Palm oil,roni,retrospective,12,market_adjusted_log_return,19,0.18466215693043814,0.08353942654216415,2.2104791063802094
20,False,"Rubber, RSS3",roni,retrospective,12,market_adjusted_log_return,19,0.08832734235278758,0.05819009013212441,1.5179103890754349
20,False,Coconut oil,roni,retrospective,18,seasonal_adjusted_log_return,19,0.039904855305828275,0.14209541177870463,0.28083141324770544
20,False,Palm oil,roni,retrospective,18,seasonal_adjusted_log_return,19,0.012727749362901712,0.1142410367849346,0.11141136076051587
20,False,"Rubber, RSS3",roni,retrospective,18,seasonal_adjusted_log_return,19,-0.11866223627841473,0.08662477784435338,-1.3698417384876411
20,False,Coconut oil,roni,retrospective,18,market_adjusted_log_return,19,0.5098977928495069,0.1272676046809895,4.006501058361417
20,False,Palm oil,roni,retrospective,18,market_adjusted_log_return,19,0.26050545432826133,0.09396032527453997,2.7725048159113745
20,False,"Rubber, RSS3",roni,retrospective,18,market_adjusted_log_return,19,0.15739357682190794,0.07895402306518126,1.9934839380125082
20,False,Coconut oil,roni,retrospective,24,seasonal_adjusted_log_return,19,0.04606194996633904,0.11774626247075062,0.39119670552414604
20,False,Palm oil,roni,retrospective,24,seasonal_adjusted_log_return,19,0.006052811180077312,0.09230575973504851,0.0655734939775276
20,False,"Rubber, RSS3",roni,retrospective,24,seasonal_adjusted_log_return,19,-0.043471126623211336,0.09214553558465222,-0.4717659553161455
20,False,Coconut oil,roni,retrospective,24,market_adjusted_log_return,19,0.6282916694925644,0.11268682475673097,5.575555712470597
20,False,Palm oil,roni,retrospective,24,market_adjusted_log_return,19,0.29581614817992374,0.07692806301055113,3.845360673378073
20,False,"Rubber, RSS3",roni,retrospective,24,market_adjusted_log_return,19,0.2990504830894702,0.08201082684034801,3.6464756497533832
20,False,Coconut oil,roni,observable,6,seasonal_adjusted_log_return,19,0.030944172448844953,0.08293128675633951,0.37313025830362495
20,False,Palm oil,roni,observable,6,seasonal_adjusted_log_return,19,-0.03491892496029505,0.04068904708132982,-0.8581897946761602
20,False,"Rubber, RSS3",roni,observable,6,seasonal_adjusted_log_return,19,-0.05926135561875729,0.02714806032725776,-2.1828946489873706
20,False,Coconut oil,roni,observable,6,market_adjusted_log_return,19,0.19754279542542472,0.07575643243519249,2.60760425320209
20,False,Palm oil,roni,observable,6,market_adjusted_log_return,19,0.04979680822484441,0.03233170263224424,1.5401851486528988
20,False,"Rubber, RSS3",roni,observable,6,market_adjusted_log_return,19,0.03869053868727058,0.024406467982106834,1.5852575930132886
20,False,Coconut oil,roni,observable,12,seasonal_adjusted_log_return,19,0.04153868842873207,0.09070485661362936,0.4579544026586383
20,False,Palm oil,roni,observable,12,seasonal_adjusted_log_return,19,-0.04269939162762157,0.06408354715641447,-0.6663081792804216
20,False,"Rubber, RSS3",roni,observable,12,seasonal_adjusted_log_return,19,-0.08044236201288198,0.06316259091088346,-1.2735760337377335
20,False,Coconut oil,roni,observable,12,market_adjusted_log_return,19,0.36192274971702737,0.0821963549989525,4.403148408729799
20,False,Palm oil,roni,observable,12,market_adjusted_log_return,19,0.12564010562266764,0.05239905871482744,2.3977550113341075
20,False,"Rubber, RSS3",roni,observable,12,market_adjusted_log_return,19,0.10775677315639093,0.05965319276722331,1.80638735594381
20,False,Coconut oil,roni,observable,18,seasonal_adjusted_log_return,19,0.04769578308924285,0.09563786147710815,0.4987123546322635
20,False,Palm oil,roni,observable,18,seasonal_adjusted_log_return,19,-0.04937432981044597,0.05594853299171263,-0.8824955216924014
20,False,"Rubber, RSS3",roni,observable,18,seasonal_adjusted_log_return,19,-0.005251252357678516,0.07746061773578562,-0.06779254427831032
20,False,Coconut oil,roni,observable,18,market_adjusted_log_return,19,0.48031662636008504,0.09448685729822741,5.083422606004019
20,False,Palm oil,roni,observable,18,market_adjusted_log_return,19,0.16095079947433003,0.052967504048224194,3.038670640923397
20,False,"Rubber, RSS3",roni,observable,18,market_adjusted_log_return,19,0.24941367942395315,0.0702716003175264,3.549281335517658
20,False,Coconut oil,roni,observable,24,seasonal_adjusted_log_return,18,0.09727084125651168,0.10168459369991543,0.9565936954379803
20,False,Palm oil,roni,observable,24,seasonal_adjusted_log_return,18,-0.022312418778597735,0.07453633323828654,-0.29934956294759985
20,False,"Rubber, RSS3",roni,observable,24,seasonal_adjusted_log_return,18,0.03879699933445573,0.10275299361207975,0.37757536759391036
20,False,Coconut oil,roni,observable,24,market_adjusted_log_return,18,0.6752911262944209,0.09632431675843854,7.010598663138316
20,False,Palm oil,roni,observable,24,market_adjusted_log_return,18,0.2632324186478728,0.0719807252252402,3.656984808421599
20,False,"Rubber, RSS3",roni,observable,24,market_adjusted_log_return,18,0.3789092307313005,0.09413745024012111,4.025063667698644
20,False,Coconut oil,oni,retrospective,6,seasonal_adjusted_log_return,19,-0.03102008476963794,0.07234004989220742,-0.428809280832131
20,False,Palm oil,oni,retrospective,6,seasonal_adjusted_log_return,19,0.029598151640503098,0.06765678872767203,0.43747497031879196
20,False,"Rubber, RSS3",oni,retrospective,6,seasonal_adjusted_log_return,19,-0.04011806815763867,0.04042589508341824,-0.9923854023480649
20,False,Coconut oil,oni,retrospective,6,market_adjusted_log_return,19,0.14624053323161826,0.06597695502725172,2.2165395958515175
20,False,Palm oil,oni,retrospective,6,market_adjusted_log_return,19,0.12499884062855944,0.06284298918301484,1.9890658011911382
20,False,"Rubber, RSS3",oni,retrospective,6,market_adjusted_log_return,19,0.06393649378398641,0.03922560357115968,1.6299683870510338
20,False,Coconut oil,oni,retrospective,12,seasonal_adjusted_log_return,19,0.0014883207246552648,0.11936134932094027,0.012469034014130066
20,False,Palm oil,oni,retrospective,12,seasonal_adjusted_log_return,19,0.0037833520396749623,0.08416064778708818,0.044953932023505644
20,False,"Rubber, RSS3",oni,retrospective,12,seasonal_adjusted_log_return,19,-0.09090189390114456,0.053526572024335334,-1.6982573414157158
20,False,Coconut oil,oni,retrospective,12,market_adjusted_log_return,19,0.3236307828808734,0.10658356963741882,3.036404053474812
20,False,Palm oil,oni,retrospective,12,market_adjusted_log_return,19,0.17388503690251536,0.07000869846585288,2.4837633138877555
20,False,"Rubber, RSS3",oni,retrospective,12,market_adjusted_log_return,19,0.09830370732276851,0.048357056472322475,2.0328720251827854
20,False,Coconut oil,oni,retrospective,18,seasonal_adjusted_log_return,19,0.04125378294935157,0.1197439111379454,0.3445167487625076
20,False,Palm oil,oni,retrospective,18,seasonal_adjusted_log_return,19,0.03354819529737056,0.10852042700153962,0.30914175537564553
20,False,"Rubber, RSS3",oni,retrospective,18,seasonal_adjusted_log_return,19,-0.061018666230798456,0.07414977852146942,-0.8229109708416867
20,False,Coconut oil,oni,retrospective,18,market_adjusted_log_return,19,0.49879361805019723,0.11076805186965898,4.503045865942726
20,False,Palm oil,oni,retrospective,18,market_adjusted_log_return,19,0.2688459798629451,0.09265537931877961,2.901569038296029
20,False,"Rubber, RSS3",oni,retrospective,18,market_adjusted_log_return,19,0.2079092927423404,0.07128862268702951,2.916444236201636
20,False,Coconut oil,oni,retrospective,24,seasonal_adjusted_log_return,19,0.03576748286754312,0.1002284653321033,0.3568595283688011
20,False,Palm oil,oni,retrospective,24,seasonal_adjusted_log_return,19,0.028546994142620748,0.08403753883565819,0.3396933624918094
20,False,"Rubber, RSS3",oni,retrospective,24,seasonal_adjusted_log_return,19,0.025673310889175304,0.08315690557139853,0.3087333602996109
20,False,Coconut oil,oni,retrospective,24,market_adjusted_log_return,19,0.5989623797202948,0.09607829210093977,6.234107274627919
20,False,Palm oil,oni,retrospective,24,market_adjusted_log_return,19,0.2992345166713757,0.07478924580865598,4.001036692320045
20,False,"Rubber, RSS3",oni,retrospective,24,market_adjusted_log_return,19,0.3572998492751596,0.07726642764788226,4.624257392918988
20,False,Coconut oil,oni,observable,6,seasonal_adjusted_log_return,19,0.02808643452480335,0.06828141684912471,0.4113335050862142
20,False,Palm oil,oni,observable,6,seasonal_adjusted_log_return,19,-0.018008277395024825,0.03948686890529397,-0.45605736525264146
20,False,"Rubber, RSS3",oni,observable,6,seasonal_adjusted_log_return,19,-0.059660771786765515,0.02701369595968092,-2.208537916315181
20,False,Coconut oil,oni,observable,6,market_adjusted_log_return,19,0.19714705397653995,0.060992510000693764,3.2323158036010895
20,False,Palm oil,oni,observable,6,market_adjusted_log_return,19,0.06917475421438737,0.028976750626091025,2.387250216803176
20,False,"Rubber, RSS3",oni,observable,6,market_adjusted_log_return,19,0.03970030965291983,0.025341224944691754,1.566629464028174
20,False,Coconut oil,oni,observable,12,seasonal_adjusted_log_return,19,0.06785189674949965,0.090730921107867,0.7478365249795356
20,False,Palm oil,oni,observable,12,seasonal_adjusted_log_return,19,0.01175656586267076,0.07252437369175936,0.1621050312359555
20,False,"Rubber, RSS3",oni,observable,12,seasonal_adjusted_log_return,19,-0.02977754411641939,0.05514466417791431,-0.5399895812285214
20,False,Coconut oil,oni,observable,12,market_adjusted_log_return,19,0.37230988914586366,0.08605576090738391,4.326379608060825
20,False,Palm oil,oni,observable,12,market_adjusted_log_return,19,0.16413569717481713,0.06027515036971933,2.7231072202728943
20,False,"Rubber, RSS3",oni,observable,12,market_adjusted_log_return,19,0.14930589507249176,0.053559190078235376,2.787680225455175
20,False,Coconut oil,oni,observable,18,seasonal_adjusted_log_return,19,0.062365596667691224,0.09730635607895016,0.6409200712139552
20,False,Palm oil,oni,observable,18,seasonal_adjusted_log_return,19,0.0067553647079209725,0.0628167106282422,0.10754088586236447
20,False,"Rubber, RSS3",oni,observable,18,seasonal_adjusted_log_return,19,0.05691443300355436,0.07029728851040504,0.8096248690321843
20,False,Coconut oil,oni,observable,18,market_adjusted_log_return,19,0.4724786508159612,0.09459252366120996,4.994883660237019
20,False,Palm oil,oni,observable,18,market_adjusted_log_return,19,0.19452423398324767,0.05953977647787888,3.2671307399939646
20,False,"Rubber, RSS3",oni,observable,18,market_adjusted_log_return,19,0.29869645160531083,0.06526910766171909,4.576383258576384
20,False,Coconut oil,oni,observable,24,seasonal_adjusted_log_return,18,0.10220515570275984,0.11723416581329346,0.8718034968196153
20,False,Palm oil,oni,observable,24,seasonal_adjusted_log_return,18,-0.0018241222220119326,0.08075386102655309,-0.022588668811911464
20,False,"Rubber, RSS3",oni,observable,24,seasonal_adjusted_log_return,18,0.08244505867623061,0.1046771662144332,0.7876126347109963
20,False,Coconut oil,oni,observable,24,market_adjusted_log_return,18,0.6613654445240039,0.10631616463524232,6.220742130729295
20,False,Palm oil,oni,observable,24,market_adjusted_log_return,18,0.2648201036817702,0.07291932971058501,3.6316859292705317
20,False,"Rubber, RSS3",oni,observable,24,market_adjusted_log_return,18,0.4117622851745976,0.09575307533114172,4.300251284364549
21,False,Coconut oil,roni,retrospective,6,seasonal_adjusted_log_return,19,-0.008512148543812766,0.06501681100278693,-0.13092227091002503
21,False,Palm oil,roni,retrospective,6,seasonal_adjusted_log_return,19,-0.019714684987651433,0.05115279660232679,-0.38540776452395703
21,False,"Rubber, RSS3",roni,retrospective,6,seasonal_adjusted_log_return,19,-0.0407584110241564,0.055494072665804715,-0.7344642241273385
21,False,Coconut oil,roni,retrospective,6,market_adjusted_log_return,19,0.168930776975397,0.0614408725634266,2.749485316977009
21,False,Palm oil,roni,retrospective,6,market_adjusted_log_return,19,0.07586870412053862,0.04627173246764158,1.6396339638589192
21,False,"Rubber, RSS3",roni,retrospective,6,market_adjusted_log_return,19,0.06340049932383786,0.050995329044919,1.243260912543418
21,False,Coconut oil,roni,retrospective,12,seasonal_adjusted_log_return,19,-0.002355053883302012,0.11180270452617666,-0.021064373114074508
21,False,Palm oil,roni,retrospective,12,seasonal_adjusted_log_return,19,-0.026389623170475825,0.06059312915584185,-0.4355217091133108
21,False,"Rubber, RSS3",roni,retrospective,12,seasonal_adjusted_log_return,19,0.03443269863104704,0.07301665187189645,0.4715732336160421
21,False,Coconut oil,roni,retrospective,12,market_adjusted_log_return,19,0.28732465361845466,0.10555459982525518,2.7220476804811766
21,False,Palm oil,roni,retrospective,12,market_adjusted_log_return,19,0.11117939797220099,0.05695146362085386,1.9521780636290889
21,False,"Rubber, RSS3",roni,retrospective,12,market_adjusted_log_return,19,0.20505740559140015,0.0639601992660746,3.206015740169301
21,False,Coconut oil,roni,retrospective,18,seasonal_adjusted_log_return,18,0.06298231890526856,0.1450674895091562,0.43415874306760727
21,False,Palm oil,roni,retrospective,18,seasonal_adjusted_log_return,18,-0.010615185984387552,0.09287636217717322,-0.1142937313171005
21,False,"Rubber, RSS3",roni,retrospective,18,seasonal_adjusted_log_return,18,0.07333861903031416,0.09756083174396346,0.7517219535682358
21,False,Coconut oil,roni,retrospective,18,market_adjusted_log_return,18,0.4993000692936429,0.13168023684277091,3.791761628510876
21,False,Palm oil,roni,retrospective,18,market_adjusted_log_return,18,0.20341481176702125,0.08618785311936952,2.3601331789213185
21,False,"Rubber, RSS3",roni,retrospective,18,market_adjusted_log_return,18,0.33011957087814897,0.08554817881887794,3.8588731570437758
21,False,Coconut oil,roni,retrospective,24,seasonal_adjusted_log_return,18,0.10332918172596375,0.18545997133598932,0.5571508556893229
21,False,Palm oil,roni,retrospective,24,seasonal_adjusted_log_return,18,-0.0530201406388104,0.12373965000833156,-0.4284814175184792
21,False,"Rubber, RSS3",roni,retrospective,24,seasonal_adjusted_log_return,18,0.07755406463681276,0.11660379217161763,0.6651075680512052
21,False,Coconut oil,roni,retrospective,24,market_adjusted_log_return,18,0.6818868723184903,0.16467526618288428,4.140797146556324
21,False,Palm oil,roni,retrospective,24,market_adjusted_log_return,18,0.2330632596538066,0.10521295796077018,2.2151573738731574
21,False,"Rubber, RSS3",roni,retrospective,24,market_adjusted_log_return,18,0.417973893952974,0.09982612894742067,4.1870189534558095
21,False,Coconut oil,roni,observable,6,seasonal_adjusted_log_return,20,-0.016917877412720293,0.07064109699085931,-0.23949058173472876
21,False,Palm oil,roni,observable,6,seasonal_adjusted_log_return,20,0.0012503153524957484,0.03648038860066601,0.03427363031086028
21,False,"Rubber, RSS3",roni,observable,6,seasonal_adjusted_log_return,20,0.06483177128611559,0.040335894540103376,1.6072972231137093
21,False,Coconut oil,roni,observable,6,market_adjusted_log_return,20,0.12370780285755023,0.06577805213727365,1.8806851044993202
21,False,Palm oil,roni,observable,6,market_adjusted_log_return,20,0.05993717268032087,0.036861885419178314,1.6259931362365168
21,False,"Rubber, RSS3",roni,observable,6,market_adjusted_log_return,20,0.1479173824539346,0.036878617189821286,4.010925401366748
21,False,Coconut oil,roni,observable,12,seasonal_adjusted_log_return,19,0.032995947222730235,0.11472331964401565,0.2876132535661978
21,False,Palm oil,roni,observable,12,seasonal_adjusted_log_return,19,0.019065335610795053,0.07661285534885592,0.24885295716993217
21,False,"Rubber, RSS3",roni,observable,12,seasonal_adjusted_log_return,19,0.09046557368321712,0.08094882044763661,1.117565063739707
21,False,Coconut oil,roni,observable,12,market_adjusted_log_return,19,0.3206787601076815,0.10323705471536654,3.1062370094906377
21,False,Palm oil,roni,observable,12,market_adjusted_log_return,19,0.15463316179190367,0.07027568999880143,2.2003791324502253
21,False,"Rubber, RSS3",roni,observable,12,market_adjusted_log_return,19,0.2599473065452451,0.07133478942756367,3.6440467355582014
21,False,Coconut oil,roni,observable,18,seasonal_adjusted_log_return,19,0.06707473243079642,0.15672469046475018,0.4279780820232826
21,False,Palm oil,roni,observable,18,seasonal_adjusted_log_return,19,-0.020015129548341913,0.10612186429716383,-0.18860514448083276
21,False,"Rubber, RSS3",roni,observable,18,seasonal_adjusted_log_return,19,0.10010041110133905,0.08704891314527706,1.1499329225889376
21,False,Coconut oil,roni,observable,18,market_adjusted_log_return,19,0.4969975992768742,0.14218119690091222,3.4955226859092896
21,False,Palm oil,roni,observable,18,market_adjusted_log_return,19,0.18760621317592646,0.09219904293375307,2.0347956682232096
21,False,"Rubber, RSS3",roni,observable,18,market_adjusted_log_return,19,0.35322108654342954,0.07361855796493322,4.797989750243133
21,False,Coconut oil,roni,observable,24,seasonal_adjusted_log_return,19,0.10983884335157844,0.13125436342187385,0.8368395570860964
21,False,Palm oil,roni,observable,24,seasonal_adjusted_log_return,19,0.05400380391631533,0.11092676733838303,0.4868419517858686
21,False,"Rubber, RSS3",roni,observable,24,seasonal_adjusted_log_return,19,0.12443404798859484,0.07266026554151411,1.7125460120634985
21,False,Coconut oil,roni,observable,24,market_adjusted_log_return,19,0.6610513219548964,0.12648338726905564,5.226388510205748
21,False,Palm oil,roni,observable,24,market_adjusted_log_return,19,0.312683103864686,0.10354033255324055,3.0199159704640124
21,False,"Rubber, RSS3",roni,observable,24,market_adjusted_log_return,19,0.44920214047606133,0.0654612276462642,6.862109933278906
21,False,Coconut oil,oni,retrospective,6,seasonal_adjusted_log_return,19,0.04810007766647126,0.07507325104898721,0.640708601191185
21,False,Palm oil,oni,retrospective,6,seasonal_adjusted_log_return,19,0.021740501631985765,0.055087079305461396,0.39465700316826174
21,False,"Rubber, RSS3",oni,retrospective,6,seasonal_adjusted_log_return,19,0.018657277025744826,0.048389950659084184,0.3855609847009075
21,False,Coconut oil,oni,retrospective,6,market_adjusted_log_return,19,0.20921618420103608,0.07160605995840055,2.9217664583497536
21,False,Palm oil,oni,retrospective,6,market_adjusted_log_return,19,0.10096191168753132,0.05252321325960742,1.922234102253133
21,False,"Rubber, RSS3",oni,retrospective,6,market_adjusted_log_return,19,0.11347111174959527,0.045215787402192294,2.5095462949760243
21,False,Coconut oil,oni,retrospective,12,seasonal_adjusted_log_return,19,0.042613777584662824,0.1219844137391861,0.34933788898453044
21,False,Palm oil,oni,retrospective,12,seasonal_adjusted_log_return,19,0.016739300477235954,0.07327131176284118,0.22845640503088582
21,False,"Rubber, RSS3",oni,retrospective,12,seasonal_adjusted_log_return,19,0.10534925414571858,0.06743207565517705,1.5623018144130119
21,False,Coconut oil,oni,retrospective,12,market_adjusted_log_return,19,0.3093849458711337,0.11426980852211462,2.707495093170288
21,False,Palm oil,oni,retrospective,12,market_adjusted_log_return,19,0.13135044849596192,0.06999593483270274,1.8765439565869444
21,False,"Rubber, RSS3",oni,retrospective,12,market_adjusted_log_return,19,0.2628616682824145,0.059781611157558666,4.397032184188277
21,False,Coconut oil,oni,retrospective,18,seasonal_adjusted_log_return,18,0.10413694580060372,0.16385211533972846,0.6355544790171782
21,False,Palm oil,oni,retrospective,18,seasonal_adjusted_log_return,18,0.005879094486956443,0.10109469255426626,0.0581543337084746
21,False,"Rubber, RSS3",oni,retrospective,18,seasonal_adjusted_log_return,18,0.13102868339704632,0.10298437411589963,1.2723161598242598
21,False,Coconut oil,oni,retrospective,18,market_adjusted_log_return,18,0.5219027247045809,0.1476905277897831,3.5337589520123918
21,False,Palm oil,oni,retrospective,18,market_adjusted_log_return,18,0.2013171687841735,0.09210906533356047,2.1856390362352576
21,False,"Rubber, RSS3",oni,retrospective,18,market_adjusted_log_return,18,0.37719093624039635,0.09158694672211784,4.118391864124742
21,False,Coconut oil,oni,retrospective,24,seasonal_adjusted_log_return,18,0.12591676522400697,0.18663831746787238,0.6746565599836276
21,False,Palm oil,oni,retrospective,24,seasonal_adjusted_log_return,18,-0.026542799156928046,0.1295699127733609,-0.20485310662634904
21,False,"Rubber, RSS3",oni,retrospective,24,seasonal_adjusted_log_return,18,0.13307647424810903,0.09195398061633804,1.4472073243174477
21,False,Coconut oil,oni,retrospective,24,market_adjusted_log_return,18,0.6737444063672743,0.16638092248995473,4.049409008463406
21,False,Palm oil,oni,retrospective,24,market_adjusted_log_return,18,0.2287443740293319,0.11415419952008418,2.003819176088102
21,False,"Rubber, RSS3",oni,retrospective,24,market_adjusted_log_return,18,0.4559071677805583,0.08111563080333886,5.620460116816257
21,False,Coconut oil,oni,observable,6,seasonal_adjusted_log_return,19,0.02322841507494481,0.07389519632315497,0.3143426938520253
21,False,Palm oil,oni,observable,6,seasonal_adjusted_log_return,19,0.01152238311065437,0.05556284654426794,0.20737568046435986
21,False,"Rubber, RSS3",oni,observable,6,seasonal_adjusted_log_return,19,0.0951072532963444,0.03888548705742589,2.4458290352873937
21,False,Coconut oil,oni,observable,6,market_adjusted_log_return,19,0.14902793805584472,0.06726168263004001,2.2156439183293157
21,False,Palm oil,oni,observable,6,market_adjusted_log_return,19,0.05535115478027249,0.05059760510024605,1.093948116133333
21,False,"Rubber, RSS3",oni,observable,6,market_adjusted_log_return,19,0.169706731236685,0.034472705506789734,4.922930438496033
21,False,Coconut oil,oni,observable,12,seasonal_adjusted_log_return,18,0.06789125900777308,0.1328053763318152,0.5112086640087995
21,False,Palm oil,oni,observable,12,seasonal_adjusted_log_return,18,3.7894157957376854e-05,0.09227911468590569,0.0004106471771685153
21,False,"Rubber, RSS3",oni,observable,12,seasonal_adjusted_log_return,18,0.11778838476574117,0.08485251419283917,1.3881543273785695
21,False,Coconut oil,oni,observable,12,market_adjusted_log_return,18,0.3440468562399689,0.11786202518484991,2.919064522269833
21,False,Palm oil,oni,observable,12,market_adjusted_log_return,18,0.12405368064149339,0.08051305514415671,1.540789632431389
21,False,"Rubber, RSS3",oni,observable,12,market_adjusted_log_return,18,0.2806722186670392,0.07401436834373203,3.792131513756385
21,False,Coconut oil,oni,observable,18,seasonal_adjusted_log_return,18,0.08967107843117633,0.15839344224071764,0.5661287308530056
21,False,Palm oil,oni,observable,18,seasonal_adjusted_log_return,18,-0.03238399948592707,0.11690979842394757,-0.2769998744544375
21,False,"Rubber, RSS3",oni,observable,18,seasonal_adjusted_log_return,18,0.11983617561680387,0.06926748474160618,1.7300494750724378
21,False,Coconut oil,oni,observable,18,market_adjusted_log_return,18,0.49588853790266235,0.1443183019739724,3.436075197115991
21,False,Palm oil,oni,observable,18,market_adjusted_log_return,18,0.15148088588665173,0.10380397923699791,1.4592974855116225
21,False,"Rubber, RSS3",oni,observable,18,market_adjusted_log_return,18,0.35938845020720117,0.06192522201787337,5.803587593169573
21,False,Coconut oil,oni,observable,24,seasonal_adjusted_log_return,18,0.09669460373804328,0.12044151656059154,0.8028344917875415
21,False,Palm oil,oni,observable,24,seasonal_adjusted_log_return,18,0.02319536467899068,0.11087163609026186,0.2092091854774026
21,False,"Rubber, RSS3",oni,observable,24,seasonal_adjusted_log_return,18,0.1595383400194389,0.06845792030567642,2.3304584671440893
21,False,Coconut oil,oni,observable,24,market_adjusted_log_return,18,0.6283514749342779,0.1210962351059155,5.188860532160204
21,False,Palm oil,oni,observable,24,market_adjusted_log_return,18,0.26227694390433753,0.10658094244322222,2.4608240262470717
21,False,"Rubber, RSS3",oni,observable,24,market_adjusted_log_return,18,0.473113276616151,0.06502684132258793,7.275661357578641
22,False,Coconut oil,roni,retrospective,6,seasonal_adjusted_log_return,19,0.04204310455171312,0.07729111167246874,0.5439578192363995
22,False,Palm oil,roni,retrospective,6,seasonal_adjusted_log_return,19,0.012860844583996589,0.0630642711597156,0.20393234310796063
22,False,"Rubber, RSS3",roni,retrospective,6,seasonal_adjusted_log_return,19,0.041328130758780106,0.06663531760246535,0.6202136081249962
22,False,Coconut oil,roni,retrospective,6,market_adjusted_log_return,19,0.21259868207756863,0.06659334151794503,3.1924915799619282
22,False,Palm oil,roni,retrospective,6,market_adjusted_log_return,19,0.10154205368385075,0.05269143541242745,1.9271073731254191
22,False,"Rubber, RSS3",roni,retrospective,6,market_adjusted_log_return,19,0.14154488998056766,0.05626685723937266,2.515599714027067
22,False,Coconut oil,roni,retrospective,12,seasonal_adjusted_log_return,19,0.07612188975977933,0.1235033588262007,0.6163548140168509
22,False,Palm oil,roni,retrospective,12,seasonal_adjusted_log_return,19,-0.02621962057514039,0.0960962753338754,-0.2728474176969227
22,False,"Rubber, RSS3",roni,retrospective,12,seasonal_adjusted_log_return,19,0.05096296817690205,0.06713971736026336,0.759058425930528
22,False,Coconut oil,roni,retrospective,12,market_adjusted_log_return,19,0.3889175212467613,0.11535383004016506,3.3715180597934555
22,False,Palm oil,roni,retrospective,12,market_adjusted_log_return,19,0.13451510506787354,0.08427309627410075,1.5961808811481089
22,False,"Rubber, RSS3",roni,retrospective,12,market_adjusted_log_return,19,0.2348186699787521,0.056913127534368314,4.125914005287293
22,False,Coconut oil,roni,retrospective,18,seasonal_adjusted_log_return,19,0.11888600068056135,0.11430343134037169,1.0400912666089939
22,False,Palm oil,roni,retrospective,18,seasonal_adjusted_log_return,19,0.04779931288951686,0.10080575909085432,0.47417244134272374
22,False,"Rubber, RSS3",roni,retrospective,18,seasonal_adjusted_log_return,19,0.07529660506415786,0.05385103858279185,1.3982386792484065
22,False,Coconut oil,roni,retrospective,18,market_adjusted_log_return,19,0.5529712439247834,0.11568940458142099,4.77979159738529
22,False,Palm oil,roni,retrospective,18,market_adjusted_log_return,19,0.25959199575663305,0.09588929986253435,2.7072050388185205
22,False,"Rubber, RSS3",roni,retrospective,18,market_adjusted_log_return,19,0.33079972391138385,0.0514607115657336,6.428199569079708
22,False,Coconut oil,roni,retrospective,24,seasonal_adjusted_log_return,19,0.09055129956128444,0.10098687507140496,0.8966640417109469
22,False,Palm oil,roni,retrospective,24,seasonal_adjusted_log_return,19,0.03974135643578079,0.08481883263893598,0.4685440155131016
22,False,"Rubber, RSS3",roni,retrospective,24,seasonal_adjusted_log_return,19,0.12722212933685317,0.0616939267367724,2.062149972713975
22,False,Coconut oil,roni,retrospective,24,market_adjusted_log_return,19,0.6428975933337572,0.11049620151563223,5.818277773492553
22,False,Palm oil,roni,retrospective,24,market_adjusted_log_return,19,0.29955691324255906,0.08542840446632319,3.506525904515139
22,False,"Rubber, RSS3",roni,retrospective,24,market_adjusted_log_return,19,0.4526391901573133,0.058750046293730464,7.704490782769254
22,False,Coconut oil,roni,observable,6,seasonal_adjusted_log_return,19,0.04370715319498488,0.07025334271885202,0.6221362785525699
22,False,Palm oil,roni,observable,6,seasonal_adjusted_log_return,19,-0.03728983868211383,0.060040906199271236,-0.6210738818356883
22,False,"Rubber, RSS3",roni,observable,6,seasonal_adjusted_log_return,19,0.013332513271878016,0.04419004341482334,0.3017085352626218
22,False,Coconut oil,roni,observable,6,market_adjusted_log_return,19,0.2080201334166955,0.06569308058292382,3.1665455717838267
22,False,Palm oil,roni,observable,6,market_adjusted_log_return,19,0.04513532957962144,0.05484561716286481,0.8229523508795874
22,False,"Rubber, RSS3",roni,observable,6,market_adjusted_log_return,19,0.10997616104108102,0.04067764288021334,2.7036021080409327
22,False,Coconut oil,roni,observable,12,seasonal_adjusted_log_return,19,0.08647126411576689,0.07668944313335262,1.1275510759076057
22,False,Palm oil,roni,observable,12,seasonal_adjusted_log_return,19,0.036729094782543416,0.06978422031059583,0.5263237823546562
22,False,"Rubber, RSS3",roni,observable,12,seasonal_adjusted_log_return,19,0.03766615015913383,0.06423033263471463,0.5864230903698663
22,False,Coconut oil,roni,observable,12,market_adjusted_log_return,19,0.37207385609471755,0.08013597258441006,4.643031638541592
22,False,Palm oil,roni,observable,12,market_adjusted_log_return,19,0.17021222026838093,0.06866716004602363,2.478800931250069
22,False,"Rubber, RSS3",roni,observable,12,market_adjusted_log_return,19,0.20595721497371286,0.06395313919376723,3.2204394900725237
22,False,Coconut oil,roni,observable,18,seasonal_adjusted_log_return,19,0.05813656299648999,0.09566328293103225,0.6077207598907423
22,False,Palm oil,roni,observable,18,seasonal_adjusted_log_return,19,0.028671138328807327,0.0686170862278906,0.4178425506671172
22,False,"Rubber, RSS3",roni,observable,18,seasonal_adjusted_log_return,19,0.08959167443182912,0.07814385050140953,1.1464967986215768
22,False,Coconut oil,roni,observable,18,market_adjusted_log_return,19,0.46200020550369136,0.1001774480604041,4.611818472607913
22,False,Palm oil,roni,observable,18,market_adjusted_log_return,19,0.21017713775430696,0.07036884206448853,2.9867926142893344
22,False,"Rubber, RSS3",roni,observable,18,market_adjusted_log_return,19,0.3277966812196422,0.07583136094089844,4.322706030228323
22,False,Coconut oil,roni,observable,24,seasonal_adjusted_log_return,18,0.05033617441778075,0.12659967760877758,0.3976011263893675
22,False,Palm oil,roni,observable,24,seasonal_adjusted_log_return,18,0.03897859134224543,0.09438870875757586,0.4129582007775577
22,False,"Rubber, RSS3",roni,observable,24,seasonal_adjusted_log_return,18,0.029808231728312103,0.10594148944401276,0.28136504295670633
22,False,Coconut oil,roni,observable,24,market_adjusted_log_return,18,0.5999054794501956,0.12538357903197722,4.78456177500882
22,False,Palm oil,roni,observable,24,market_adjusted_log_return,18,0.2960111791189273,0.09143576090426578,3.2373677015588487
22,False,"Rubber, RSS3",roni,observable,24,market_adjusted_log_return,18,0.3536358114742504,0.09730134553282886,3.6344390669801774
22,False,Coconut oil,oni,retrospective,6,seasonal_adjusted_log_return,19,0.026872971616614394,0.08056350512649367,0.33356259232292385
22,False,Palm oil,oni,retrospective,6,seasonal_adjusted_log_return,19,-0.010390555639375285,0.0573045223473687,-0.18132173890901293
22,False,"Rubber, RSS3",oni,retrospective,6,seasonal_adjusted_log_return,19,0.05314824334239651,0.06506505760630164,0.8168477105482349
22,False,Coconut oil,oni,retrospective,6,market_adjusted_log_return,19,0.19392774592913284,0.07145689479777226,2.71391230304593
22,False,Palm oil,oni,retrospective,6,market_adjusted_log_return,19,0.07478231121096153,0.05243634381737064,1.4261541855667732
22,False,"Rubber, RSS3",oni,retrospective,6,market_adjusted_log_return,19,0.15136122762157897,0.0559192316975082,2.70678303379343
22,False,Coconut oil,oni,retrospective,12,seasonal_adjusted_log_return,19,0.04535105916717212,0.11272183438095765,0.4023271925641531
22,False,Palm oil,oni,retrospective,12,seasonal_adjusted_log_return,19,-0.0418569869654572,0.08355843438688677,-0.5009307231829372
22,False,"Rubber, RSS3",oni,retrospective,12,seasonal_adjusted_log_return,19,0.044951549472778796,0.05580607837234156,0.8054955801204899
22,False,Coconut oil,oni,retrospective,12,market_adjusted_log_return,19,0.3431108903966625,0.1089232618836542,3.1500240119796867
22,False,Palm oil,oni,retrospective,12,market_adjusted_log_return,19,0.10380955858171584,0.07760166883976832,1.337723274947366
22,False,"Rubber, RSS3",oni,retrospective,12,market_adjusted_log_return,19,0.22020112349138285,0.050210298010762815,4.385576907832367
22,False,Coconut oil,oni,retrospective,18,seasonal_adjusted_log_return,19,0.04856089437023171,0.1018286669849606,0.4768882457962827
22,False,Palm oil,oni,retrospective,18,seasonal_adjusted_log_return,19,0.012311416410421232,0.08658650043577913,0.14218632637258
22,False,"Rubber, RSS3",oni,retrospective,18,seasonal_adjusted_log_return,19,0.08476795642790803,0.05740154312788519,1.476753965290673
22,False,Coconut oil,oni,retrospective,18,market_adjusted_log_return,19,0.47318761987690827,0.11194290303669756,4.22704438638496
22,False,Palm oil,oni,retrospective,18,market_adjusted_log_return,19,0.21462521246949887,0.08921990176178633,2.405575530026247
22,False,"Rubber, RSS3",oni,retrospective,18,market_adjusted_log_return,19,0.3348572488811012,0.054533777095749913,6.140364132364458
22,False,Coconut oil,oni,retrospective,24,seasonal_adjusted_log_return,19,0.028352099963581234,0.11119897833704513,0.25496727027154653
22,False,Palm oil,oni,retrospective,24,seasonal_adjusted_log_return,19,-0.007882276770279405,0.08624287145130308,-0.09139627006424667
22,False,"Rubber, RSS3",oni,retrospective,24,seasonal_adjusted_log_return,19,0.08429732185778582,0.06026682115563154,1.3987351620902406
22,False,Coconut oil,oni,retrospective,24,market_adjusted_log_return,19,0.5808623124548543,0.12236410262855452,4.746999323961095
22,False,Palm oil,oni,retrospective,24,market_adjusted_log_return,19,0.2520975517569038,0.0928109555333215,2.716247778166602
22,False,"Rubber, RSS3",oni,retrospective,24,market_adjusted_log_return,19,0.4098082057814997,0.056476824424144166,7.2562189882316455
22,False,Coconut oil,oni,observable,6,seasonal_adjusted_log_return,19,0.024704313853301667,0.06119575421491536,0.4036932654925991
22,False,Palm oil,oni,observable,6,seasonal_adjusted_log_return,19,-0.040165975458421134,0.04936575665214161,-0.8136404297710412
22,False,"Rubber, RSS3",oni,observable,6,seasonal_adjusted_log_return,19,0.00405169341454387,0.043404994771244175,0.09334624818865589
22,False,Coconut oil,oni,observable,6,market_adjusted_log_return,19,0.17724466976651,0.057901574083494015,3.061137327819851
22,False,Palm oil,oni,observable,6,market_adjusted_log_return,19,0.03046121595849667,0.044082041726637905,0.6910119124561683
22,False,"Rubber, RSS3",oni,observable,6,market_adjusted_log_return,19,0.09395697625417569,0.0447129288487938,2.101337994921134
22,False,Coconut oil,oni,observable,12,seasonal_adjusted_log_return,19,0.02791414905636123,0.07350064665938717,0.3797809995566367
22,False,Palm oil,oni,observable,12,seasonal_adjusted_log_return,19,0.01400242791745726,0.06186902312682371,0.22632372728358818
22,False,"Rubber, RSS3",oni,observable,12,seasonal_adjusted_log_return,19,0.04386810036967311,0.07156810451644074,0.6129560181322905
22,False,Coconut oil,oni,observable,12,market_adjusted_log_return,19,0.3073213992467559,0.07947735576001366,3.8667793651153937
22,False,Palm oil,oni,observable,12,market_adjusted_log_return,19,0.14127686984627968,0.062281856988639084,2.2683471026249293
22,False,"Rubber, RSS3",oni,observable,12,market_adjusted_log_return,19,0.20861310164389407,0.07020597732945202,2.971443594680635
22,False,Coconut oil,oni,observable,18,seasonal_adjusted_log_return,19,0.007705354649710759,0.1091679121907084,0.0705825960676986
22,False,Palm oil,oni,observable,18,seasonal_adjusted_log_return,19,-0.00619126526324338,0.07194594421761355,-0.0860544027960322
22,False,"Rubber, RSS3",oni,observable,18,seasonal_adjusted_log_return,19,0.043397465799550894,0.08423972755965024,0.5151662648578855
22,False,Coconut oil,oni,observable,18,market_adjusted_log_return,19,0.4149960918247018,0.1110013883283315,3.7386567688431342
22,False,Palm oil,oni,observable,18,market_adjusted_log_return,19,0.1787492091336846,0.0723853529887982,2.469411307027079
22,False,"Rubber, RSS3",oni,observable,18,market_adjusted_log_return,19,0.28356405854429256,0.08011455149719314,3.539482568959116
22,False,Coconut oil,oni,observable,24,seasonal_adjusted_log_return,18,-0.004993524561740441,0.12499961254719466,-0.03994832031863373
22,False,Palm oil,oni,observable,24,seasonal_adjusted_log_return,18,0.0016591512042336246,0.08921996627594796,0.018596187305227673
22,False,"Rubber, RSS3",oni,observable,24,seasonal_adjusted_log_return,18,0.015579003769138696,0.10330899953253349,0.15080006426964424
22,False,Coconut oil,oni,observable,24,market_adjusted_log_return,18,0.5433051058327022,0.12183919648114826,4.45919803744574
22,False,Palm oil,oni,observable,24,market_adjusted_log_return,18,0.2574183279246172,0.0834749531435748,3.083779244318523
22,False,"Rubber, RSS3",oni,observable,24,market_adjusted_log_return,18,0.3386792801379342,0.09350447211689193,3.622065046413438
23,False,Coconut oil,roni,retrospective,6,seasonal_adjusted_log_return,19,0.03651879128157451,0.06358580391942188,0.5743230254327267
23,False,Palm oil,roni,retrospective,6,seasonal_adjusted_log_return,19,0.06897061044569994,0.046156877828118476,1.494265073615605
23,False,"Rubber, RSS3",roni,retrospective,6,seasonal_adjusted_log_return,19,0.039219064531034076,0.05845757263656443,0.6708979309637477
23,False,Coconut oil,roni,retrospective,6,market_adjusted_log_return,19,0.17817310466455774,0.060306477707094394,2.954460473217086
23,False,Palm oil,roni,retrospective,6,market_adjusted_log_return,19,0.12868831606423564,0.04211958102587965,3.055308550794115
23,False,"Rubber, RSS3",roni,retrospective,6,market_adjusted_log_return,19,0.12289344037106753,0.05287268965944858,2.3243273826737494
23,False,Coconut oil,roni,retrospective,12,seasonal_adjusted_log_return,19,0.00818409016229761,0.11076336893390104,0.07388805740624893
23,False,Palm oil,roni,retrospective,12,seasonal_adjusted_log_return,19,0.060912653991963855,0.05916692780355619,1.0295051011302085
23,False,"Rubber, RSS3",roni,retrospective,12,seasonal_adjusted_log_return,19,0.0911445888037294,0.08096447414961941,1.1257355742877735
23,False,Coconut oil,roni,retrospective,12,market_adjusted_log_return,19,0.26809945407353153,0.10388002115756852,2.5808567526846162
23,False,Palm oil,roni,retrospective,12,market_adjusted_log_return,19,0.16865323355016165,0.04866238375026771,3.465782408352197
23,False,"Rubber, RSS3",roni,retrospective,12,market_adjusted_log_return,19,0.2447329066169969,0.07324381181610343,3.341345849550525
23,False,Coconut oil,roni,retrospective,18,seasonal_adjusted_log_return,18,0.01615148087924302,0.14639034913866442,0.11033159613509737
23,False,Palm oil,roni,retrospective,18,seasonal_adjusted_log_return,18,0.06044690032759681,0.09046381372191588,0.6681887247580506
23,False,"Rubber, RSS3",roni,retrospective,18,seasonal_adjusted_log_return,18,0.024100423884188277,0.1010301933815118,0.23854674605224083
23,False,Coconut oil,roni,retrospective,18,market_adjusted_log_return,18,0.4229551560559697,0.1337647382239583,3.1619331198318394
23,False,Palm oil,roni,retrospective,18,market_adjusted_log_return,18,0.2448992638303919,0.07432964949477794,3.2947722139816817
23,False,"Rubber, RSS3",roni,retrospective,18,market_adjusted_log_return,18,0.2639882341415571,0.08969837243460516,2.9430660443032948
23,False,Coconut oil,roni,retrospective,24,seasonal_adjusted_log_return,18,0.020385241019436975,0.1456551439315607,0.13995551732121064
23,False,Palm oil,roni,retrospective,24,seasonal_adjusted_log_return,18,0.10474400076938188,0.10438162413097704,1.0034716516572892
23,False,"Rubber, RSS3",roni,retrospective,24,seasonal_adjusted_log_return,18,0.059825993788830814,0.10180900244681906,0.587629702197323
23,False,Coconut oil,roni,retrospective,24,market_adjusted_log_return,18,0.559429762669757,0.13278202773979805,4.213143692654138
23,False,Palm oil,roni,retrospective,24,market_adjusted_log_return,18,0.3512291398732137,0.08165595642419221,4.301329079395304
23,False,"Rubber, RSS3",roni,retrospective,24,market_adjusted_log_return,18,0.3776294425190514,0.09011079467650841,4.19072369603126
23,False,Coconut oil,roni,observable,6,seasonal_adjusted_log_return,19,-0.026786748528676973,0.06676321220062205,-0.4012201876713684
23,False,Palm oil,roni,observable,6,seasonal_adjusted_log_return,19,0.011091539028745365,0.040926271342277665,0.271012693435563
23,False,"Rubber, RSS3",roni,observable,6,seasonal_adjusted_log_return,19,0.06134993914017337,0.04083619697346682,1.5023421299499384
23,False,Coconut oil,roni,observable,6,market_adjusted_log_return,19,0.11341680012370213,0.06491528610769418,1.7471508934820708
23,False,Palm oil,roni,observable,6,market_adjusted_log_return,19,0.06935535567143186,0.0380309812239422,1.8236541219654248
23,False,"Rubber, RSS3",roni,observable,6,market_adjusted_log_return,19,0.1441939323972256,0.04018286681302775,3.5884431309534213
23,False,Coconut oil,roni,observable,12,seasonal_adjusted_log_return,18,-0.029068766842214346,0.11040089073229291,-0.26330192310406386
23,False,Palm oil,roni,observable,12,seasonal_adjusted_log_return,18,0.00994779417603177,0.0715206682526488,0.13908978228350585
23,False,"Rubber, RSS3",roni,observable,12,seasonal_adjusted_log_return,18,-0.007324383008459784,0.052986966930585876,-0.13822989751526807
23,False,Coconut oil,roni,observable,12,market_adjusted_log_return,18,0.26008347389769715,0.10329543493540967,2.5178602913122594
23,False,Palm oil,roni,observable,12,market_adjusted_log_return,18,0.14698821264868484,0.06440380286744063,2.2822908912882656
23,False,"Rubber, RSS3",roni,observable,12,market_adjusted_log_return,18,0.16299841475676463,0.05057065292154638,3.223181931418503
23,False,Coconut oil,roni,observable,18,seasonal_adjusted_log_return,18,-0.024835006702020365,0.11085241291307002,-0.2240366812898865
23,False,Palm oil,roni,observable,18,seasonal_adjusted_log_return,18,0.05424489461781687,0.09161124926654556,0.5921204552073053
23,False,"Rubber, RSS3",roni,observable,18,seasonal_adjusted_log_return,18,0.028401186896182755,0.06341220487951854,0.4478820276024818
23,False,Coconut oil,roni,observable,18,market_adjusted_log_return,18,0.39655808051148433,0.103871828816966,3.8177635363507934
23,False,Palm oil,roni,observable,18,market_adjusted_log_return,18,0.25331808869150657,0.08136824555591865,3.1132303143665414
23,False,"Rubber, RSS3",roni,observable,18,market_adjusted_log_return,18,0.27663962313425894,0.06255981122562727,4.422002204203185
23,False,Coconut oil,roni,observable,24,seasonal_adjusted_log_return,18,-0.014985397952825247,0.09957439664156803,-0.1504944891282373
23,False,Palm oil,roni,observable,24,seasonal_adjusted_log_return,18,0.06656221837424105,0.07366683360770385,0.903557477829211
23,False,"Rubber, RSS3",roni,observable,24,seasonal_adjusted_log_return,18,0.024058188436741235,0.07363672783873082,0.32671452334805284
23,False,Coconut oil,roni,observable,24,market_adjusted_log_return,18,0.5318214313131208,0.09784749827581246,5.435207242744448
23,False,Palm oil,roni,observable,24,market_adjusted_log_return,18,0.32082638134833835,0.0718252575483169,4.466762700189669
23,False,"Rubber, RSS3",roni,observable,24,market_adjusted_log_return,18,0.3463045939826229,0.07563068224940948,4.578890255684912
23,False,Coconut oil,oni,retrospective,6,seasonal_adjusted_log_return,19,0.015736234466610946,0.06370409797074539,0.2470207564015339
23,False,Palm oil,oni,retrospective,6,seasonal_adjusted_log_return,19,0.05830673117099874,0.041027868373207675,1.421149415821823
23,False,"Rubber, RSS3",oni,retrospective,6,seasonal_adjusted_log_return,19,0.03375594223762297,0.05408875335309089,0.6240843085671522
23,False,Coconut oil,oni,retrospective,6,market_adjusted_log_return,19,0.1637881207022788,0.06013342508005005,2.7237450799491776
23,False,Palm oil,oni,retrospective,6,market_adjusted_log_return,19,0.12443578691853621,0.03412303794588932,3.6466796161543567
23,False,"Rubber, RSS3",oni,retrospective,6,market_adjusted_log_return,19,0.12109213377951084,0.049352258551434026,2.453629019902115
23,False,Coconut oil,oni,retrospective,12,seasonal_adjusted_log_return,19,-0.004472559940039525,0.11296269323037401,-0.039593248108189746
23,False,Palm oil,oni,retrospective,12,seasonal_adjusted_log_return,19,0.0381130379902981,0.06368129479895973,0.5984965932401346
23,False,"Rubber, RSS3",oni,retrospective,12,seasonal_adjusted_log_return,19,0.03328530766750077,0.07246015325745195,0.4593601610148077
23,False,Coconut oil,oni,retrospective,12,market_adjusted_log_return,19,0.27146281328022476,0.10641792061797033,2.550912587878399
23,False,Palm oil,oni,retrospective,12,market_adjusted_log_return,19,0.16190812620594117,0.05299969956844154,3.054887622463972
23,False,"Rubber, RSS3",oni,retrospective,12,market_adjusted_log_return,19,0.19604309067990933,0.06495717448365142,3.018035994303446
23,False,Coconut oil,oni,retrospective,18,seasonal_adjusted_log_return,18,0.0006949267132995769,0.1331937897599044,0.0052174107708193775
23,False,Palm oil,oni,retrospective,18,seasonal_adjusted_log_return,18,0.03586040264610243,0.0875969033740298,0.4093797984271451
23,False,"Rubber, RSS3",oni,retrospective,18,seasonal_adjusted_log_return,18,-0.0024419361624883,0.08235782750410948,-0.02965032270146335
23,False,Coconut oil,oni,retrospective,18,market_adjusted_log_return,18,0.41952044826225254,0.12064185763439826,3.477403750973376
23,False,Palm oil,oni,retrospective,18,market_adjusted_log_return,18,0.2323605017611727,0.07028402271597027,3.306021664414132
23,False,"Rubber, RSS3",oni,retrospective,18,market_adjusted_log_return,18,0.24432688769562855,0.0716202557103828,3.4114216051340964
23,False,Coconut oil,oni,retrospective,24,seasonal_adjusted_log_return,18,0.052876458300919534,0.12719487048723802,0.41571219105274254
23,False,Palm oil,oni,retrospective,24,seasonal_adjusted_log_return,18,0.10780838615185606,0.09990896633098591,1.0790661750487975
23,False,"Rubber, RSS3",oni,retrospective,24,seasonal_adjusted_log_return,18,0.014590856357672469,0.09354200470174066,0.15598186509039993
23,False,Coconut oil,oni,retrospective,24,market_adjusted_log_return,18,0.6075959724644973,0.11439784367913655,5.311253717060301
23,False,Palm oil,oni,retrospective,24,market_adjusted_log_return,18,0.37000227411812653,0.07708728200689095,4.799783628187221
23,False,"Rubber, RSS3",oni,retrospective,24,market_adjusted_log_return,18,0.34136629103212673,0.08312433274596259,4.106695112673938
23,False,Coconut oil,oni,observable,6,seasonal_adjusted_log_return,19,-0.027308714773395717,0.07093929721834995,-0.384958913383931
23,False,Palm oil,oni,observable,6,seasonal_adjusted_log_return,19,-0.018874711011504893,0.052806289459998844,-0.35743301043339976
23,False,"Rubber, RSS3",oni,observable,6,seasonal_adjusted_log_return,19,0.008871224002606388,0.035613435648540324,0.24909767454491547
23,False,Coconut oil,oni,observable,6,market_adjusted_log_return,19,0.11956368475629639,0.06703293431005493,1.7836558400273081
23,False,Palm oil,oni,observable,6,market_adjusted_log_return,19,0.04607231798641295,0.04667124552400508,0.987167097623652
23,False,"Rubber, RSS3",oni,observable,6,market_adjusted_log_return,19,0.09553230593034454,0.03532853262188602,2.7041119129630165
23,False,Coconut oil,oni,observable,12,seasonal_adjusted_log_return,18,-0.031716488047338356,0.09941818042350278,-0.31902100714609816
23,False,Palm oil,oni,observable,12,seasonal_adjusted_log_return,18,-0.02220348387952402,0.07570736136445011,-0.2932803822423285
23,False,"Rubber, RSS3",oni,observable,12,seasonal_adjusted_log_return,18,-0.028187256723215783,0.054035102150088304,-0.5216471442012388
23,False,Coconut oil,oni,observable,12,market_adjusted_log_return,18,0.2595869318313199,0.08996242364740785,2.8855039838491456
23,False,Palm oil,oni,observable,12,market_adjusted_log_return,18,0.11699274633084504,0.06539048056072104,1.7891403355295206
23,False,"Rubber, RSS3",oni,observable,12,market_adjusted_log_return,18,0.1433668238627208,0.05203982829278675,2.7549442141912848
23,False,Coconut oil,oni,observable,18,seasonal_adjusted_log_return,18,0.020465043540281627,0.09582886144924707,0.21355824571828325
23,False,Palm oil,oni,observable,18,seasonal_adjusted_log_return,18,0.04974449962622962,0.08845339796591499,0.5623808781817334
23,False,"Rubber, RSS3",oni,observable,18,seasonal_adjusted_log_return,18,-0.011154464203055004,0.07336782427598104,-0.15203482334567092
23,False,Coconut oil,oni,observable,18,market_adjusted_log_return,18,0.44766245603356464,0.08682007946764662,5.156208780025194
23,False,Palm oil,oni,observable,18,market_adjusted_log_return,18,0.25463451868779885,0.0752662843887825,3.3831153052873293
23,False,"Rubber, RSS3",oni,observable,18,market_adjusted_log_return,18,0.24040622719921897,0.07150064979816409,3.3622942991126754
23,False,Coconut oil,oni,observable,24,seasonal_adjusted_log_return,18,0.03251285035658984,0.0937968898779537,0.34663036694388044
23,False,Palm oil,oni,observable,24,seasonal_adjusted_log_return,18,0.03207685405482586,0.08039778820342618,0.39897682226858694
23,False,"Rubber, RSS3",oni,observable,24,seasonal_adjusted_log_return,18,0.0004961528795490013,0.09040766955234276,0.0054879512103975505
23,False,Coconut oil,oni,observable,24,market_adjusted_log_return,18,0.6012547840572972,0.08920315720985003,6.740285914352201
23,False,Palm oil,oni,observable,24,market_adjusted_log_return,18,0.3083233590648501,0.07347090318685923,4.196536937632146
23,False,"Rubber, RSS3",oni,observable,24,market_adjusted_log_return,18,0.3352976807648846,0.08997332796297501,3.726634196557264
24,False,Coconut oil,roni,retrospective,6,seasonal_adjusted_log_return,18,0.001816926279326953,0.058349815643342406,0.03113850933879104
24,False,Palm oil,roni,retrospective,6,seasonal_adjusted_log_return,18,0.007026083445232347,0.04467174023935589,0.15728251032052595
24,False,"Rubber, RSS3",roni,retrospective,6,seasonal_adjusted_log_return,18,-0.04683401546624559,0.04824045378873595,-0.9708452509868645
24,False,Coconut oil,roni,retrospective,6,market_adjusted_log_return,18,0.16900586541910298,0.05085977751617871,3.322976892011403
24,False,Palm oil,roni,retrospective,6,market_adjusted_log_return,18,0.09233340404894605,0.03738347015051943,2.4698992275778098
24,False,"Rubber, RSS3",roni,retrospective,6,market_adjusted_log_return,18,0.0514557615095425,0.044068044146543105,1.1676434138631706
24,False,Coconut oil,roni,retrospective,12,seasonal_adjusted_log_return,18,0.006050686419520934,0.06506598136374901,0.09299308629028111
24,False,Palm oil,roni,retrospective,12,seasonal_adjusted_log_return,18,0.05132318388701743,0.06414959355232885,0.8000547009725243
24,False,"Rubber, RSS3",roni,retrospective,12,seasonal_adjusted_log_return,18,-0.011108445561603056,0.05740767283650193,-0.19350106027185782
24,False,Coconut oil,roni,retrospective,12,market_adjusted_log_return,18,0.3054804720328902,0.06054494659853574,5.045515591226538
24,False,Palm oil,roni,retrospective,12,market_adjusted_log_return,18,0.1986632800917678,0.055622126029589214,3.571659234781591
24,False,"Rubber, RSS3",roni,retrospective,12,market_adjusted_log_return,18,0.16509696988703687,0.05473905180910436,3.0160728845430507
24,False,Coconut oil,roni,retrospective,18,seasonal_adjusted_log_return,18,0.015900295168716053,0.0792310651406954,0.20068258757446888
24,False,Palm oil,roni,retrospective,18,seasonal_adjusted_log_return,18,0.06364050764344162,0.062414801778720566,1.0196380638853353
24,False,"Rubber, RSS3",roni,retrospective,18,seasonal_adjusted_log_return,18,-0.015451444021044584,0.07147346844487755,-0.2161843318540109
24,False,Coconut oil,roni,retrospective,18,market_adjusted_log_return,18,0.44074382283452684,0.0802488892866749,5.492210879829724
24,False,Palm oil,roni,retrospective,18,market_adjusted_log_return,18,0.26617157274859954,0.06189081216259136,4.300663756832739
24,False,"Rubber, RSS3",roni,retrospective,18,market_adjusted_log_return,18,0.23476194073540077,0.07081723553438182,3.3150396081392315
24,False,Coconut oil,roni,retrospective,24,seasonal_adjusted_log_return,18,0.09813337599039294,0.10582175999578215,0.9273459068749598
24,False,Palm oil,roni,retrospective,24,seasonal_adjusted_log_return,18,0.10729162199030799,0.08548433436212823,1.2551027365528737
24,False,"Rubber, RSS3",roni,retrospective,24,seasonal_adjusted_log_return,18,0.029843889476978382,0.08084537342116169,0.3691477720253388
24,False,Coconut oil,roni,retrospective,24,market_adjusted_log_return,18,0.670297506794175,0.09790683210846556,6.846279185619952
24,False,Palm oil,roni,retrospective,24,market_adjusted_log_return,18,0.386967693860061,0.07662562379533167,5.050108236556198
24,False,"Rubber, RSS3",roni,retrospective,24,market_adjusted_log_return,18,0.36660420007185684,0.07648779927257465,4.7929761812784415
24,False,Coconut oil,roni,observable,6,seasonal_adjusted_log_return,18,-0.02201277829030006,0.046992322827514414,-0.4684335007464535
24,False,Palm oil,roni,observable,6,seasonal_adjusted_log_return,18,0.04297729332516287,0.04092943080678402,1.050033984788262
24,False,"Rubber, RSS3",roni,observable,6,seasonal_adjusted_log_return,18,0.026554600040640888,0.04223884086146181,0.628677290831363
24,False,Coconut oil,roni,observable,6,market_adjusted_log_return,18,0.1316627354742076,0.04890298095902648,2.6923253530193105
24,False,Palm oil,roni,observable,6,market_adjusted_log_return,18,0.11474208717412042,0.03912484446173644,2.932716762269473
24,False,"Rubber, RSS3",roni,observable,6,market_adjusted_log_return,18,0.11710961973199563,0.03944446290745876,2.9689748851885307
24,False,Coconut oil,roni,observable,12,seasonal_adjusted_log_return,18,-0.012163169541104928,0.07978323167657891,-0.15245270573159217
24,False,Palm oil,roni,observable,12,seasonal_adjusted_log_return,18,0.05529461708158705,0.0587017707198109,0.9419582476568463
24,False,"Rubber, RSS3",roni,observable,12,seasonal_adjusted_log_return,18,0.02221160158119936,0.0661483227871888,0.33578480368516866
24,False,Coconut oil,roni,observable,12,market_adjusted_log_return,18,0.26692608627584424,0.08250703935098738,3.2351916681961255
24,False,Palm oil,roni,observable,12,market_adjusted_log_return,18,0.18225037983095216,0.05873474243275528,3.1029399684455665
24,False,"Rubber, RSS3",roni,observable,12,market_adjusted_log_return,18,0.18677459058035953,0.06285455836359316,2.9715361215320186
24,False,Coconut oil,roni,observable,18,seasonal_adjusted_log_return,18,0.07006991128057195,0.11727320434536813,0.5974929368708723
24,False,Palm oil,roni,observable,18,seasonal_adjusted_log_return,18,0.0989457314284534,0.08315174745159994,1.189941696487457
24,False,"Rubber, RSS3",roni,observable,18,seasonal_adjusted_log_return,18,0.06750693507922233,0.08591747623879495,0.7857183198863612
24,False,Coconut oil,roni,observable,18,market_adjusted_log_return,18,0.4964797702354924,0.1086029404292328,4.571513149397696
24,False,Palm oil,roni,observable,18,market_adjusted_log_return,18,0.30304650094241364,0.07481643278025524,4.050533949306261
24,False,"Rubber, RSS3",roni,observable,18,market_adjusted_log_return,18,0.31861684991681566,0.07966379932381502,3.9995186348282417
24,False,Coconut oil,roni,observable,24,seasonal_adjusted_log_return,18,0.1543635823919849,0.11558721190197878,1.3354728421245212
24,False,Palm oil,roni,observable,24,seasonal_adjusted_log_return,18,0.113589939216293,0.08682171677329459,1.3083125217725713
24,False,"Rubber, RSS3",roni,observable,24,seasonal_adjusted_log_return,18,0.14531602537580374,0.09737783914894378,1.4922905113301637
24,False,Coconut oil,roni,observable,24,market_adjusted_log_return,18,0.6996205217054392,0.11081417191296203,6.313457111378765
24,False,Palm oil,roni,observable,24,market_adjusted_log_return,18,0.36630087452488946,0.0830609670862946,4.4100241951713395
24,False,"Rubber, RSS3",roni,observable,24,market_adjusted_log_return,18,0.46667531146328023,0.0891445467469244,5.235040487536957
24,False,Coconut oil,oni,retrospective,6,seasonal_adjusted_log_return,18,-0.01852591299393825,0.054317657774579704,-0.3410661238527897
24,False,Palm oil,oni,retrospective,6,seasonal_adjusted_log_return,18,-0.016760364492433247,0.044861251701675986,-0.3736044772867336
24,False,"Rubber, RSS3",oni,retrospective,6,seasonal_adjusted_log_return,18,-0.01344641697931436,0.044164376217620434,-0.3044629661032004
24,False,Coconut oil,oni,retrospective,6,market_adjusted_log_return,18,0.1466085881664412,0.04806866554082452,3.0499824889444276
24,False,Palm oil,oni,retrospective,6,market_adjusted_log_return,18,0.06648809386656163,0.03883246127679782,1.7121782055645258
24,False,"Rubber, RSS3",oni,retrospective,6,market_adjusted_log_return,18,0.08366744947154967,0.040110682497261824,2.08591438146836
24,False,Coconut oil,oni,retrospective,12,seasonal_adjusted_log_return,18,0.03365561859368172,0.06466068871008483,0.5204958262133791
24,False,Palm oil,oni,retrospective,12,seasonal_adjusted_log_return,18,0.05518761901332038,0.05916215427376279,0.9328196325973708
24,False,"Rubber, RSS3",oni,retrospective,12,seasonal_adjusted_log_return,18,0.003586375540846403,0.05602458609779332,0.06401431568965509
24,False,Coconut oil,oni,retrospective,12,market_adjusted_log_return,18,0.3346841123686859,0.060335783993799526,5.547025168398907
24,False,Palm oil,oni,retrospective,12,market_adjusted_log_return,18,0.20412986622351545,0.0503803925824115,4.051772043848266
24,False,"Rubber, RSS3",oni,retrospective,12,market_adjusted_log_return,18,0.18070685280804785,0.05212704148000379,3.4666623632835165
24,False,Coconut oil,oni,retrospective,18,seasonal_adjusted_log_return,18,0.045703425409989965,0.08310158998184582,0.5499705290834295
24,False,Palm oil,oni,retrospective,18,seasonal_adjusted_log_return,18,0.03751997344191662,0.06569346904913523,0.5711370397238982
24,False,"Rubber, RSS3",oni,retrospective,18,seasonal_adjusted_log_return,18,0.015236992623450407,0.07242656872300382,0.21037849634606393
24,False,Coconut oil,oni,retrospective,18,market_adjusted_log_return,18,0.48827644039241846,0.08331411560720249,5.860668829451117
24,False,Palm oil,oni,retrospective,18,market_adjusted_log_return,18,0.2578187066005667,0.0630043860769208,4.092075530833695
24,False,"Rubber, RSS3",oni,retrospective,18,market_adjusted_log_return,18,0.2755983063737135,0.07083287805905578,3.890824627285903
24,False,Coconut oil,oni,retrospective,24,seasonal_adjusted_log_return,18,0.16557581513916733,0.09124186069244676,1.8146913476181896
24,False,Palm oil,oni,retrospective,24,seasonal_adjusted_log_return,18,0.12322865184237505,0.08429071171596972,1.4619481712007913
24,False,"Rubber, RSS3",oni,retrospective,24,seasonal_adjusted_log_return,18,0.09724718088836573,0.09053847807501715,1.0740978085338475
24,False,Coconut oil,oni,retrospective,24,market_adjusted_log_return,18,0.7385492118956772,0.08588675168543403,8.599105186800674
24,False,Palm oil,oni,retrospective,24,market_adjusted_log_return,18,0.40371573243213693,0.07683752774092872,5.254147866304805
24,False,"Rubber, RSS3",oni,retrospective,24,market_adjusted_log_return,18,0.4344706957078639,0.08656610582925767,5.018946983300954
24,False,Coconut oil,oni,observable,6,seasonal_adjusted_log_return,18,0.05413951265411657,0.055493516929857656,0.9756006764276174
24,False,Palm oil,oni,observable,6,seasonal_adjusted_log_return,18,0.06576479670150771,0.041741086004646995,1.5755411034151383
24,False,"Rubber, RSS3",oni,observable,6,seasonal_adjusted_log_return,18,0.00696933121511417,0.04045921445316138,0.1722557224432123
24,False,Coconut oil,oni,observable,6,market_adjusted_log_return,18,0.21366959834551386,0.05313716653043297,4.021095069552495
24,False,Palm oil,oni,observable,6,market_adjusted_log_return,18,0.14339677039242096,0.038695119513720025,3.7058102467309126
24,False,"Rubber, RSS3",oni,observable,6,market_adjusted_log_return,18,0.1008753660341082,0.03736338808073364,2.6998452553644188
24,False,Coconut oil,oni,observable,12,seasonal_adjusted_log_return,18,0.0661873194704248,0.09004310945526213,0.7350625702604144
24,False,Palm oil,oni,observable,12,seasonal_adjusted_log_return,18,0.04809715113010395,0.06615981460748671,0.7269843698241142
24,False,"Rubber, RSS3",oni,observable,12,seasonal_adjusted_log_return,18,0.018619948297718167,0.07243569024074911,0.2570548887686778
24,False,Coconut oil,oni,observable,12,market_adjusted_log_return,18,0.3672619263692464,0.08953960632008306,4.10167010402493
24,False,Palm oil,oni,observable,12,market_adjusted_log_return,18,0.19708561076947226,0.06341833336703678,3.107707192947336
24,False,"Rubber, RSS3",oni,observable,12,market_adjusted_log_return,18,0.19576681959977382,0.06721450481178798,2.9125680557783493
24,False,Coconut oil,oni,observable,18,seasonal_adjusted_log_return,18,0.1860597091996022,0.11122848560303256,1.6727703177011468
24,False,Palm oil,oni,observable,18,seasonal_adjusted_log_return,18,0.13380582953056233,0.08762975372400712,1.5269451738046453
24,False,"Rubber, RSS3",oni,observable,18,seasonal_adjusted_log_return,18,0.10063013656263346,0.09215554486033213,1.0919596505575995
24,False,Coconut oil,oni,observable,18,market_adjusted_log_return,18,0.6175346978725053,0.10046440715707819,6.1468007958975655
24,False,Palm oil,oni,observable,18,market_adjusted_log_return,18,0.34298263660104245,0.07784577048612414,4.405925131952782
24,False,"Rubber, RSS3",oni,observable,18,market_adjusted_log_return,18,0.35463920893392414,0.08580624352159198,4.133023360295268
24,False,Coconut oil,oni,observable,24,seasonal_adjusted_log_return,18,0.23678983174478171,0.10722854924256177,2.208272269068374
24,False,Palm oil,oni,observable,24,seasonal_adjusted_log_return,18,0.1167316483345879,0.08527761662884316,1.368842762604908
24,False,"Rubber, RSS3",oni,observable,24,seasonal_adjusted_log_return,18,0.14001922628060134,0.10047338786848416,1.39359515241868
24,False,Coconut oil,oni,observable,24,market_adjusted_log_return,18,0.7892649258966817,0.09932237698767915,7.946496548251049
24,False,Palm oil,oni,observable,24,market_adjusted_log_return,18,0.37667628289448785,0.08096840710325835,4.652138980752278
24,False,"Rubber, RSS3",oni,observable,24,market_adjusted_log_return,18,0.4655100093176976,0.0919644895328841,5.0618451935324815
25,False,Coconut oil,roni,retrospective,6,seasonal_adjusted_log_return,18,-0.006677104558591351,0.06552880915153411,-0.10189571037603742
25,False,Palm oil,roni,retrospective,6,seasonal_adjusted_log_return,18,0.02916660693060467,0.05717635744562766,0.5101165627478264
25,False,"Rubber, RSS3",roni,retrospective,6,seasonal_adjusted_log_return,18,-0.027775848066114408,0.04061604934221319,-0.6838638547064777
25,False,Coconut oil,roni,retrospective,6,market_adjusted_log_return,18,0.14303287063366799,0.06388099283682543,2.2390520917391554
25,False,Palm oil,roni,retrospective,6,market_adjusted_log_return,18,0.09695732235604307,0.055164566861116544,1.7576014436974523
25,False,"Rubber, RSS3",roni,retrospective,6,market_adjusted_log_return,18,0.06050939342270299,0.03720052778972254,1.6265735197289333
25,False,Coconut oil,roni,retrospective,12,seasonal_adjusted_log_return,18,0.07555597626308552,0.10163826217734431,0.7433812291206936
25,False,Palm oil,roni,retrospective,12,seasonal_adjusted_log_return,18,0.07281772127747103,0.08267700584992987,0.8807493755838861
25,False,"Rubber, RSS3",roni,retrospective,12,seasonal_adjusted_log_return,18,0.01751948543190854,0.07077273399672077,0.24754569228200654
25,False,Coconut oil,roni,retrospective,12,market_adjusted_log_return,18,0.3725865545933162,0.0900636316065234,4.136925726258737
25,False,Palm oil,roni,retrospective,12,market_adjusted_log_return,18,0.21775344346750453,0.07331409668338476,2.970144260358243
25,False,"Rubber, RSS3",roni,retrospective,12,market_adjusted_log_return,18,0.19235165275915905,0.0642287956669751,2.9947884085589607
25,False,Coconut oil,roni,retrospective,18,seasonal_adjusted_log_return,18,0.15984964737449847,0.11247142243364865,1.4212467835445055
25,False,Palm oil,roni,retrospective,18,seasonal_adjusted_log_return,18,0.0874619290653106,0.09359108168313682,0.9345113604031509
25,False,"Rubber, RSS3",roni,retrospective,18,seasonal_adjusted_log_return,18,0.09532857572848993,0.09003531969046114,1.058790884024479
25,False,Coconut oil,roni,retrospective,18,market_adjusted_log_return,18,0.575727306063263,0.10282217616297676,5.599252297001718
25,False,Palm oil,roni,retrospective,18,market_adjusted_log_return,18,0.28100781704998046,0.08520215580413533,3.2981303629918433
25,False,"Rubber, RSS3",roni,retrospective,18,market_adjusted_log_return,18,0.34041011430562373,0.0814138730878673,4.181229824777288
25,False,Coconut oil,roni,retrospective,24,seasonal_adjusted_log_return,18,0.24662028432216065,0.12448225356209423,1.9811682168747173
25,False,Palm oil,roni,retrospective,24,seasonal_adjusted_log_return,18,0.15477452756555216,0.09809861735027778,1.5777442307153362
25,False,"Rubber, RSS3",roni,retrospective,24,seasonal_adjusted_log_return,18,0.1159109201274095,0.10953273769789519,1.0582308318368352
25,False,Coconut oil,roni,retrospective,24,market_adjusted_log_return,18,0.7914938584952487,0.11223635936109604,7.052027195115886
25,False,Palm oil,roni,retrospective,24,market_adjusted_log_return,18,0.4071012721507696,0.08695335173496234,4.681835306264355
25,False,"Rubber, RSS3",roni,retrospective,24,market_adjusted_log_return,18,0.4370507772966287,0.09828799167407226,4.446634526279775
25,False,Coconut oil,roni,observable,6,seasonal_adjusted_log_return,18,0.10359111930267882,0.05006035716006264,2.069324415154636
25,False,Palm oil,roni,observable,6,seasonal_adjusted_log_return,18,0.049362985819950286,0.04478411183797769,1.1022432687408938
25,False,"Rubber, RSS3",roni,observable,6,seasonal_adjusted_log_return,18,0.08080133238049422,0.04908465411959621,1.6461628146267342
25,False,Coconut oil,roni,observable,6,market_adjusted_log_return,18,0.27464378179411475,0.039140321215375584,7.016901580414874
25,False,Palm oil,roni,observable,6,market_adjusted_log_return,18,0.1385423503658751,0.04085341766565449,3.391205883916727
25,False,"Rubber, RSS3",roni,observable,6,market_adjusted_log_return,18,0.18130261099331213,0.04422115912849137,4.099906347242268
25,False,Coconut oil,roni,observable,12,seasonal_adjusted_log_return,18,0.18788479041409176,0.09206015768810615,2.040891468496429
25,False,Palm oil,roni,observable,12,seasonal_adjusted_log_return,18,0.06400719360778986,0.07429182503270328,0.8615644262287794
25,False,"Rubber, RSS3",roni,observable,12,seasonal_adjusted_log_return,18,0.1586104226770756,0.07300179403498529,2.1726921204301273
25,False,Coconut oil,roni,observable,12,market_adjusted_log_return,18,0.4777845332640615,0.08662013260780473,5.515860099491602
25,False,Palm oil,roni,observable,12,market_adjusted_log_return,18,0.20179672394835096,0.06976354105340293,2.892581438689854
25,False,"Rubber, RSS3",roni,observable,12,market_adjusted_log_return,18,0.32936107253977676,0.06456181299439342,5.101484256155858
25,False,Coconut oil,roni,observable,18,seasonal_adjusted_log_return,18,0.2746554273617539,0.12172354077298872,2.2563871016041115
25,False,Palm oil,roni,observable,18,seasonal_adjusted_log_return,18,0.13131979210803138,0.07685817022011712,1.708598991258047
25,False,"Rubber, RSS3",roni,observable,18,seasonal_adjusted_log_return,18,0.1791927670759952,0.09375332403890538,1.9113217468602448
25,False,Coconut oil,roni,observable,18,market_adjusted_log_return,18,0.6935510856960472,0.11535508917182893,6.012314590325162
25,False,Palm oil,roni,observable,18,market_adjusted_log_return,18,0.32789017904914014,0.07138058390958064,4.593548568676404
25,False,"Rubber, RSS3",roni,observable,18,market_adjusted_log_return,18,0.42600173553078174,0.08269936303692753,5.151209391305231
25,False,Coconut oil,roni,observable,24,seasonal_adjusted_log_return,18,0.30900211571739616,0.1277439659541376,2.4189175074487164
25,False,Palm oil,roni,observable,24,seasonal_adjusted_log_return,18,0.12354316821250626,0.08566766397586528,1.4421213615362671
25,False,"Rubber, RSS3",roni,observable,24,seasonal_adjusted_log_return,18,0.20507574735503675,0.08777105966867907,2.336484806371976
25,False,Coconut oil,roni,observable,24,market_adjusted_log_return,18,0.8457257490627625,0.11929468212143374,7.089383483178842
25,False,Palm oil,roni,observable,24,market_adjusted_log_return,18,0.3677024209409889,0.07921402628719268,4.6418852591569255
25,False,"Rubber, RSS3",roni,observable,24,market_adjusted_log_return,18,0.5215507758494856,0.0786506074369533,6.631236462700726
25,False,Coconut oil,oni,retrospective,6,seasonal_adjusted_log_return,18,0.006982111775489365,0.061343735251797434,0.11381947556388461
25,False,Palm oil,oni,retrospective,6,seasonal_adjusted_log_return,18,-0.01729234148238013,0.0524802613910258,-0.3295018169504991
25,False,"Rubber, RSS3",oni,retrospective,6,seasonal_adjusted_log_return,18,-0.001755418441322484,0.04916999588775859,-0.03570100850383668
25,False,Coconut oil,oni,retrospective,6,market_adjusted_log_return,18,0.17227390641088325,0.06019447011261652,2.8619556927501772
25,False,Palm oil,oni,retrospective,6,market_adjusted_log_return,18,0.06611374908566443,0.04889302998487913,1.3522121477460296
25,False,"Rubber, RSS3",oni,retrospective,6,market_adjusted_log_return,18,0.09544847898376724,0.046040505248963116,2.0731414320418833
25,False,Coconut oil,oni,retrospective,12,seasonal_adjusted_log_return,18,0.12685450150466673,0.08346678716911897,1.5198201081783143
25,False,Palm oil,oni,retrospective,12,seasonal_adjusted_log_return,18,0.06841633691807829,0.07697815245492555,0.8887760323702154
25,False,"Rubber, RSS3",oni,retrospective,12,seasonal_adjusted_log_return,18,0.08025476982359281,0.07854792287927387,1.0217300073859663
25,False,Coconut oil,oni,retrospective,12,market_adjusted_log_return,18,0.422546677914142,0.07259387836276829,5.820692976377143
25,False,Palm oil,oni,retrospective,12,market_adjusted_log_return,18,0.21201077491723463,0.06818486306522054,3.109352507087108
25,False,"Rubber, RSS3",oni,retrospective,12,market_adjusted_log_return,18,0.2543208683179176,0.07406247178252284,3.4338695724969295
25,False,Coconut oil,oni,retrospective,18,seasonal_adjusted_log_return,18,0.17758462404984626,0.09459186297210818,1.8773773818389614
25,False,Palm oil,oni,retrospective,18,seasonal_adjusted_log_return,18,0.05134215572210382,0.08631131511790038,0.5948484929463878
25,False,"Rubber, RSS3",oni,retrospective,18,seasonal_adjusted_log_return,18,0.11964385954156069,0.09368272845287452,1.2771175809823416
25,False,Coconut oil,oni,retrospective,18,market_adjusted_log_return,18,0.5942769059383185,0.08731393097701075,6.806209493589152
25,False,Palm oil,oni,retrospective,18,market_adjusted_log_return,18,0.2457044212106799,0.07998290542866911,3.0719616884861187
25,False,"Rubber, RSS3",oni,retrospective,18,market_adjusted_log_return,18,0.36519166870169106,0.08577214589241133,4.257695373038362
25,False,Coconut oil,oni,retrospective,24,seasonal_adjusted_log_return,18,0.24426919345345566,0.11008024969019484,2.2190101688624115
25,False,Palm oil,oni,retrospective,24,seasonal_adjusted_log_return,18,0.12489813435915131,0.10281364443653077,1.2148011583837377
25,False,"Rubber, RSS3",oni,retrospective,24,seasonal_adjusted_log_return,18,0.127625072363136,0.09867311887435497,1.2934127736009529
25,False,Coconut oil,oni,retrospective,24,market_adjusted_log_return,18,0.7813269609666249,0.10242838895019542,7.628031339500378
25,False,Palm oil,oni,retrospective,24,market_adjusted_log_return,18,0.36939224081875577,0.09178512819582771,4.024532602173206
25,False,"Rubber, RSS3",oni,retrospective,24,market_adjusted_log_return,18,0.4442913511599043,0.08884111817114092,5.0009653222062616
25,False,Coconut oil,oni,observable,6,seasonal_adjusted_log_return,18,0.12726924823584762,0.040896057343680174,3.11201755138176
25,False,Palm oil,oni,observable,6,seasonal_adjusted_log_return,18,0.09066308446912306,0.04454793749363609,2.035180292736892
25,False,"Rubber, RSS3",oni,observable,6,seasonal_adjusted_log_return,18,0.08079746502767832,0.05564036984659876,1.4521374543418386
25,False,Coconut oil,oni,observable,6,market_adjusted_log_return,18,0.2828333556202234,0.035031853858239696,8.073605147039608
25,False,Palm oil,oni,observable,6,market_adjusted_log_return,18,0.16432053905476798,0.04013590254682842,4.0941034990566765
25,False,"Rubber, RSS3",oni,observable,6,market_adjusted_log_return,18,0.1724334699506046,0.05091602837005068,3.3866245162993054
25,False,Coconut oil,oni,observable,12,seasonal_adjusted_log_return,18,0.1779993707810271,0.0891182936274644,1.9973381842913944
25,False,Palm oil,oni,observable,12,seasonal_adjusted_log_return,18,0.07358890327314861,0.0754362933316607,0.9755105934170186
25,False,"Rubber, RSS3",oni,observable,12,seasonal_adjusted_log_return,18,0.12018655474564616,0.07428209564301579,1.6179747448596173
25,False,Coconut oil,oni,observable,12,market_adjusted_log_return,18,0.45456358364439986,0.08534765133287302,5.3260233473972285
25,False,Palm oil,oni,observable,12,market_adjusted_log_return,18,0.19801418534821336,0.06953276469154952,2.8477824264088047
25,False,"Rubber, RSS3",oni,observable,12,market_adjusted_log_return,18,0.2833042703343781,0.06587195607282165,4.300832816034556
25,False,Coconut oil,oni,observable,18,seasonal_adjusted_log_return,18,0.24468394018463652,0.1181557371268207,2.070859580199721
25,False,Palm oil,oni,observable,18,seasonal_adjusted_log_return,18,0.14714488191019606,0.09163719841836428,1.6057330914724683
25,False,"Rubber, RSS3",oni,observable,18,seasonal_adjusted_log_return,18,0.12816776756722156,0.08578169686732794,1.4941155543407931
25,False,Coconut oil,oni,observable,18,market_adjusted_log_return,18,0.641613638672706,0.11206477756569719,5.725381806933624
25,False,Palm oil,oni,observable,18,market_adjusted_log_return,18,0.32170200495628914,0.08131967113099041,3.9560170433804247
25,False,"Rubber, RSS3",oni,observable,18,market_adjusted_log_return,18,0.36240395279259136,0.07713724623852329,4.698170734173841
25,False,Coconut oil,oni,observable,24,seasonal_adjusted_log_return,18,0.3012503223555691,0.1353106710375032,2.2263604196602755
25,False,Palm oil,oni,observable,24,seasonal_adjusted_log_return,18,0.156376755977674,0.09991787032313502,1.5650529326931266
25,False,"Rubber, RSS3",oni,observable,24,seasonal_adjusted_log_return,18,0.1811166946477894,0.09154536831022073,1.9784364626076703
25,False,Coconut oil,oni,observable,24,market_adjusted_log_return,18,0.8088819249748801,0.1235690339383235,6.545992140543998
25,False,Palm oil,oni,observable,24,market_adjusted_log_return,18,0.3713813278227416,0.0852270355435274,4.357553039998307
25,False,"Rubber, RSS3",oni,observable,24,market_adjusted_log_return,18,0.4809401495901221,0.08105189593818456,5.933731025328739
26,False,Coconut oil,roni,retrospective,6,seasonal_adjusted_log_return,18,0.1074169244229647,0.09188542821454627,1.1690311130961204
26,False,Palm oil,roni,retrospective,6,seasonal_adjusted_log_return,18,0.02452810891508806,0.07736213827312224,0.3170557259998824
26,False,"Rubber, RSS3",roni,retrospective,6,seasonal_adjusted_log_return,18,0.11090260581045547,0.058755435317812965,1.8875293019373303
26,False,Coconut oil,roni,retrospective,6,market_adjusted_log_return,18,0.24492377792360084,0.08048519001389519,3.043091255438628
26,False,Palm oil,roni,retrospective,6,market_adjusted_log_return,18,0.08008942302953045,0.06276578281344727,1.2760045273006884
26,False,"Rubber, RSS3",roni,retrospective,6,market_adjusted_log_return,18,0.19220307609760148,0.05075829420019298,3.786633871885922
26,False,Coconut oil,roni,retrospective,12,seasonal_adjusted_log_return,18,0.19418756137062687,0.12487170141279401,1.5550966245642182
26,False,Palm oil,roni,retrospective,12,seasonal_adjusted_log_return,18,0.09184070741532958,0.08286945482419708,1.1082576518714224
26,False,"Rubber, RSS3",roni,retrospective,12,seasonal_adjusted_log_return,18,0.13148495020937506,0.07853095752986511,1.674307233034459
26,False,Coconut oil,roni,retrospective,12,market_adjusted_log_return,18,0.4606903303555863,0.11320470216718255,4.069533522337538
26,False,Palm oil,roni,retrospective,12,market_adjusted_log_return,18,0.20618287813031969,0.06968479050814241,2.9587931114785797
26,False,"Rubber, RSS3",roni,retrospective,12,market_adjusted_log_return,18,0.2888437390886065,0.06838947964846795,4.2235112852635535
26,False,Coconut oil,roni,retrospective,18,seasonal_adjusted_log_return,18,0.2285342497262691,0.13431548825657708,1.701473543316985
26,False,Palm oil,roni,retrospective,18,seasonal_adjusted_log_return,18,0.0840640835198045,0.09364777138197218,0.8976624032719629
26,False,"Rubber, RSS3",roni,retrospective,18,seasonal_adjusted_log_return,18,0.1573679304884166,0.07006428687769237,2.2460505558720056
26,False,Coconut oil,roni,retrospective,18,market_adjusted_log_return,18,0.6128649937223017,0.12099500648366285,5.065208982860403
26,False,Palm oil,roni,retrospective,18,market_adjusted_log_return,18,0.2459951200221684,0.08070922611486932,3.0479182103921563
26,False,"Rubber, RSS3",roni,retrospective,18,market_adjusted_log_return,18,0.38439277940731037,0.06412327339333401,5.994590716687745
26,False,Coconut oil,roni,retrospective,24,seasonal_adjusted_log_return,18,0.23312087633143433,0.11462416393251074,2.0337847477665614
26,False,Palm oil,roni,retrospective,24,seasonal_adjusted_log_return,18,0.09998286666584219,0.09819863359906417,1.0181696323195584
26,False,"Rubber, RSS3",roni,retrospective,24,seasonal_adjusted_log_return,18,0.15540917026275813,0.06806899220958346,2.2831125482841808
26,False,Coconut oil,roni,retrospective,24,market_adjusted_log_return,18,0.7375598162257608,0.10895207267840908,6.76958040442972
26,False,Palm oil,roni,retrospective,24,market_adjusted_log_return,18,0.3117879003352562,0.08446033218240531,3.691530595237317
26,False,"Rubber, RSS3",roni,retrospective,24,market_adjusted_log_return,18,0.4534052224124571,0.06238369700673704,7.2680082163692905
26,False,Coconut oil,roni,observable,6,seasonal_adjusted_log_return,18,0.0978813384542624,0.07060664952052766,1.3862906556103487
26,False,Palm oil,roni,observable,6,seasonal_adjusted_log_return,18,0.07284692197461058,0.048743007510921095,1.494510201453796
26,False,"Rubber, RSS3",roni,observable,6,seasonal_adjusted_log_return,18,0.0183378373148028,0.05177172074213542,0.35420567545243276
26,False,Coconut oil,roni,observable,6,market_adjusted_log_return,18,0.24699392749942556,0.0685307410454238,3.6041333236964728
26,False,Palm oil,roni,observable,6,market_adjusted_log_return,18,0.14003896477225045,0.05084928297545027,2.7540007759767313
26,False,"Rubber, RSS3",roni,observable,6,market_adjusted_log_return,18,0.1062811494463657,0.0498129231454715,2.1336059547436483
26,False,Coconut oil,roni,observable,12,seasonal_adjusted_log_return,18,0.1322280268099046,0.0949377897167624,1.3927860255056914
26,False,Palm oil,roni,observable,12,seasonal_adjusted_log_return,18,0.06507029807908547,0.07087023886415697,0.9181611226654853
26,False,"Rubber, RSS3",roni,observable,12,seasonal_adjusted_log_return,18,0.044220817593844344,0.057525828887635286,0.7687123931794272
26,False,Coconut oil,roni,observable,12,market_adjusted_log_return,18,0.399168590866141,0.09135867497052644,4.369246718988845
26,False,Palm oil,roni,observable,12,market_adjusted_log_return,18,0.17985120666409918,0.07194341589474029,2.4998980716628427
26,False,"Rubber, RSS3",roni,observable,12,market_adjusted_log_return,18,0.20183018976506964,0.05673213350889461,3.55759914675915
26,False,Coconut oil,roni,observable,18,seasonal_adjusted_log_return,18,0.13681465341506985,0.1110991729329651,1.2314641936859505
26,False,Palm oil,roni,observable,18,seasonal_adjusted_log_return,18,0.0809890812251232,0.08094270945459392,1.0005728961983327
26,False,"Rubber, RSS3",roni,observable,18,seasonal_adjusted_log_return,18,0.04226205736818589,0.0715782954611114,0.590431178836145
26,False,Coconut oil,roni,observable,18,market_adjusted_log_return,18,0.5238634133696,0.11292061888264508,4.639218404515079
26,False,Palm oil,roni,observable,18,market_adjusted_log_return,18,0.24564398697718698,0.08200650071193026,2.9954209098627085
26,False,"Rubber, RSS3",roni,observable,18,market_adjusted_log_return,18,0.2708426327702163,0.07101989304698181,3.81361645519581
26,False,Coconut oil,roni,observable,24,seasonal_adjusted_log_return,18,0.07774341782090449,0.1253473878322743,0.6202236772969847
26,False,Palm oil,roni,observable,24,seasonal_adjusted_log_return,18,0.000738760166025012,0.09278527073853499,0.007962041390241854
26,False,"Rubber, RSS3",roni,observable,24,seasonal_adjusted_log_return,18,0.006467524995052515,0.08572721566457632,0.07544307773108962
26,False,Coconut oil,roni,observable,24,market_adjusted_log_return,18,0.6126056351833872,0.1288643220319245,4.753880868838327
26,False,Palm oil,roni,observable,24,market_adjusted_log_return,18,0.2430325883222842,0.09683207293011935,2.509835646064018
26,False,"Rubber, RSS3",roni,observable,24,market_adjusted_log_return,18,0.3218771240788858,0.07895710420805152,4.07660751122206
26,False,Coconut oil,oni,retrospective,6,seasonal_adjusted_log_return,18,0.07173257448729217,0.08460331732971114,0.8478695251125927
26,False,Palm oil,oni,retrospective,6,seasonal_adjusted_log_return,18,-0.01813684651029955,0.07213432173359077,-0.251431580340954
26,False,"Rubber, RSS3",oni,retrospective,6,seasonal_adjusted_log_return,18,0.0742008505848619,0.04762310275042657,1.5580851792399701
26,False,Coconut oil,oni,retrospective,6,market_adjusted_log_return,18,0.21422912493153168,0.07440895273617551,2.879077275702331
26,False,Palm oil,oni,retrospective,6,market_adjusted_log_return,18,0.04242490994058725,0.05991818637258425,0.708047297639818
26,False,"Rubber, RSS3",oni,retrospective,6,market_adjusted_log_return,18,0.15835730251321964,0.0403080963327074,3.928672324441256
26,False,Coconut oil,oni,retrospective,12,seasonal_adjusted_log_return,18,0.1384171438909016,0.11360040546658241,1.218456424714254
26,False,Palm oil,oni,retrospective,12,seasonal_adjusted_log_return,18,0.05541913212674793,0.08636688499442201,0.6416710771764799
26,False,"Rubber, RSS3",oni,retrospective,12,seasonal_adjusted_log_return,18,0.08218206340643724,0.06722414484440162,1.2225081270525275
26,False,Coconut oil,oni,retrospective,12,market_adjusted_log_return,18,0.401279179959838,0.10276548580210534,3.9048049724844196
26,False,Palm oil,oni,retrospective,12,market_adjusted_log_return,18,0.16611272954866307,0.07459393437896629,2.226893257898767
26,False,"Rubber, RSS3",oni,retrospective,12,market_adjusted_log_return,18,0.23745698497143286,0.060517326518095396,3.923785114671753
26,False,Coconut oil,oni,retrospective,18,seasonal_adjusted_log_return,18,0.1949835260618341,0.13196050459142808,1.477590030937938
26,False,Palm oil,oni,retrospective,18,seasonal_adjusted_log_return,18,0.06465100619422587,0.09704346547163778,0.6662066928465262
26,False,"Rubber, RSS3",oni,retrospective,18,seasonal_adjusted_log_return,18,0.1351309904870051,0.07235844985364252,1.8675219101615763
26,False,Coconut oil,oni,retrospective,18,market_adjusted_log_return,18,0.5685474662620121,0.11828345852250349,4.8066523701946515
26,False,Palm oil,oni,retrospective,18,market_adjusted_log_return,18,0.2157920524151155,0.08298015011034798,2.6005261755751548
26,False,"Rubber, RSS3",oni,retrospective,18,market_adjusted_log_return,18,0.35599318176896366,0.06638559179476074,5.362506714854039
26,False,Coconut oil,oni,retrospective,24,seasonal_adjusted_log_return,18,0.15059580261352393,0.1225511094710416,1.2288407935556813
26,False,Palm oil,oni,retrospective,24,seasonal_adjusted_log_return,18,0.05537958596374946,0.10238466050943007,0.5408972954366417
26,False,"Rubber, RSS3",oni,retrospective,24,seasonal_adjusted_log_return,18,0.07975510265694237,0.07049242269951628,1.1313996540721767
26,False,Coconut oil,oni,retrospective,24,market_adjusted_log_return,18,0.6517509176382875,0.11709954838816423,5.5657850658642065
26,False,Palm oil,oni,retrospective,24,market_adjusted_log_return,18,0.2638937229937831,0.09218038908038641,2.8627968012117324
26,False,"Rubber, RSS3",oni,retrospective,24,market_adjusted_log_return,18,0.37587157301110785,0.06666798777218763,5.637961870028316
26,False,Coconut oil,oni,observable,6,seasonal_adjusted_log_return,18,0.06639276861658534,0.06511792422068965,1.0195774728871139
26,False,Palm oil,oni,observable,6,seasonal_adjusted_log_return,18,0.06472391143503692,0.05856701483165826,1.105125668792847
26,False,"Rubber, RSS3",oni,observable,6,seasonal_adjusted_log_return,18,-0.003876941415091419,0.04397672220807295,-0.08815894456044103
26,False,Coconut oil,oni,observable,6,market_adjusted_log_return,18,0.21704194842464367,0.06191296797792806,3.505597543022312
26,False,Palm oil,oni,observable,6,market_adjusted_log_return,18,0.13345585406856172,0.05895750939895775,2.2635938225525
26,False,"Rubber, RSS3",oni,observable,6,market_adjusted_log_return,18,0.08494587804096142,0.0438274352366595,1.938189574230626
26,False,Coconut oil,oni,observable,12,seasonal_adjusted_log_return,18,0.12295915078751785,0.09721989519685938,1.2647529658259697
26,False,Palm oil,oni,observable,12,seasonal_adjusted_log_return,18,0.07395578550251486,0.07713431280736839,0.9587923041099564
26,False,"Rubber, RSS3",oni,observable,12,seasonal_adjusted_log_return,18,0.04907198566547643,0.06210840283485295,0.7901021991494368
26,False,Coconut oil,oni,observable,12,market_adjusted_log_return,18,0.38431023472681786,0.09038492677721159,4.251928373788455
26,False,Palm oil,oni,observable,12,market_adjusted_log_return,18,0.18313517693501424,0.07406537296735867,2.4726153342361985
26,False,"Rubber, RSS3",oni,observable,12,market_adjusted_log_return,18,0.20348207483849223,0.0610486042486205,3.3331159220251996
26,False,Coconut oil,oni,observable,18,seasonal_adjusted_log_return,18,0.07857142733920768,0.114031271218199,0.6890340386441991
26,False,Palm oil,oni,observable,18,seasonal_adjusted_log_return,18,0.06468436527203845,0.08847348495608089,0.7311158287044803
26,False,"Rubber, RSS3",oni,observable,18,seasonal_adjusted_log_return,18,-0.006303902164586307,0.0798123220094553,-0.0789840717056132
26,False,Coconut oil,oni,observable,18,market_adjusted_log_return,18,0.46751368610309346,0.11228190485407728,4.163749151839551
26,False,Palm oil,oni,observable,18,market_adjusted_log_return,18,0.23123684751368176,0.08571701199128175,2.6976774171409614
26,False,"Rubber, RSS3",oni,observable,18,market_adjusted_log_return,18,0.22336046608063637,0.07883263727211597,2.83335016827658
26,False,Coconut oil,oni,observable,24,seasonal_adjusted_log_return,18,0.05909730335964222,0.10997270734975795,0.5373815447835503
26,False,Palm oil,oni,observable,24,seasonal_adjusted_log_return,18,0.022015067255473916,0.09044825292657041,0.243399585322523
26,False,"Rubber, RSS3",oni,observable,24,seasonal_adjusted_log_return,18,-0.015465617265351462,0.09084417207488497,-0.1702433619253285
26,False,Coconut oil,oni,observable,24,market_adjusted_log_return,18,0.6006968112805802,0.1167484373815231,5.145223565755819
26,False,Palm oil,oni,observable,24,market_adjusted_log_return,18,0.2710606948340639,0.09394254595988602,2.8853880003402113
26,False,"Rubber, RSS3",oni,observable,24,market_adjusted_log_return,18,0.30380024370451175,0.08412227368900375,3.611412654247168
27,False,Coconut oil,roni,retrospective,6,seasonal_adjusted_log_return,19,0.03901737518228578,0.05281011235829612,0.7388239380664071
27,False,Palm oil,roni,retrospective,6,seasonal_adjusted_log_return,19,0.012890752370484683,0.043480376598189305,0.296472877629618
27,False,"Rubber, RSS3",roni,retrospective,6,seasonal_adjusted_log_return,19,0.030332108977132833,0.04170576156025403,0.7272882173200647
27,False,Coconut oil,roni,retrospective,6,market_adjusted_log_return,19,0.17437723479548473,0.048938169462548926,3.5632153125165615
27,False,Palm oil,roni,retrospective,6,market_adjusted_log_return,19,0.06630044901152703,0.040765976730197086,1.6263672387963533
27,False,"Rubber, RSS3",roni,retrospective,6,market_adjusted_log_return,19,0.11040369198001705,0.03909066354967664,2.824298232740803
27,False,Coconut oil,roni,retrospective,12,seasonal_adjusted_log_return,19,0.040013721716990885,0.07976292702118458,0.5016581413363062
27,False,Palm oil,roni,retrospective,12,seasonal_adjusted_log_return,19,0.027407931322633347,0.049915922307275346,0.5490819373007676
27,False,"Rubber, RSS3",roni,retrospective,12,seasonal_adjusted_log_return,19,0.015628272245622354,0.06982766158051391,0.22381205229968026
27,False,Coconut oil,roni,retrospective,12,market_adjusted_log_return,19,0.2968895619125596,0.08074165741104611,3.677030809525378
27,False,Palm oil,roni,retrospective,12,market_adjusted_log_return,19,0.13210244150182335,0.04761286970003328,2.774511226357167
27,False,"Rubber, RSS3",roni,retrospective,12,market_adjusted_log_return,19,0.16747684032497148,0.06654542830849003,2.5167294671030676
27,False,Coconut oil,roni,retrospective,18,seasonal_adjusted_log_return,19,-0.02009305999428448,0.11694329293489371,-0.17181883193139574
27,False,Palm oil,roni,retrospective,18,seasonal_adjusted_log_return,19,-0.04752603885145922,0.07197537075722688,-0.6603097469516994
27,False,"Rubber, RSS3",roni,retrospective,18,seasonal_adjusted_log_return,19,-0.012641080001170224,0.0835271830936649,-0.15134091122161863
27,False,Coconut oil,roni,retrospective,18,market_adjusted_log_return,19,0.38430300835548453,0.11675509901715737,3.291530833261599
27,False,Palm oil,roni,retrospective,18,market_adjusted_log_return,19,0.1345135330042469,0.07266436569844267,1.8511622816949707
27,False,"Rubber, RSS3",roni,retrospective,18,market_adjusted_log_return,19,0.22586867443942948,0.07445361186208051,3.0336832396772575
27,False,Coconut oil,roni,retrospective,24,seasonal_adjusted_log_return,19,-0.0548111082864237,0.13167559969598217,-0.4162586569795297
27,False,Palm oil,roni,retrospective,24,seasonal_adjusted_log_return,19,-0.030935325062268194,0.09978519841189484,-0.31001917673774515
27,False,"Rubber, RSS3",roni,retrospective,24,seasonal_adjusted_log_return,19,-0.017947274665510632,0.10037958561372827,-0.17879407008685738
27,False,Coconut oil,roni,retrospective,24,market_adjusted_log_return,19,0.49419040718414114,0.12129322399668195,4.0743447234749075
27,False,Palm oil,roni,retrospective,24,market_adjusted_log_return,19,0.22552825040858496,0.08893041548878511,2.5360080594363805
27,False,"Rubber, RSS3",roni,retrospective,24,market_adjusted_log_return,19,0.3055553160915083,0.08622607809890132,3.543653182753324
27,False,Coconut oil,roni,observable,6,seasonal_adjusted_log_return,19,0.024173477940135777,0.05913401674552677,0.4087914075609348
27,False,Palm oil,roni,observable,6,seasonal_adjusted_log_return,19,0.03830268846959754,0.03743454043523877,1.0231910963582058
27,False,"Rubber, RSS3",roni,observable,6,seasonal_adjusted_log_return,19,-0.021875576117881372,0.058891621295698415,-0.37145481201889097
27,False,Coconut oil,roni,observable,6,market_adjusted_log_return,19,0.16848294442159126,0.05850992499309181,2.8795617912941065
27,False,Palm oil,roni,observable,6,market_adjusted_log_return,19,0.10068126510162484,0.03581840691749467,2.8108805992834207
27,False,"Rubber, RSS3",roni,observable,6,market_adjusted_log_return,19,0.06331854502723806,0.055526991651950776,1.1403201063750328
27,False,Coconut oil,roni,observable,12,seasonal_adjusted_log_return,19,-0.03593330377113956,0.11389829612602803,-0.31548587637675896
27,False,Palm oil,roni,observable,12,seasonal_adjusted_log_return,19,-0.03663128170449505,0.0629656320873635,-0.5817662824962975
27,False,"Rubber, RSS3",roni,observable,12,seasonal_adjusted_log_return,19,-0.05014492836467397,0.069299724848589,-0.7235949128836254
27,False,Coconut oil,roni,observable,12,market_adjusted_log_return,19,0.2558963908645162,0.11143503801897445,2.296372805301541
27,False,Palm oil,roni,observable,12,market_adjusted_log_return,19,0.10309235660404838,0.0597653040135843,1.724953270222069
27,False,"Rubber, RSS3",roni,observable,12,market_adjusted_log_return,19,0.12171037914169607,0.061580149332885165,1.9764547579084877
27,False,Coconut oil,roni,observable,18,seasonal_adjusted_log_return,19,-0.07065135206327881,0.13303278195581286,-0.5310822717873089
27,False,Palm oil,roni,observable,18,seasonal_adjusted_log_return,19,-0.020040567915304,0.08541382462319944,-0.23462908965512755
27,False,"Rubber, RSS3",roni,observable,18,seasonal_adjusted_log_return,19,-0.055451123029014365,0.08012828738842616,-0.6920293049595841
27,False,Coconut oil,roni,observable,18,market_adjusted_log_return,19,0.36578378969317277,0.12242812513740284,2.9877431291433107
27,False,Palm oil,roni,observable,18,market_adjusted_log_return,19,0.19410707400838645,0.07303031507174623,2.6578972556491416
27,False,"Rubber, RSS3",roni,observable,18,market_adjusted_log_return,19,0.20139702079377492,0.06908291668088937,2.915294120022122
27,False,Coconut oil,roni,observable,24,seasonal_adjusted_log_return,18,-0.07230101550796825,0.13237246988349038,-0.546193748379894
27,False,Palm oil,roni,observable,24,seasonal_adjusted_log_return,18,0.004092822831290794,0.10126083402536717,0.04041861664170659
27,False,"Rubber, RSS3",roni,observable,24,seasonal_adjusted_log_return,18,-0.0056258484393621145,0.09726724623376863,-0.057839084143917786
27,False,Coconut oil,roni,observable,24,market_adjusted_log_return,18,0.5076860705668411,0.12502855900603907,4.060560839882343
27,False,Palm oil,roni,observable,24,market_adjusted_log_return,18,0.2916086968324146,0.09468514792118839,3.0797723110190036
27,False,"Rubber, RSS3",roni,observable,24,market_adjusted_log_return,18,0.3356121322197708,0.0872204841068331,3.8478590855869603
27,False,Coconut oil,oni,retrospective,6,seasonal_adjusted_log_return,18,0.07622832924697075,0.06062914601031193,1.2572885198482868
27,False,Palm oil,oni,retrospective,6,seasonal_adjusted_log_return,18,0.014009962787631482,0.04599590202244196,0.3045915434117554
27,False,"Rubber, RSS3",oni,retrospective,6,seasonal_adjusted_log_return,18,0.0668278051252034,0.04374039701058856,1.5278280420963233
27,False,Coconut oil,oni,retrospective,6,market_adjusted_log_return,18,0.20286778224997695,0.05745090274187701,3.531150470540873
27,False,Palm oil,oni,retrospective,6,market_adjusted_log_return,18,0.05868047328220478,0.04225979848033063,1.388564910206966
27,False,"Rubber, RSS3",oni,retrospective,6,market_adjusted_log_return,18,0.14190803866055335,0.03879149421502815,3.658225637659943
27,False,Coconut oil,oni,retrospective,12,seasonal_adjusted_log_return,18,0.031840605798660576,0.09112170804777406,0.34942942226200274
27,False,Palm oil,oni,retrospective,12,seasonal_adjusted_log_return,18,0.004738542557155084,0.057517123818208185,0.08238490109714083
27,False,"Rubber, RSS3",oni,retrospective,12,seasonal_adjusted_log_return,18,0.011451917295140668,0.07306626126896995,0.15673331434030977
27,False,Coconut oil,oni,retrospective,12,market_adjusted_log_return,18,0.28607123362625253,0.09015177930575144,3.1732178314089245
27,False,Palm oil,oni,retrospective,12,market_adjusted_log_return,18,0.10678214386087233,0.05514898005203057,1.9362487531070967
27,False,"Rubber, RSS3",oni,retrospective,12,market_adjusted_log_return,18,0.16178642990269754,0.06807003292565217,2.3767643844010595
27,False,Coconut oil,oni,retrospective,18,seasonal_adjusted_log_return,18,0.012366481819095117,0.11891687309935184,0.1039926588783011
27,False,Palm oil,oni,retrospective,18,seasonal_adjusted_log_return,18,-0.037930755459409465,0.07211674461536033,-0.5259632234055459
27,False,"Rubber, RSS3",oni,retrospective,18,seasonal_adjusted_log_return,18,0.0022902021943755073,0.08686737076620073,0.026364354926080063
27,False,Coconut oil,oni,retrospective,18,market_adjusted_log_return,18,0.4192543588037394,0.12046304512054544,3.4803566387035816
27,False,Palm oil,oni,retrospective,18,market_adjusted_log_return,18,0.14660599118125447,0.07397669729537873,1.9817861102378904
27,False,"Rubber, RSS3",oni,retrospective,18,market_adjusted_log_return,18,0.2422262075265728,0.07629238916135539,3.1749721065134553
27,False,Coconut oil,oni,retrospective,24,seasonal_adjusted_log_return,18,-0.09227474584402258,0.13619900548763442,-0.67749940987932
27,False,Palm oil,oni,retrospective,24,seasonal_adjusted_log_return,18,-0.07550074280748406,0.09830769938268494,-0.7680043707826012
27,False,"Rubber, RSS3",oni,retrospective,24,seasonal_adjusted_log_return,18,-0.0037152749108333317,0.1040831951068928,-0.03569524270481673
27,False,Coconut oil,oni,retrospective,24,market_adjusted_log_return,18,0.46010404646881753,0.12721913453532102,3.6166261321411097
27,False,Palm oil,oni,retrospective,24,market_adjusted_log_return,18,0.18434738252579236,0.08880415376218018,2.0758869345174937
27,False,"Rubber, RSS3",oni,retrospective,24,market_adjusted_log_return,18,0.32172038728676544,0.08914084070637113,3.609124445510993
27,False,Coconut oil,oni,observable,6,seasonal_adjusted_log_return,19,-0.05839902052183152,0.06848703231483229,-0.8527018699448596
27,False,Palm oil,oni,observable,6,seasonal_adjusted_log_return,19,-0.007879938753448211,0.050031134673491635,-0.15750070041132402
27,False,"Rubber, RSS3",oni,observable,6,seasonal_adjusted_log_return,19,-0.07868500525644548,0.05346103959300986,-1.471819587786948
27,False,Coconut oil,oni,observable,6,market_adjusted_log_return,19,0.09436006867652327,0.06824317592234352,1.382703360463457
27,False,Palm oil,oni,observable,6,market_adjusted_log_return,19,0.06296645699427328,0.04701510290042573,1.339281488495968
27,False,"Rubber, RSS3",oni,observable,6,market_adjusted_log_return,19,0.011345475216181072,0.05121101991217131,0.22154362939146613
27,False,Coconut oil,oni,observable,12,seasonal_adjusted_log_return,19,-0.07768615118722448,0.12017534036339618,-0.6464400346386425
27,False,Palm oil,oni,observable,12,seasonal_adjusted_log_return,19,-0.04520508934499251,0.06620759895465762,-0.6827779599128989
27,False,"Rubber, RSS3",oni,observable,12,seasonal_adjusted_log_return,19,-0.09007579688584429,0.06685194278176783,-1.3473923589608854
27,False,Coconut oil,oni,observable,12,market_adjusted_log_return,19,0.2269234739037332,0.11872148401241438,1.9113935088615002
27,False,Palm oil,oni,observable,12,market_adjusted_log_return,19,0.10732600120520083,0.06295527836071071,1.704797500699816
27,False,"Rubber, RSS3",oni,observable,12,market_adjusted_log_return,19,0.08909443318372784,0.0610836857666356,1.4585634783746453
27,False,Coconut oil,oni,observable,18,seasonal_adjusted_log_return,19,-0.17810931138468009,0.13661424154397192,-1.3037389760521576
27,False,Palm oil,oni,observable,18,seasonal_adjusted_log_return,19,-0.08289729962718762,0.08610341033537884,-0.9627644166972806
27,False,"Rubber, RSS3",oni,observable,18,seasonal_adjusted_log_return,19,-0.0977477286172884,0.07822867525821717,-1.2495127687467895
27,False,Coconut oil,oni,observable,18,market_adjusted_log_return,19,0.271720799121394,0.12941311189365434,2.0996388630595755
27,False,Palm oil,oni,observable,18,market_adjusted_log_return,19,0.14467415732735942,0.0777807371619353,1.860025535964716
27,False,"Rubber, RSS3",oni,observable,18,market_adjusted_log_return,19,0.16676737078735632,0.07021956111542978,2.3749417988132584
27,False,Coconut oil,oni,observable,24,seasonal_adjusted_log_return,18,-0.13002309187026978,0.1261962327473795,-1.0303246700759356
27,False,Palm oil,oni,observable,24,seasonal_adjusted_log_return,18,0.01300675535540436,0.10120499373001725,0.12851890876157998
27,False,"Rubber, RSS3",oni,observable,24,seasonal_adjusted_log_return,18,-0.020919294008513733,0.09817918184929036,-0.21307260474655235
27,False,Coconut oil,oni,observable,24,market_adjusted_log_return,18,0.4711709416740203,0.12331940457829438,3.820736430614844
27,False,Palm oil,oni,observable,24,market_adjusted_log_return,18,0.3217752463294065,0.09397259431850331,3.42413922551512
27,False,"Rubber, RSS3",oni,observable,24,market_adjusted_log_return,18,0.3324570295847773,0.09123056450306165,3.6441408797116477
28,False,Coconut oil,roni,retrospective,6,seasonal_adjusted_log_return,19,-0.03749978125549101,0.07875109814900164,-0.4761810582569815
28,False,Palm oil,roni,retrospective,6,seasonal_adjusted_log_return,19,-0.1001759742400146,0.05852029062600971,-1.7118160755594534
28,False,"Rubber, RSS3",roni,retrospective,6,seasonal_adjusted_log_return,19,-0.04242906099403478,0.0322592197223798,-1.3152537897437013
28,False,Coconut oil,roni,retrospective,6,market_adjusted_log_return,19,0.13742275594963668,0.07528394538756132,1.8253925885816042
28,False,Palm oil,roni,retrospective,6,market_adjusted_log_return,19,-0.007118401142789403,0.05356699436574495,-0.13288782070142582
28,False,"Rubber, RSS3",roni,retrospective,6,market_adjusted_log_return,19,0.06028724014640614,0.03153380003607601,1.9118292142854643
28,False,Coconut oil,roni,retrospective,12,seasonal_adjusted_log_return,19,-0.07221782954763023,0.0995698569112689,-0.7252981151914955
28,False,Palm oil,roni,retrospective,12,seasonal_adjusted_log_return,19,-0.08358526045082358,0.07879549219301771,-1.0607873385202398
28,False,"Rubber, RSS3",roni,retrospective,12,seasonal_adjusted_log_return,19,-0.04773525565837518,0.05572017319205213,-0.8566961106499951
28,False,Coconut oil,roni,retrospective,12,market_adjusted_log_return,19,0.24731015477829313,0.09329537011288895,2.650829880186377
28,False,Palm oil,roni,retrospective,12,market_adjusted_log_return,19,0.08389631626154866,0.06567445535629785,1.2774573585177578
28,False,"Rubber, RSS3",roni,retrospective,12,market_adjusted_log_return,19,0.139973881798485,0.0499057295089143,2.8047657688979872
28,False,Coconut oil,roni,retrospective,18,seasonal_adjusted_log_return,18,-0.05611020650698192,0.10982670500892278,-0.5108976592024981
28,False,Palm oil,roni,retrospective,18,seasonal_adjusted_log_return,18,-0.06970258360628089,0.09981425432833867,-0.6983229406993761
28,False,"Rubber, RSS3",roni,retrospective,18,seasonal_adjusted_log_return,18,-0.010834923322101838,0.08320568653584351,-0.13021854362603388
28,False,Coconut oil,roni,retrospective,18,market_adjusted_log_return,18,0.41012407084456837,0.1068105880111893,3.8397323568858592
28,False,Palm oil,roni,retrospective,18,market_adjusted_log_return,18,0.17430836683160775,0.09314646552851721,1.8713363501510687
28,False,"Rubber, RSS3",roni,retrospective,18,market_adjusted_log_return,18,0.26306952374825915,0.08031021376091942,3.2756670842815527
28,False,Coconut oil,roni,retrospective,24,seasonal_adjusted_log_return,18,0.0038902802354577326,0.10458922055101755,0.037195804834974304
28,False,Palm oil,roni,retrospective,24,seasonal_adjusted_log_return,18,-0.024816249430607968,0.09451813244551777,-0.2625554355394461
28,False,"Rubber, RSS3",roni,retrospective,24,seasonal_adjusted_log_return,18,0.040242012482987546,0.08568686703828825,0.4696403763368526
28,False,Coconut oil,roni,retrospective,24,market_adjusted_log_return,18,0.5956516518292977,0.10704800087113828,5.564341668989488
28,False,Palm oil,roni,retrospective,24,market_adjusted_log_return,18,0.2744992662033052,0.08687736336444064,3.159617828775628
28,False,"Rubber, RSS3",roni,retrospective,24,market_adjusted_log_return,18,0.38821930890835055,0.0811599207053668,4.783386991193537
28,False,Coconut oil,roni,observable,6,seasonal_adjusted_log_return,19,-0.029145722588680353,0.04677311677871832,-0.6231297932649551
28,False,Palm oil,roni,observable,6,seasonal_adjusted_log_return,19,-0.003464185768098199,0.04326945623883038,-0.08006076501117224
28,False,"Rubber, RSS3",roni,observable,6,seasonal_adjusted_log_return,19,0.001486198352877207,0.039312077881485996,0.03780513351030807
28,False,Coconut oil,roni,observable,6,market_adjusted_log_return,19,0.13682590139418369,0.04541308926385249,3.0129177206866027
28,False,Palm oil,roni,observable,6,market_adjusted_log_return,19,0.08062319817088044,0.03576852730505811,2.254026213695394
28,False,"Rubber, RSS3",roni,observable,6,market_adjusted_log_return,19,0.09907921362569928,0.03483977566925029,2.843853375127985
28,False,Coconut oil,roni,observable,12,seasonal_adjusted_log_return,18,-0.005772780220007492,0.07406152588586304,-0.07794573702010922
28,False,Palm oil,roni,observable,12,seasonal_adjusted_log_return,18,0.019852917248882145,0.07295986837725311,0.2721073610800501
28,False,"Rubber, RSS3",roni,observable,12,seasonal_adjusted_log_return,18,0.03996153215995293,0.07029616683040954,0.5684738437639234
28,False,Coconut oil,roni,observable,12,market_adjusted_log_return,18,0.30659064410371417,0.07313520705104692,4.192107419477462
28,False,Palm oil,roni,observable,12,market_adjusted_log_return,18,0.18015450496353913,0.0690724543388993,2.6081960846450207
28,False,"Rubber, RSS3",roni,observable,12,market_adjusted_log_return,18,0.2235698490529752,0.06787602350811098,3.29379709502663
28,False,Coconut oil,roni,observable,18,seasonal_adjusted_log_return,18,0.054227706522432154,0.09546888491219825,0.5680144538433105
28,False,Palm oil,roni,observable,18,seasonal_adjusted_log_return,18,0.06473925142455504,0.07631713146544726,0.8482925154736177
28,False,"Rubber, RSS3",roni,observable,18,seasonal_adjusted_log_return,18,0.0910384679650423,0.07746328599667895,1.1752466577385492
28,False,Coconut oil,roni,observable,18,market_adjusted_log_return,18,0.4921182250884434,0.0944215964511337,5.2119244281484995
28,False,Palm oil,roni,observable,18,market_adjusted_log_return,18,0.28034540433523675,0.0701589115976978,3.995863076422583
28,False,"Rubber, RSS3",roni,observable,18,market_adjusted_log_return,18,0.34871963421306656,0.07203524661162553,4.840958428214611
28,False,Coconut oil,roni,observable,24,seasonal_adjusted_log_return,18,0.23162148383098838,0.10926117546534495,2.119888266298702
28,False,Palm oil,roni,observable,24,seasonal_adjusted_log_return,18,0.15659583251471118,0.09136303095227885,1.7139955940877774
28,False,"Rubber, RSS3",roni,observable,24,seasonal_adjusted_log_return,18,0.13193523441691246,0.08732439108227992,1.510863491651476
28,False,Coconut oil,roni,observable,24,market_adjusted_log_return,18,0.7959426149044087,0.10338968365819703,7.6984722918368655
28,False,Palm oil,roni,observable,24,market_adjusted_log_return,18,0.42841201462769274,0.07763588547424553,5.518221528751824
28,False,"Rubber, RSS3",roni,observable,24,market_adjusted_log_return,18,0.46420640198464647,0.08351147140925715,5.55859445596105
28,False,Coconut oil,oni,retrospective,6,seasonal_adjusted_log_return,19,-0.02472609022958861,0.08657348507811623,-0.2856081190133213
28,False,Palm oil,oni,retrospective,6,seasonal_adjusted_log_return,19,-0.04435354360804189,0.059924476950699405,-0.7401573758337864
28,False,"Rubber, RSS3",oni,retrospective,6,seasonal_adjusted_log_return,19,-0.022909113057571755,0.026866266685076405,-0.8527092106287042
28,False,Coconut oil,oni,retrospective,6,market_adjusted_log_return,19,0.15295765796832525,0.08472377353911421,1.8053688071118512
28,False,Palm oil,oni,retrospective,6,market_adjusted_log_return,19,0.05147118679437481,0.05820258718139977,0.884345340765605
28,False,"Rubber, RSS3",oni,retrospective,6,market_adjusted_log_return,19,0.08138763835711257,0.02525732335981345,3.222338218411822
28,False,Coconut oil,oni,retrospective,12,seasonal_adjusted_log_return,19,-0.1251492504270442,0.10815396887140594,-1.1571396938363445
28,False,Palm oil,oni,retrospective,12,seasonal_adjusted_log_return,19,-0.082045753890237,0.0785964125568589,-1.0438867528576161
28,False,"Rubber, RSS3",oni,retrospective,12,seasonal_adjusted_log_return,19,-0.030581044789015868,0.053214540738161065,-0.5746745976722425
28,False,Coconut oil,oni,retrospective,12,market_adjusted_log_return,19,0.19775498318598608,0.10377218246437722,1.9056646828630703
28,False,Palm oil,oni,retrospective,12,market_adjusted_log_return,19,0.08881934291653344,0.07008080190349168,1.2673847973207644
28,False,"Rubber, RSS3",oni,retrospective,12,market_adjusted_log_return,19,0.15906057596074102,0.04753331061481825,3.346297026303797
28,False,Coconut oil,oni,retrospective,18,seasonal_adjusted_log_return,18,-0.05627649229163017,0.10876516022949753,-0.5174128569560804
28,False,Palm oil,oni,retrospective,18,seasonal_adjusted_log_return,18,0.007185155983217898,0.10004712297756559,0.07181771718542158
28,False,"Rubber, RSS3",oni,retrospective,18,seasonal_adjusted_log_return,18,0.036625270702915075,0.0823013512957813,0.44501420847014034
28,False,Coconut oil,oni,retrospective,18,market_adjusted_log_return,18,0.42058941754118995,0.10792102229689321,3.8971963811104273
28,False,Palm oil,oni,retrospective,18,market_adjusted_log_return,18,0.2618506342943898,0.0949963756136634,2.7564276279265503
28,False,"Rubber, RSS3",oni,retrospective,18,market_adjusted_log_return,18,0.31661500662464453,0.07932394303311623,3.9914179063497115
28,False,Coconut oil,oni,retrospective,24,seasonal_adjusted_log_return,18,0.06637280374360932,0.10482230303376944,0.6331935267843403
28,False,Palm oil,oni,retrospective,24,seasonal_adjusted_log_return,18,0.0580646913018052,0.0914927336888895,0.6346371887766246
28,False,"Rubber, RSS3",oni,retrospective,24,seasonal_adjusted_log_return,18,0.10850898737001619,0.08427615039707557,1.287540862495085
28,False,Coconut oil,oni,retrospective,24,market_adjusted_log_return,18,0.6641898036801241,0.10432817348940482,6.366351307277289
28,False,Palm oil,oni,retrospective,24,market_adjusted_log_return,18,0.3634488761716934,0.08667297823796671,4.1933354957968465
28,False,"Rubber, RSS3",oni,retrospective,24,market_adjusted_log_return,18,0.4599523787442622,0.08102277559314415,5.676828217462124
28,False,Coconut oil,oni,observable,6,seasonal_adjusted_log_return,19,-0.09077095942051376,0.05270512125082112,-1.7222417341293867
28,False,Palm oil,oni,observable,6,seasonal_adjusted_log_return,19,-0.031268356140508914,0.03967472425229754,-0.7881177936277196
28,False,"Rubber, RSS3",oni,observable,6,seasonal_adjusted_log_return,19,-0.0056739591838216395,0.041584694989743244,-0.13644344837015412
28,False,Coconut oil,oni,observable,6,market_adjusted_log_return,19,0.07581685082364471,0.0505469297751114,1.499929890123136
28,False,Palm oil,oni,observable,6,market_adjusted_log_return,19,0.05343654102681562,0.03357967459919573,1.5913358799520791
28,False,"Rubber, RSS3",oni,observable,6,market_adjusted_log_return,19,0.09227174617613686,0.036207850792600346,2.5483905881260998
28,False,Coconut oil,oni,observable,12,seasonal_adjusted_log_return,18,-0.015115871732209657,0.06698386409574225,-0.2256643735960655
28,False,Palm oil,oni,observable,12,seasonal_adjusted_log_return,18,0.06576677563132824,0.06457081609862403,1.0185216728696371
28,False,"Rubber, RSS3",oni,observable,12,seasonal_adjusted_log_return,18,0.0617565595341307,0.07249446089193758,0.8518796991426267
28,False,Coconut oil,oni,observable,12,market_adjusted_log_return,18,0.30496578521220197,0.06649978954977986,4.585966170372813
28,False,Palm oil,oni,observable,12,market_adjusted_log_return,18,0.23380321730510223,0.06388385544694415,3.659816954837313
28,False,"Rubber, RSS3",oni,observable,12,market_adjusted_log_return,18,0.2497826057835522,0.0684813544175885,3.647454229079893
28,False,Coconut oil,oni,observable,18,seasonal_adjusted_log_return,18,0.10753342430302984,0.08021611548296005,1.34054639339738
28,False,Palm oil,oni,observable,18,seasonal_adjusted_log_return,18,0.11664631094991557,0.0699378997319143,1.667855503197033
28,False,"Rubber, RSS3",oni,observable,18,seasonal_adjusted_log_return,18,0.13364027620123178,0.07479066571377453,1.7868576904058584
28,False,Coconut oil,oni,observable,18,market_adjusted_log_return,18,0.5485661713511364,0.07803017944660766,7.030179543883968
28,False,Palm oil,oni,observable,18,market_adjusted_log_return,18,0.3354014591824059,0.06837022280807319,4.905665732930762
28,False,"Rubber, RSS3",oni,observable,18,market_adjusted_log_return,18,0.3931199779031699,0.07013325624209983,5.605329040278989
28,False,Coconut oil,oni,observable,24,seasonal_adjusted_log_return,18,0.25234843988582595,0.10183964057010578,2.4778999461620335
28,False,Palm oil,oni,observable,24,seasonal_adjusted_log_return,18,0.1855927691181044,0.09090996440586888,2.041500844610639
28,False,"Rubber, RSS3",oni,observable,24,seasonal_adjusted_log_return,18,0.15881621971551352,0.0940271912423762,1.6890456645262226
28,False,Coconut oil,oni,observable,24,market_adjusted_log_return,18,0.8082238601458591,0.0954899625356544,8.463966669209672
28,False,Palm oil,oni,observable,24,market_adjusted_log_return,18,0.4489450524432513,0.07708012196780648,5.824394681559522
28,False,"Rubber, RSS3",oni,observable,24,market_adjusted_log_return,18,0.48625326703453403,0.08693863809529456,5.593062850852869
29,False,Coconut oil,roni,retrospective,6,seasonal_adjusted_log_return,18,0.015331610365968591,0.05259800944270011,0.2914865130527561
29,False,Palm oil,roni,retrospective,6,seasonal_adjusted_log_return,18,0.02131678224996806,0.05064320490453909,0.4209208775422004
29,False,"Rubber, RSS3",roni,retrospective,6,seasonal_adjusted_log_return,18,0.03785336794206375,0.06149047460047044,0.615597264259433
29,False,Coconut oil,roni,retrospective,6,market_adjusted_log_return,18,0.18032935972281378,0.048023784743739306,3.7550009997144733
29,False,Palm oil,roni,retrospective,6,market_adjusted_log_return,18,0.10442819430821425,0.04852654305184625,2.151980910666604
29,False,"Rubber, RSS3",roni,retrospective,6,market_adjusted_log_return,18,0.1348889609737781,0.05566429405395656,2.4232582711464445
29,False,Coconut oil,roni,retrospective,12,seasonal_adjusted_log_return,18,0.07533209710840824,0.09174798376818033,0.8210763224917278
29,False,Palm oil,roni,retrospective,12,seasonal_adjusted_log_return,18,0.06620311642564095,0.06816181246420909,0.9712640264723502
29,False,"Rubber, RSS3",roni,retrospective,12,seasonal_adjusted_log_return,18,0.0889303037471531,0.06826725992113149,1.3026786756915898
29,False,Coconut oil,roni,retrospective,12,market_adjusted_log_return,18,0.365856940707543,0.0844167970599517,4.333935347579182
29,False,Palm oil,roni,retrospective,12,market_adjusted_log_return,18,0.20461909367991177,0.06019461548199371,3.3992923128003105
29,False,"Rubber, RSS3",roni,retrospective,12,market_adjusted_log_return,18,0.26003874613386946,0.06024283483677025,4.316509122428454
29,False,Coconut oil,roni,retrospective,18,seasonal_adjusted_log_return,18,0.25272587441696454,0.11457461304371132,2.205775500376747
29,False,Palm oil,roni,retrospective,18,seasonal_adjusted_log_return,18,0.1580596975157971,0.08993703703005304,1.7574483520396655
29,False,"Rubber, RSS3",roni,retrospective,18,seasonal_adjusted_log_return,18,0.1298270701990233,0.08271591737115583,1.569553652128094
29,False,Coconut oil,roni,retrospective,18,market_adjusted_log_return,18,0.6696813305235083,0.10232734419470566,6.5445002583987435
29,False,Palm oil,roni,retrospective,18,market_adjusted_log_return,18,0.3526857039723678,0.07268172725313281,4.852467288566893
29,False,"Rubber, RSS3",roni,retrospective,18,market_adjusted_log_return,18,0.37552551390544936,0.0762562204227686,4.924523033314734
29,False,Coconut oil,roni,retrospective,24,seasonal_adjusted_log_return,18,0.2725938268743443,0.11718291392534391,2.3262250249896597
29,False,Palm oil,roni,retrospective,24,seasonal_adjusted_log_return,18,0.17527003726872323,0.09365303693274594,1.8714826876846293
29,False,"Rubber, RSS3",roni,retrospective,24,seasonal_adjusted_log_return,18,0.19465722784218292,0.08563472683369339,2.273110863309184
29,False,Coconut oil,roni,retrospective,24,market_adjusted_log_return,18,0.8115595593446542,0.10804459803511574,7.511338596316384
29,False,Palm oil,roni,retrospective,24,market_adjusted_log_return,18,0.4216762175187751,0.07480583541378572,5.636942829209629
29,False,"Rubber, RSS3",roni,retrospective,24,market_adjusted_log_return,18,0.512415579554653,0.07876771912186159,6.505400756392279
29,False,Coconut oil,roni,observable,6,seasonal_adjusted_log_return,18,0.09505561875845167,0.06737791695562653,1.4107829842981492
29,False,Palm oil,roni,observable,6,seasonal_adjusted_log_return,18,0.04976304004269865,0.05568339310392636,0.8936782991981455
29,False,"Rubber, RSS3",roni,observable,6,seasonal_adjusted_log_return,18,0.04364468564671787,0.03786457922767787,1.1526520705349583
29,False,Coconut oil,roni,observable,6,market_adjusted_log_return,18,0.24130553657186202,0.05929707858837912,4.069433812193783
29,False,Palm oil,roni,observable,6,market_adjusted_log_return,18,0.11408624679991947,0.045441090311124116,2.5106406122476073
29,False,"Rubber, RSS3",roni,observable,6,market_adjusted_log_return,18,0.1299494741214098,0.03577766509383379,3.6321395982826825
29,False,Coconut oil,roni,observable,12,seasonal_adjusted_log_return,18,0.2724493960670079,0.09290985707177846,2.9324057172590887
29,False,Palm oil,roni,observable,12,seasonal_adjusted_log_return,18,0.14161962113285478,0.08130591834797253,1.7418119616674406
29,False,"Rubber, RSS3",roni,observable,12,seasonal_adjusted_log_return,18,0.08454145209858799,0.06928645479043075,1.2201728657397568
29,False,Coconut oil,roni,observable,12,market_adjusted_log_return,18,0.5451299263878273,0.08192948215256804,6.653647894084004
29,False,Palm oil,roni,observable,12,market_adjusted_log_return,18,0.26215285709237546,0.06569134265392094,3.990675886676039
29,False,"Rubber, RSS3",roni,observable,12,market_adjusted_log_return,18,0.2454362418929896,0.06522722108652977,3.762788569014712
29,False,Coconut oil,roni,observable,18,seasonal_adjusted_log_return,18,0.29231734852438773,0.0994859819533403,2.938276758041016
29,False,Palm oil,roni,observable,18,seasonal_adjusted_log_return,18,0.15882996088578094,0.09147459277049005,1.736328701503877
29,False,"Rubber, RSS3",roni,observable,18,seasonal_adjusted_log_return,18,0.14937160974174768,0.07151698891694484,2.0886171524253925
29,False,Coconut oil,roni,observable,18,market_adjusted_log_return,18,0.6870081552089733,0.09328586051137956,7.364547547108363
29,False,Palm oil,roni,observable,18,market_adjusted_log_return,18,0.33114337063878274,0.08025362691150084,4.126210657170035
29,False,"Rubber, RSS3",roni,observable,18,market_adjusted_log_return,18,0.3823263075421934,0.07003247468838815,5.45927170563895
29,False,Coconut oil,roni,observable,24,seasonal_adjusted_log_return,18,0.31730409593004866,0.09315198542445219,3.4063052385221306
29,False,Palm oil,roni,observable,24,seasonal_adjusted_log_return,18,0.18671750732658662,0.0986896808978672,1.8919658633795604
29,False,"Rubber, RSS3",roni,observable,24,seasonal_adjusted_log_return,18,0.13915799809858573,0.09883518663988965,1.4079803239064446
29,False,Coconut oil,roni,observable,24,market_adjusted_log_return,18,0.8516218584101751,0.09148619497053866,9.308747168733198
29,False,Palm oil,roni,observable,24,market_adjusted_log_return,18,0.4284657081081197,0.09115678448044201,4.70031617010414
29,False,"Rubber, RSS3",roni,observable,24,market_adjusted_log_return,18,0.4542559643986945,0.09533610964241832,4.764783942857475
29,False,Coconut oil,oni,retrospective,6,seasonal_adjusted_log_return,18,0.06245768693743549,0.05060518833844824,1.234215087190617
29,False,Palm oil,oni,retrospective,6,seasonal_adjusted_log_return,18,0.1190831392795207,0.05291682671181859,2.2503832274002242
29,False,"Rubber, RSS3",oni,retrospective,6,seasonal_adjusted_log_return,18,0.09029234259170421,0.061672730121677795,1.464056194910799
29,False,Coconut oil,oni,retrospective,6,market_adjusted_log_return,18,0.22991225379387098,0.04601595998959295,4.996358955585591
29,False,Palm oil,oni,retrospective,6,market_adjusted_log_return,18,0.2046566596334657,0.05186818285323994,3.94570714406051
29,False,"Rubber, RSS3",oni,retrospective,6,market_adjusted_log_return,18,0.18873415843693686,0.05649977933900494,3.34044062906
29,False,Coconut oil,oni,retrospective,12,seasonal_adjusted_log_return,18,0.18510698297267497,0.07852039142194644,2.357438362449854
29,False,Palm oil,oni,retrospective,12,seasonal_adjusted_log_return,18,0.16996267459810802,0.06876237243537751,2.471739536878806
29,False,"Rubber, RSS3",oni,retrospective,12,seasonal_adjusted_log_return,18,0.16217605925880532,0.06869373203929542,2.360856725123545
29,False,Coconut oil,oni,retrospective,12,market_adjusted_log_return,18,0.4735126399328052,0.07091275601888777,6.6773972204194685
29,False,Palm oil,oni,retrospective,12,market_adjusted_log_return,18,0.3062549015107694,0.06361537202492708,4.814165063607053
29,False,"Rubber, RSS3",oni,retrospective,12,market_adjusted_log_return,18,0.3320715305565546,0.06313178197628452,5.259973980796192
29,False,Coconut oil,oni,retrospective,18,seasonal_adjusted_log_return,18,0.3299219985554711,0.11158810234873119,2.956605512695346
29,False,Palm oil,oni,retrospective,18,seasonal_adjusted_log_return,18,0.2389091327662968,0.09705757514699694,2.4615196949280977
29,False,"Rubber, RSS3",oni,retrospective,18,seasonal_adjusted_log_return,18,0.18735200277308703,0.08997098289595383,2.0823602982057965
29,False,Coconut oil,oni,retrospective,18,market_adjusted_log_return,18,0.7331703287275281,0.10068644629893617,7.281718202177473
29,False,Palm oil,oni,retrospective,18,market_adjusted_log_return,18,0.41979849477161474,0.07823503917790407,5.365862907245511
29,False,"Rubber, RSS3",oni,retrospective,18,market_adjusted_log_return,18,0.4252048196879187,0.08121111123879614,5.235796102304656
29,False,Coconut oil,oni,retrospective,24,seasonal_adjusted_log_return,18,0.38293604401279085,0.127482011825071,3.003843746506372
29,False,Palm oil,oni,retrospective,24,seasonal_adjusted_log_return,18,0.26187113080975366,0.10337958145602277,2.533103027904524
29,False,"Rubber, RSS3",oni,retrospective,24,seasonal_adjusted_log_return,18,0.23571386930710883,0.09503837287251281,2.480196810853466
29,False,Coconut oil,oni,retrospective,24,market_adjusted_log_return,18,0.9006084134951843,0.11090798625577841,8.12032067211266
29,False,Palm oil,oni,retrospective,24,market_adjusted_log_return,18,0.48693809247127895,0.0801039432028949,6.078827995245074
29,False,"Rubber, RSS3",oni,retrospective,24,market_adjusted_log_return,18,0.5412844159363249,0.08370571835093367,6.466516584530181
29,False,Coconut oil,oni,observable,6,seasonal_adjusted_log_return,18,0.1734420979816126,0.05054886171625887,3.431177124327322
29,False,Palm oil,oni,observable,6,seasonal_adjusted_log_return,18,0.09383473826430141,0.04889124360876786,1.9192544786787475
29,False,"Rubber, RSS3",oni,observable,6,seasonal_adjusted_log_return,18,0.0751088708601844,0.048202445056845185,1.558196285927165
29,False,Coconut oil,oni,observable,6,market_adjusted_log_return,18,0.31078328089300683,0.04642006260560422,6.695020718379783
29,False,Palm oil,oni,observable,6,market_adjusted_log_return,18,0.14923002501521604,0.04582721173123209,3.256362745576184
29,False,"Rubber, RSS3",oni,observable,6,market_adjusted_log_return,18,0.15631451531587984,0.04563380444979755,3.4254105525618366
29,False,Coconut oil,oni,observable,12,seasonal_adjusted_log_return,18,0.3182571135644088,0.09280418444258479,3.4293401259434058
29,False,Palm oil,oni,observable,12,seasonal_adjusted_log_return,18,0.16278119643249025,0.08729070575922791,1.8648170502995605
29,False,"Rubber, RSS3",oni,observable,12,seasonal_adjusted_log_return,18,0.10028481437446612,0.07729371322464233,1.2974511145945813
29,False,Coconut oil,oni,observable,12,market_adjusted_log_return,18,0.5704409696877298,0.08654245014240934,6.591458512545515
29,False,Palm oil,oni,observable,12,market_adjusted_log_return,18,0.26277361827606144,0.07457350638897654,3.523685971066323
29,False,"Rubber, RSS3",oni,observable,12,market_adjusted_log_return,18,0.24944780444724396,0.07078660468236533,3.523940801604622
29,False,Coconut oil,oni,observable,18,seasonal_adjusted_log_return,18,0.3712711590217286,0.11508935056797953,3.225938431222885
29,False,Palm oil,oni,observable,18,seasonal_adjusted_log_return,18,0.18574319447594714,0.09718948094854966,1.9111450402155785
29,False,"Rubber, RSS3",oni,observable,18,seasonal_adjusted_log_return,18,0.14864668090848795,0.08829986858314307,1.6834303753070978
29,False,Coconut oil,oni,observable,18,market_adjusted_log_return,18,0.7378790544553859,0.10213095797058963,7.224832402608726
29,False,Palm oil,oni,observable,18,market_adjusted_log_return,18,0.3299132159757256,0.0830912210155634,3.9704942585201772
29,False,"Rubber, RSS3",oni,observable,18,market_adjusted_log_return,18,0.36552740069565004,0.07911109176167637,4.620431756861707
29,False,Coconut oil,oni,observable,24,seasonal_adjusted_log_return,18,0.3881038154492617,0.1129338855324373,3.436557713564093
29,False,Palm oil,oni,observable,24,seasonal_adjusted_log_return,18,0.26562588930085923,0.1171916795310326,2.266593416561804
29,False,"Rubber, RSS3",oni,observable,24,seasonal_adjusted_log_return,18,0.16490131140250436,0.1045619102874239,1.577068656733768
29,False,Coconut oil,oni,observable,24,market_adjusted_log_return,18,0.8820843804094834,0.10266544637638211,8.59183310006437
29,False,Palm oil,oni,observable,24,market_adjusted_log_return,18,0.4669500257570771,0.10321426776813118,4.5240840811473
29,False,"Rubber, RSS3",oni,observable,24,market_adjusted_log_return,18,0.45691124312318543,0.09568256815353504,4.77528197602318
30,False,Coconut oil,roni,retrospective,6,seasonal_adjusted_log_return,19,0.1596062946790698,0.061953482585274715,2.5762279700641963
30,False,Palm oil,roni,retrospective,6,seasonal_adjusted_log_return,19,0.09278146659510467,0.05244035682487596,1.7692760349619174
30,False,"Rubber, RSS3",roni,retrospective,6,seasonal_adjusted_log_return,19,0.030469086945734872,0.04784350190408558,0.6368490125747458
30,False,Coconut oil,roni,retrospective,6,market_adjusted_log_return,19,0.3087593988099602,0.05816195867421557,5.308614184391967
30,False,Palm oil,roni,retrospective,6,market_adjusted_log_return,19,0.1600141117283622,0.04698981260382221,3.405293676684006
30,False,"Rubber, RSS3",roni,retrospective,6,market_adjusted_log_return,19,0.11843558893077721,0.044601919754634636,2.655392180029884
30,False,Coconut oil,roni,retrospective,12,seasonal_adjusted_log_return,19,0.17507968675797816,0.0778093346741475,2.25011160281967
30,False,Palm oil,roni,retrospective,12,seasonal_adjusted_log_return,19,0.10852222549062128,0.07739911569756201,1.40211195583517
30,False,"Rubber, RSS3",roni,retrospective,12,seasonal_adjusted_log_return,19,0.07903896187942051,0.06683724535046952,1.182558638749544
30,False,Coconut oil,roni,retrospective,12,market_adjusted_log_return,19,0.4475507424385278,0.0765871022138401,5.843682937486185
30,False,Palm oil,roni,retrospective,12,market_adjusted_log_return,19,0.22884553570285598,0.07330027761787256,3.1220282260848813
30,False,"Rubber, RSS3",roni,retrospective,12,market_adjusted_log_return,19,0.23981385346483838,0.06456753760203339,3.714155167925841
30,False,Coconut oil,roni,retrospective,18,seasonal_adjusted_log_return,19,0.19460678367811723,0.09579503120731178,2.0314914168874285
30,False,Palm oil,roni,retrospective,18,seasonal_adjusted_log_return,19,0.13603465610591137,0.09558130449494288,1.4232349811997893
30,False,"Rubber, RSS3",roni,retrospective,18,seasonal_adjusted_log_return,19,0.07500416611365346,0.09021264010792977,0.8314152653543783
30,False,Coconut oil,roni,retrospective,18,market_adjusted_log_return,19,0.6068424344063721,0.09238342282532103,6.568737289089109
30,False,Palm oil,roni,retrospective,18,market_adjusted_log_return,19,0.32593069300719085,0.08863180615103508,3.677355874388717
30,False,"Rubber, RSS3",roni,retrospective,18,market_adjusted_log_return,19,0.3180011075719789,0.08596788244429193,3.699068751379876
30,False,Coconut oil,roni,retrospective,24,seasonal_adjusted_log_return,19,0.26100388514721223,0.1281996435519433,2.0359174012949572
30,False,Palm oil,roni,retrospective,24,seasonal_adjusted_log_return,19,0.16613875856096982,0.11444927263578673,1.4516366485759604
30,False,"Rubber, RSS3",roni,retrospective,24,seasonal_adjusted_log_return,19,0.09785653468625986,0.09729912828541358,1.005728791312613
30,False,Coconut oil,roni,retrospective,24,market_adjusted_log_return,19,0.7833699280181056,0.11586766804211915,6.760901822356018
30,False,Palm oil,roni,retrospective,24,market_adjusted_log_return,19,0.39590950151233595,0.10259247378728155,3.8590501515074793
30,False,"Rubber, RSS3",roni,retrospective,24,market_adjusted_log_return,19,0.4061136262457416,0.08805045924126341,4.612282885804905
30,False,Coconut oil,roni,observable,6,seasonal_adjusted_log_return,19,0.031855816444242235,0.04248989139409804,0.7497269444342965
30,False,Palm oil,roni,observable,6,seasonal_adjusted_log_return,19,0.03395862545807137,0.056496750804708736,0.601072185114778
30,False,"Rubber, RSS3",roni,observable,6,seasonal_adjusted_log_return,19,0.049500197955349254,0.05032508614861163,0.9836088071299778
30,False,Coconut oil,roni,observable,6,market_adjusted_log_return,19,0.17566067394108267,0.040953644281112776,4.2892562316388245
30,False,Palm oil,roni,observable,6,market_adjusted_log_return,19,0.09583150642189704,0.0550455057613888,1.7409506025307016
30,False,"Rubber, RSS3",roni,observable,6,market_adjusted_log_return,19,0.13440549314323327,0.04688925147358773,2.866445697452488
30,False,Coconut oil,roni,observable,12,seasonal_adjusted_log_return,19,0.05138291336438127,0.09045857703998382,0.568026991422487
30,False,Palm oil,roni,observable,12,seasonal_adjusted_log_return,19,0.06147105607336141,0.08092188067287309,0.7596345458388234
30,False,"Rubber, RSS3",roni,observable,12,seasonal_adjusted_log_return,19,0.04546540218958223,0.0859621350623384,0.5289003368356479
30,False,Coconut oil,roni,observable,12,market_adjusted_log_return,19,0.334952365908927,0.07940819316664086,4.218108390981996
30,False,Palm oil,roni,observable,12,market_adjusted_log_return,19,0.19291666372623187,0.07030120715033573,2.744144397317231
30,False,"Rubber, RSS3",roni,observable,12,market_adjusted_log_return,19,0.21259274725037375,0.07805578171599083,2.7236002583883048
30,False,Coconut oil,roni,observable,18,seasonal_adjusted_log_return,19,0.11778001483347626,0.13322444558749555,0.8840720958836634
30,False,Palm oil,roni,observable,18,seasonal_adjusted_log_return,19,0.09157515852841988,0.09557581423354095,0.9581415472397086
30,False,"Rubber, RSS3",roni,observable,18,seasonal_adjusted_log_return,19,0.0683177707621886,0.09653588061094664,0.7076930394152507
30,False,Coconut oil,roni,observable,18,market_adjusted_log_return,19,0.5114798595206606,0.11540866593714524,4.4319016719180055
30,False,Palm oil,roni,observable,18,market_adjusted_log_return,19,0.26289547223137694,0.08096130485815317,3.2471743469547376
30,False,"Rubber, RSS3",roni,observable,18,market_adjusted_log_return,19,0.30070526592413643,0.08506383410105452,3.5350542225371977
30,False,Coconut oil,roni,observable,24,seasonal_adjusted_log_return,18,0.07448191685834193,0.141771611913553,0.5253655217220653
30,False,Palm oil,roni,observable,24,seasonal_adjusted_log_return,18,0.04056000010043795,0.0968231227810643,0.4189082001842877
30,False,"Rubber, RSS3",roni,observable,24,seasonal_adjusted_log_return,18,-0.002262081947249207,0.09548515721413424,-0.023690403966935725
30,False,Coconut oil,roni,observable,24,market_adjusted_log_return,18,0.6211278505693834,0.1311837558800864,4.73479240171435
30,False,Palm oil,roni,observable,24,market_adjusted_log_return,18,0.29466292102845837,0.08531174679544141,3.4539548432292038
30,False,"Rubber, RSS3",roni,observable,24,market_adjusted_log_return,18,0.31989223088114804,0.08531991497698137,3.749326648619521
30,False,Coconut oil,oni,retrospective,6,seasonal_adjusted_log_return,19,0.15132739024863992,0.0664853250319406,2.276102134958953
30,False,Palm oil,oni,retrospective,6,seasonal_adjusted_log_return,19,0.08514379367641134,0.062349772651905555,1.3655830655833057
30,False,"Rubber, RSS3",oni,retrospective,6,seasonal_adjusted_log_return,19,0.035234402179672816,0.04925160710760339,0.7153959890627282
30,False,Coconut oil,oni,retrospective,6,market_adjusted_log_return,19,0.2912423921760407,0.062354489593105494,4.67075256451531
30,False,Palm oil,oni,retrospective,6,market_adjusted_log_return,19,0.14311844220409367,0.05598266137796443,2.556478000176446
30,False,"Rubber, RSS3",oni,retrospective,6,market_adjusted_log_return,19,0.11791323828219563,0.046372562609655985,2.5427371628076254
30,False,Coconut oil,oni,retrospective,12,seasonal_adjusted_log_return,19,0.19820234411696513,0.09805578441931427,2.0213223043466346
30,False,Palm oil,oni,retrospective,12,seasonal_adjusted_log_return,19,0.10633349200506235,0.08486524679754992,1.2529686298883447
30,False,"Rubber, RSS3",oni,retrospective,12,seasonal_adjusted_log_return,19,0.0682027381678594,0.07087536282734151,0.9622912031365137
30,False,Coconut oil,oni,retrospective,12,market_adjusted_log_return,19,0.45424833617498644,0.08672981542039014,5.237510698866227
30,False,Palm oil,oni,retrospective,12,market_adjusted_log_return,19,0.21019636695535707,0.07533929340139567,2.7899965272499245
30,False,"Rubber, RSS3",oni,retrospective,12,market_adjusted_log_return,19,0.21957632127865906,0.06499490835560533,3.3783618876311907
30,False,Coconut oil,oni,retrospective,18,seasonal_adjusted_log_return,19,0.21000451274203571,0.10809103240637313,1.9428486162710912
30,False,Palm oil,oni,retrospective,18,seasonal_adjusted_log_return,19,0.1831044842474006,0.10859006675693259,1.6861992051009664
30,False,"Rubber, RSS3",oni,retrospective,18,seasonal_adjusted_log_return,19,0.08924311916362984,0.09249512991150743,0.9648412759570274
30,False,Coconut oil,oni,retrospective,18,market_adjusted_log_return,19,0.594205776013995,0.09763859637353411,6.085767289615198
30,False,Palm oil,oni,retrospective,18,market_adjusted_log_return,19,0.3449057611868636,0.0969162111473257,3.5588036005922725
30,False,"Rubber, RSS3",oni,retrospective,18,market_adjusted_log_return,19,0.31619385645309517,0.0863811333854484,3.6604504254671033
30,False,Coconut oil,oni,retrospective,24,seasonal_adjusted_log_return,18,0.20169905244757316,0.1208990441680909,1.668326278635774
30,False,Palm oil,oni,retrospective,24,seasonal_adjusted_log_return,18,0.12654448905812293,0.11542637172474247,1.0963221590287344
30,False,"Rubber, RSS3",oni,retrospective,24,seasonal_adjusted_log_return,18,0.09700007188851698,0.10229529113588184,0.9482359433306556
30,False,Coconut oil,oni,retrospective,24,market_adjusted_log_return,18,0.7101255910376654,0.1095636182853744,6.481399593686654
30,False,Palm oil,oni,retrospective,24,market_adjusted_log_return,18,0.34234570878140524,0.10515632481290078,3.2555883765481846
30,False,"Rubber, RSS3",oni,retrospective,24,market_adjusted_log_return,18,0.3972785289209867,0.09101464197906517,4.364995788395972
30,False,Coconut oil,oni,observable,6,seasonal_adjusted_log_return,19,0.0216963883260072,0.06058638669444377,0.3581066557975956
30,False,Palm oil,oni,observable,6,seasonal_adjusted_log_return,19,0.0010454536056476883,0.05482104058885149,0.0190702984550843
30,False,"Rubber, RSS3",oni,observable,6,seasonal_adjusted_log_return,19,-0.005596975652449915,0.04886057074752951,-0.114549944194684
30,False,Coconut oil,oni,observable,6,market_adjusted_log_return,19,0.15836154751742906,0.04884384952770538,3.2422003803693373
30,False,Palm oil,oni,observable,6,market_adjusted_log_return,19,0.055763260808606205,0.047686825545441354,1.1693640784595467
30,False,"Rubber, RSS3",oni,observable,6,market_adjusted_log_return,19,0.07522172920449095,0.044374076695078604,1.6951728307810305
30,False,Coconut oil,oni,observable,12,seasonal_adjusted_log_return,19,0.03349855695107782,0.09250324845513236,0.3621338440598214
30,False,Palm oil,oni,observable,12,seasonal_adjusted_log_return,19,0.07781644584798594,0.08274995703260389,0.9403804985339858
30,False,"Rubber, RSS3",oni,observable,12,seasonal_adjusted_log_return,19,0.015443405343320499,0.08684027356006171,0.17783690343443367
30,False,Coconut oil,oni,observable,12,market_adjusted_log_return,19,0.2983189873564375,0.07762312765688235,3.843171440799158
30,False,Palm oil,oni,observable,12,market_adjusted_log_return,19,0.1904726550401128,0.06734425962337898,2.8283428477100525
30,False,"Rubber, RSS3",oni,observable,12,market_adjusted_log_return,19,0.1718392643789272,0.07939383270887261,2.164390589493778
30,False,Coconut oil,oni,observable,18,seasonal_adjusted_log_return,18,0.030077685967702033,0.1298985558976956,0.23154750073888702
30,False,Palm oil,oni,observable,18,seasonal_adjusted_log_return,18,0.017512344697662136,0.09880661432106869,0.17723858689010813
30,False,"Rubber, RSS3",oni,observable,18,seasonal_adjusted_log_return,18,0.011035352650458376,0.10052464259759744,0.10977758652306935
30,False,Coconut oil,oni,observable,18,market_adjusted_log_return,18,0.4200912660106853,0.11282296586137909,3.72345526288357
30,False,Palm oil,oni,observable,18,market_adjusted_log_return,18,0.18513845532605552,0.08395994191795715,2.2050807932545573
30,False,"Rubber, RSS3",oni,observable,18,market_adjusted_log_return,18,0.2413129192400944,0.09038421699582529,2.669856831876303
30,False,Coconut oil,oni,observable,24,seasonal_adjusted_log_return,18,-0.021877310438558475,0.1425763585384385,-0.15344276332222614
30,False,Palm oil,oni,observable,24,seasonal_adjusted_log_return,18,-0.026515048749385556,0.10573249207483854,-0.2507748396833202
30,False,"Rubber, RSS3",oni,observable,24,seasonal_adjusted_log_return,18,-0.05433794759735214,0.10413516072649381,-0.5218021196516731
30,False,Coconut oil,oni,observable,24,market_adjusted_log_return,18,0.5232193991085272,0.12960755600296525,4.036951357192143
30,False,Palm oil,oni,observable,24,market_adjusted_log_return,18,0.2260353117354562,0.09319143691308612,2.425494436213762
30,False,"Rubber, RSS3",oni,observable,24,market_adjusted_log_return,18,0.26692962685386745,0.09443876846447227,2.8264835638373027
31,False,Coconut oil,roni,retrospective,6,seasonal_adjusted_log_return,19,0.03199387212822575,0.07669315442787931,0.4171672474146586
31,False,Palm oil,roni,retrospective,6,seasonal_adjusted_log_return,19,0.035452134158823076,0.06707548463123403,0.528540857419532
31,False,"Rubber, RSS3",roni,retrospective,6,seasonal_adjusted_log_return,19,0.032479674104377965,0.06448644292901151,0.5036667030949823
31,False,Coconut oil,roni,retrospective,6,market_adjusted_log_return,19,0.1952480377893089,0.06695928965693819,2.9159215814512107
31,False,Palm oil,roni,retrospective,6,market_adjusted_log_return,19,0.11681620768569818,0.05817603400923125,2.0079781936864594
31,False,"Rubber, RSS3",roni,retrospective,6,market_adjusted_log_return,19,0.1285172820718098,0.056729891186540725,2.2654244417500444
31,False,Coconut oil,roni,retrospective,12,seasonal_adjusted_log_return,19,0.09839097359732075,0.1247844423944769,0.7884875046063887
31,False,Palm oil,roni,retrospective,12,seasonal_adjusted_log_return,19,0.0655562366138815,0.08016460086345792,0.8177703862773742
31,False,"Rubber, RSS3",roni,retrospective,12,seasonal_adjusted_log_return,19,0.05533204267698433,0.0741208047759304,0.7465116284726655
31,False,Coconut oil,roni,retrospective,12,market_adjusted_log_return,19,0.37177553140104236,0.11048191181125586,3.36503528320702
31,False,Palm oil,roni,retrospective,12,market_adjusted_log_return,19,0.1867950161908433,0.06389000954398967,2.9236967958539877
31,False,"Rubber, RSS3",roni,retrospective,12,market_adjusted_log_return,19,0.21662980074557245,0.06409236317697053,3.379962760109479
31,False,Coconut oil,roni,retrospective,18,seasonal_adjusted_log_return,18,0.0725586233399542,0.14330205125387754,0.506333459326465
31,False,Palm oil,roni,retrospective,18,seasonal_adjusted_log_return,18,0.0005311805315558379,0.10062420403587308,0.005278854492766662
31,False,"Rubber, RSS3",roni,retrospective,18,seasonal_adjusted_log_return,18,-0.023316234607205593,0.0766591311321399,-0.3041546944618329
31,False,Coconut oil,roni,retrospective,18,market_adjusted_log_return,18,0.5013848628918406,0.13100236712084545,3.827296207780194
31,False,Palm oil,roni,retrospective,18,market_adjusted_log_return,18,0.2070535343570686,0.08354634273086038,2.478307578634284
31,False,"Rubber, RSS3",roni,retrospective,18,market_adjusted_log_return,18,0.22917675794054052,0.06865785662713535,3.3379538657191925
31,False,Coconut oil,roni,retrospective,24,seasonal_adjusted_log_return,18,0.043516968610913004,0.13159867976136966,0.3306793707187879
31,False,Palm oil,roni,retrospective,24,seasonal_adjusted_log_return,18,-0.023891895509767187,0.10205070305144312,-0.23411789233557198
31,False,"Rubber, RSS3",roni,retrospective,24,seasonal_adjusted_log_return,18,-0.019156566355542772,0.07316272544163117,-0.2618350565798123
31,False,Coconut oil,roni,retrospective,24,market_adjusted_log_return,18,0.6241899462039718,0.12121205771462143,5.149569753807404
31,False,Palm oil,roni,retrospective,24,market_adjusted_log_return,18,0.2643113470880526,0.08756896759108264,3.018322064984218
31,False,"Rubber, RSS3",roni,retrospective,24,market_adjusted_log_return,18,0.3224740019910036,0.06462249160198512,4.990120219708422
31,False,Coconut oil,roni,observable,6,seasonal_adjusted_log_return,19,0.07425588184094876,0.07535487023602021,0.985415827913587
31,False,Palm oil,roni,observable,6,seasonal_adjusted_log_return,19,0.03309587272598082,0.029604867410238742,1.1179199780686986
31,False,"Rubber, RSS3",roni,observable,6,seasonal_adjusted_log_return,19,0.02862343519080228,0.04768076205594716,0.6003141299884514
31,False,Coconut oil,roni,observable,6,market_adjusted_log_return,19,0.20994366896794692,0.06887830903297015,3.04803750143536
31,False,Palm oil,roni,observable,6,market_adjusted_log_return,19,0.08683420307801205,0.027865427719651642,3.116198464693712
31,False,"Rubber, RSS3",roni,observable,6,market_adjusted_log_return,19,0.1088827159576277,0.04393795944115827,2.4781013352120613
31,False,Coconut oil,roni,observable,12,seasonal_adjusted_log_return,18,0.03877610849391075,0.1138319595418316,0.34064342430704697
31,False,Palm oil,roni,observable,12,seasonal_adjusted_log_return,18,-0.031642688373840405,0.06186046139805845,-0.5115171736309349
31,False,"Rubber, RSS3",roni,observable,12,seasonal_adjusted_log_return,18,-0.05148355253484782,0.08100938236590134,-0.6355257999907724
31,False,Coconut oil,roni,observable,12,market_adjusted_log_return,18,0.3309667940012315,0.10369340185285356,3.1917825829544197
31,False,Palm oil,roni,observable,12,market_adjusted_log_return,18,0.10844271820603216,0.05410047762702898,2.0044687766648
31,False,"Rubber, RSS3",roni,observable,12,market_adjusted_log_return,18,0.1205783774004539,0.07330426642706923,1.6449025858599637
31,False,Coconut oil,roni,observable,18,seasonal_adjusted_log_return,18,0.009734453764869526,0.13025579009102822,0.0747333670009347
31,False,Palm oil,roni,observable,18,seasonal_adjusted_log_return,18,-0.05606576441516341,0.08003173984636931,-0.7005441156569692
31,False,"Rubber, RSS3",roni,observable,18,seasonal_adjusted_log_return,18,-0.047323884283185014,0.08670939882788599,-0.5457757166223774
31,False,Coconut oil,roni,observable,18,market_adjusted_log_return,18,0.45377187731336277,0.11962644614582596,3.793240474269459
31,False,Palm oil,roni,observable,18,market_adjusted_log_return,18,0.1657005309370162,0.07678111956422995,2.158089539165969
31,False,"Rubber, RSS3",roni,observable,18,market_adjusted_log_return,18,0.21387562145091704,0.07908068992861784,2.704523969681749
31,False,Coconut oil,roni,observable,24,seasonal_adjusted_log_return,18,-0.004723309726950027,0.1533563420675318,-0.030799572181175766
31,False,Palm oil,roni,observable,24,seasonal_adjusted_log_return,18,-0.047134449275246376,0.09107569488079978,-0.5175304930358876
31,False,"Rubber, RSS3",roni,observable,24,seasonal_adjusted_log_return,18,0.0230160902073994,0.11077789016633446,0.20776790542625823
31,False,Coconut oil,roni,observable,24,market_adjusted_log_return,18,0.5686799610458455,0.14594704739519207,3.896481437585969
31,False,Palm oil,roni,observable,24,market_adjusted_log_return,18,0.23378343107142807,0.08806996805666713,2.6545193126560926
31,False,"Rubber, RSS3",roni,observable,24,market_adjusted_log_return,18,0.36048565449892395,0.0999883665159563,3.605275964193265
31,False,Coconut oil,oni,retrospective,6,seasonal_adjusted_log_return,19,0.014393122590872328,0.08439122676684505,0.1705523564746541
31,False,Palm oil,oni,retrospective,6,seasonal_adjusted_log_return,19,0.07608232623926754,0.07296301215616896,1.0427519916039383
31,False,"Rubber, RSS3",oni,retrospective,6,seasonal_adjusted_log_return,19,0.021158196022780455,0.06757589104375782,0.3131027308109006
31,False,Coconut oil,oni,retrospective,6,market_adjusted_log_return,19,0.16481501330816292,0.07509644059554373,2.1947113871325503
31,False,Palm oil,oni,retrospective,6,market_adjusted_log_return,19,0.14458649031130197,0.0627710599171934,2.303394119870498
31,False,"Rubber, RSS3",oni,retrospective,6,market_adjusted_log_return,19,0.10985092070998918,0.05905039047433641,1.8602911822866088
31,False,Coconut oil,oni,retrospective,12,seasonal_adjusted_log_return,18,0.01876053317650729,0.14343769282590066,0.130792212332069
31,False,Palm oil,oni,retrospective,12,seasonal_adjusted_log_return,18,0.016859552284685202,0.09413916132708268,0.17909180459030621
31,False,"Rubber, RSS3",oni,retrospective,12,seasonal_adjusted_log_return,18,0.013173137331581724,0.07711509033310876,0.17082437788348073
31,False,Coconut oil,oni,retrospective,12,market_adjusted_log_return,18,0.2972016867804929,0.12677307832295154,2.344359628338269
31,False,Palm oil,oni,retrospective,12,market_adjusted_log_return,18,0.14316581712251863,0.07541595373201075,1.89834922238411
31,False,"Rubber, RSS3",oni,retrospective,12,market_adjusted_log_return,18,0.17736516832612292,0.06591257884514021,2.690915321987894
31,False,Coconut oil,oni,retrospective,18,seasonal_adjusted_log_return,18,-0.0331944632297532,0.1654354123811323,-0.20064907961349507
31,False,Palm oil,oni,retrospective,18,seasonal_adjusted_log_return,18,-0.027167841162362507,0.11194523045219286,-0.24268868850080003
31,False,"Rubber, RSS3",oni,retrospective,18,seasonal_adjusted_log_return,18,-0.0522001629162288,0.08158572226764096,-0.6398198295651144
31,False,Coconut oil,oni,retrospective,18,market_adjusted_log_return,18,0.40032981987833477,0.14893429457883245,2.6879626415824336
31,False,Palm oil,oni,retrospective,18,market_adjusted_log_return,18,0.18406267353191935,0.09292954882610832,1.9806689675889981
31,False,"Rubber, RSS3",oni,retrospective,18,market_adjusted_log_return,18,0.20298187593989592,0.07211343537663695,2.814758094379418
31,False,Coconut oil,oni,retrospective,24,seasonal_adjusted_log_return,18,-0.05300614995154105,0.15822508915301703,-0.33500470902108087
31,False,Palm oil,oni,retrospective,24,seasonal_adjusted_log_return,18,-0.05528314264376629,0.11453761368281562,-0.4826636496623691
31,False,"Rubber, RSS3",oni,retrospective,24,seasonal_adjusted_log_return,18,-0.02851488927026972,0.07561313976762445,-0.37711552989205516
31,False,Coconut oil,oni,retrospective,24,market_adjusted_log_return,18,0.5300270511477277,0.14363756629849048,3.6900308520007132
31,False,Palm oil,oni,retrospective,24,market_adjusted_log_return,18,0.23528540623964947,0.0958061281871642,2.455849231063825
31,False,"Rubber, RSS3",oni,retrospective,24,market_adjusted_log_return,18,0.3144666138282426,0.0645359508014605,4.872735427663769
31,False,Coconut oil,oni,observable,6,seasonal_adjusted_log_return,18,0.01007586319077983,0.0903986912613678,0.11146027724724136
31,False,Palm oil,oni,observable,6,seasonal_adjusted_log_return,18,-0.03405916042079867,0.05018568142361975,-0.6786629065231506
31,False,"Rubber, RSS3",oni,observable,6,seasonal_adjusted_log_return,18,-0.0045044671377935195,0.05051979705256335,-0.08916241553992872
31,False,Coconut oil,oni,observable,6,market_adjusted_log_return,18,0.15377318075916585,0.08365543455947275,1.8381732348762667
31,False,Palm oil,oni,observable,6,market_adjusted_log_return,18,0.027705949025602236,0.04589006436474145,0.6037461356643782
31,False,"Rubber, RSS3",oni,observable,6,market_adjusted_log_return,18,0.08033927480049745,0.04787995539908411,1.677931278984321
31,False,Coconut oil,oni,observable,12,seasonal_adjusted_log_return,18,-0.04187913321548066,0.1327937834792001,-0.31536968160893103
31,False,Palm oil,oni,observable,12,seasonal_adjusted_log_return,18,-0.07808655386784637,0.08434665984831512,-0.9257812224962243
31,False,"Rubber, RSS3",oni,observable,12,seasonal_adjusted_log_return,18,-0.06987776738560406,0.0926004928170923,-0.7546155021402429
31,False,Coconut oil,oni,observable,12,market_adjusted_log_return,18,0.25690131385700776,0.11956160382677206,2.148694109433507
31,False,Palm oil,oni,observable,12,market_adjusted_log_return,18,0.06860280543500293,0.07413651122507663,0.9253578877852303
31,False,"Rubber, RSS3",oni,observable,12,market_adjusted_log_return,18,0.10595598241427044,0.08467700056699418,1.2512958855981313
31,False,Coconut oil,oni,observable,18,seasonal_adjusted_log_return,18,-0.061690819937268514,0.15547241234351136,-0.39679592673306313
31,False,Palm oil,oni,observable,18,seasonal_adjusted_log_return,18,-0.10620185534925015,0.10143760682036504,-1.0469672804615953
31,False,"Rubber, RSS3",oni,observable,18,seasonal_adjusted_log_return,18,-0.04619249373964497,0.09504086013738211,-0.48602773241817737
31,False,Coconut oil,oni,observable,18,market_adjusted_log_return,18,0.38659854512640074,0.1427151101364058,2.7088830661090713
31,False,Palm oil,oni,observable,18,market_adjusted_log_return,18,0.11982553814273302,0.09360899675480222,1.2800643345917053
31,False,"Rubber, RSS3",oni,observable,18,market_adjusted_log_return,18,0.21744072030261716,0.08736695721160571,2.488821028480692
31,False,Coconut oil,oni,observable,24,seasonal_adjusted_log_return,18,-0.010043493999594835,0.1335701330654414,-0.0751926629785876
31,False,Palm oil,oni,observable,24,seasonal_adjusted_log_return,18,-0.046380950087795615,0.08630680993128258,-0.537396181422116
31,False,"Rubber, RSS3",oni,observable,24,seasonal_adjusted_log_return,18,0.0061616083659407385,0.11618222623715972,0.053034001546529236
31,False,Coconut oil,oni,observable,24,market_adjusted_log_return,18,0.5704369989816307,0.12747660450166404,4.474836784456276
31,False,Palm oil,oni,observable,24,market_adjusted_log_return,18,0.241629393379475,0.0838694962839579,2.8810163895749135
31,False,"Rubber, RSS3",oni,observable,24,market_adjusted_log_return,18,0.34768200318414966,0.10555083025591679,3.293976962011248
32,False,Coconut oil,roni,retrospective,6,seasonal_adjusted_log_return,18,-0.03083841709933194,0.07566790659950691,-0.4075494946959838
32,False,Palm oil,roni,retrospective,6,seasonal_adjusted_log_return,18,-0.07918322653747072,0.06095591617117951,-1.2990244673725246
32,False,"Rubber, RSS3",roni,retrospective,6,seasonal_adjusted_log_return,18,-0.07838967713984324,0.060955409160575263,-1.2860167492820984
32,False,Coconut oil,roni,retrospective,6,market_adjusted_log_return,18,0.1459346782654725,0.062344698320278925,2.3407712635928206
32,False,Palm oil,roni,retrospective,6,market_adjusted_log_return,18,0.0157288899262736,0.049646274501450365,0.31681913868107253
32,False,"Rubber, RSS3",roni,retrospective,6,market_adjusted_log_return,18,0.025385838656270688,0.0515550531120675,0.49240253135009615
32,False,Coconut oil,roni,retrospective,12,seasonal_adjusted_log_return,18,-0.05988007182837315,0.11105181806737882,-0.5392083882142472
32,False,Palm oil,roni,retrospective,12,seasonal_adjusted_log_return,18,-0.10360630257879373,0.07967485422520826,-1.3003638800008475
32,False,"Rubber, RSS3",roni,retrospective,12,seasonal_adjusted_log_return,18,-0.07423000888818039,0.06498684305074277,-1.1422313410457623
32,False,Coconut oil,roni,retrospective,12,market_adjusted_log_return,18,0.26873976157760376,0.0999488493826553,2.688772939733709
32,False,Palm oil,roni,retrospective,12,market_adjusted_log_return,18,0.07298670265725767,0.07285423921101944,1.0018181981950913
32,False,"Rubber, RSS3",roni,retrospective,12,market_adjusted_log_return,18,0.11868308270673385,0.05780777073599541,2.053064513571234
32,False,Coconut oil,roni,retrospective,18,seasonal_adjusted_log_return,18,-0.07433783532019272,0.14179934539364789,-0.5242466748617501
32,False,Palm oil,roni,retrospective,18,seasonal_adjusted_log_return,18,-0.09467498743887667,0.08899134350797583,-1.0638673797569025
32,False,"Rubber, RSS3",roni,retrospective,18,seasonal_adjusted_log_return,18,-0.003890034397596003,0.08281485492324593,-0.046972664520167864
32,False,Coconut oil,roni,retrospective,18,market_adjusted_log_return,18,0.38364784531008644,0.13496946091023804,2.8424789039146634
32,False,Palm oil,roni,retrospective,18,market_adjusted_log_return,18,0.14106960279166952,0.0837333246914731,1.684748614861046
32,False,"Rubber, RSS3",roni,retrospective,18,market_adjusted_log_return,18,0.2652931157547408,0.07536866615088027,3.519939111349688
32,False,Coconut oil,roni,retrospective,24,seasonal_adjusted_log_return,17,-0.03167065659353689,0.1260060155262917,-0.25134241775091026
32,False,Palm oil,roni,retrospective,24,seasonal_adjusted_log_return,17,-0.06607673407151232,0.07775663559439709,-0.8497890059980118
32,False,"Rubber, RSS3",roni,retrospective,24,seasonal_adjusted_log_return,17,-0.004684160705017273,0.09048579803907841,-0.051766805471443245
32,False,Coconut oil,roni,retrospective,24,market_adjusted_log_return,17,0.5773341233369687,0.1290152261574623,4.474930134465957
32,False,Palm oil,roni,retrospective,24,market_adjusted_log_return,17,0.25051932385701836,0.07463220470649565,3.3567187897266324
32,False,"Rubber, RSS3",roni,retrospective,24,market_adjusted_log_return,17,0.35316284488265615,0.0844027181211292,4.1842591416999175
32,False,Coconut oil,roni,observable,6,seasonal_adjusted_log_return,19,-0.05999015895063481,0.0683068632263743,-0.8782449686179076
32,False,Palm oil,roni,observable,6,seasonal_adjusted_log_return,19,-0.029722859200742954,0.048576218413938256,-0.6118808785702924
32,False,"Rubber, RSS3",roni,observable,6,seasonal_adjusted_log_return,19,-0.007167436274805735,0.03784023176510977,-0.18941311774454833
32,False,Coconut oil,roni,observable,6,market_adjusted_log_return,19,0.11188636011068791,0.06802752196875704,1.6447219724110176
32,False,Palm oil,roni,observable,6,market_adjusted_log_return,19,0.06028213610347897,0.047213834870219615,1.276789658564724
32,False,"Rubber, RSS3",roni,observable,6,market_adjusted_log_return,19,0.09380539787839523,0.036501388239529704,2.569913156804467
32,False,Coconut oil,roni,observable,12,seasonal_adjusted_log_return,19,-0.07452494810132115,0.10785371230610957,-0.6909817613862471
32,False,Palm oil,roni,observable,12,seasonal_adjusted_log_return,19,-0.018163218380883632,0.07740744824668712,-0.23464432418699424
32,False,"Rubber, RSS3",roni,observable,12,seasonal_adjusted_log_return,19,0.05675916223496873,0.075859979087024,0.7482095687089043
32,False,Coconut oil,roni,observable,12,market_adjusted_log_return,19,0.22713656817947284,0.10646062610703003,2.133526511023159
32,False,Palm oil,roni,observable,12,market_adjusted_log_return,19,0.13141341455927674,0.07112683985964492,1.8475924815244953
32,False,"Rubber, RSS3",roni,observable,12,market_adjusted_log_return,19,0.23424196624775084,0.06939408208364699,3.375532310743699
32,False,Coconut oil,roni,observable,18,seasonal_adjusted_log_return,18,-0.017056643661740083,0.11563033445433712,-0.14751011265539338
32,False,Palm oil,roni,observable,18,seasonal_adjusted_log_return,18,-0.001683739639596239,0.07014090514349909,-0.02400510281627431
32,False,"Rubber, RSS3",roni,observable,18,seasonal_adjusted_log_return,18,0.04993888557621265,0.09231233962431071,0.5409773577341019
32,False,Coconut oil,roni,observable,18,market_adjusted_log_return,18,0.4355264963221121,0.11899102393190618,3.6601626066462507
32,False,Palm oil,roni,observable,18,market_adjusted_log_return,18,0.22864667548610967,0.0654087680213297,3.4956578820067112
32,False,"Rubber, RSS3",roni,observable,18,market_adjusted_log_return,18,0.31602975235413006,0.08634724182244359,3.6599866502277414
32,False,Coconut oil,roni,observable,24,seasonal_adjusted_log_return,18,0.07561633115729587,0.12092237540733008,0.6253295215428935
32,False,Palm oil,roni,observable,24,seasonal_adjusted_log_return,18,0.03871724999947398,0.08868761660131436,0.43655756556772984
32,False,"Rubber, RSS3",roni,observable,24,seasonal_adjusted_log_return,18,0.11096179379565752,0.12008694047617745,0.9240121644840293
32,False,Coconut oil,roni,observable,24,market_adjusted_log_return,18,0.6493231820978762,0.1155417805984212,5.619812839432291
32,False,Palm oil,roni,observable,24,market_adjusted_log_return,18,0.31993936427872066,0.07819751621334864,4.091426170184491
32,False,"Rubber, RSS3",roni,observable,24,market_adjusted_log_return,18,0.4486051200201469,0.11262851542054064,3.9830509915283185
32,False,Coconut oil,oni,retrospective,6,seasonal_adjusted_log_return,18,-0.053118534999915555,0.06748089924982538,-0.7871640062658621
32,False,Palm oil,oni,retrospective,6,seasonal_adjusted_log_return,18,-0.07000116339718897,0.056026143368578946,-1.2494374802254837
32,False,"Rubber, RSS3",oni,retrospective,6,seasonal_adjusted_log_return,18,-0.0785840438651922,0.06603104759995801,-1.1901074830931833
32,False,Coconut oil,oni,retrospective,6,market_adjusted_log_return,18,0.12691016876027647,0.05519094232051233,2.299474577246145
32,False,Palm oil,oni,retrospective,6,market_adjusted_log_return,18,0.028173572467128302,0.05074539721257131,0.5551946386213088
32,False,"Rubber, RSS3",oni,retrospective,6,market_adjusted_log_return,18,0.02705490330025997,0.05793926923431085,0.4669527879415922
32,False,Coconut oil,oni,retrospective,12,seasonal_adjusted_log_return,18,-0.07293022172170341,0.11442755617172168,-0.6373484164273934
32,False,Palm oil,oni,retrospective,12,seasonal_adjusted_log_return,18,-0.09811646487859274,0.07817542512627847,-1.255080669150223
32,False,"Rubber, RSS3",oni,retrospective,12,seasonal_adjusted_log_return,18,-0.05489877021923312,0.06994748657715145,-0.7848569391936658
32,False,Coconut oil,oni,retrospective,12,market_adjusted_log_return,18,0.2566074000296695,0.10385244536698174,2.4708845239310446
32,False,Palm oil,oni,retrospective,12,market_adjusted_log_return,18,0.0793963051748584,0.0721813252788401,1.0999563234416447
32,False,"Rubber, RSS3",oni,retrospective,12,market_adjusted_log_return,18,0.13853964118860673,0.06401382795009969,2.1642142897094314
32,False,Coconut oil,oni,retrospective,18,seasonal_adjusted_log_return,18,-0.021282895784029737,0.11783373872360675,-0.1806180132665682
32,False,Palm oil,oni,retrospective,18,seasonal_adjusted_log_return,18,-0.0382955596171382,0.06987987679732355,-0.5480198502382727
32,False,"Rubber, RSS3",oni,retrospective,18,seasonal_adjusted_log_return,18,-0.002544668113647431,0.09018912681387041,-0.028214799317206385
32,False,Coconut oil,oni,retrospective,18,market_adjusted_log_return,18,0.4404458538848995,0.11383019710894715,3.8693234754161736
32,False,Palm oil,oni,retrospective,18,market_adjusted_log_return,18,0.2012001604116004,0.06727469395493232,2.990725763039301
32,False,"Rubber, RSS3",oni,retrospective,18,market_adjusted_log_return,18,0.2687809240701392,0.08256771200114718,3.2552788197207745
32,False,Coconut oil,oni,retrospective,24,seasonal_adjusted_log_return,18,-0.01798373717738666,0.12112889031504802,-0.14846777784071316
32,False,Palm oil,oni,retrospective,24,seasonal_adjusted_log_return,18,-0.0454292216772832,0.06666386740301335,-0.6814669392437575
32,False,"Rubber, RSS3",oni,retrospective,24,seasonal_adjusted_log_return,18,0.022930478900775708,0.0930784671354775,0.24635643029445203
32,False,Coconut oil,oni,retrospective,24,market_adjusted_log_return,18,0.58128204870379,0.12274781115574901,4.735579748678599
32,False,Palm oil,oni,retrospective,24,market_adjusted_log_return,18,0.26140686912116445,0.06626863127151045,3.944654719819842
32,False,"Rubber, RSS3",oni,retrospective,24,market_adjusted_log_return,18,0.3752031202488712,0.08662363182294133,4.331417563001586
32,False,Coconut oil,oni,observable,6,seasonal_adjusted_log_return,19,-0.018076198852013586,0.07031858686449263,-0.25706146351955717
32,False,Palm oil,oni,observable,6,seasonal_adjusted_log_return,19,-0.0402284867569676,0.04090567131989065,-0.9834452157592689
32,False,"Rubber, RSS3",oni,observable,6,seasonal_adjusted_log_return,19,-0.0012330727529164531,0.046422278136010624,-0.02656209049680256
32,False,Coconut oil,oni,observable,6,market_adjusted_log_return,19,0.15333569513982026,0.06893260777761397,2.2244290486514338
32,False,Palm oil,oni,observable,6,market_adjusted_log_return,19,0.0493108829001849,0.03967580414536548,1.2428452040825213
32,False,"Rubber, RSS3",oni,observable,6,market_adjusted_log_return,19,0.09947382126734555,0.04374746479398088,2.273819105536647
32,False,Coconut oil,oni,observable,12,seasonal_adjusted_log_return,19,0.028459886015787077,0.09356417336698755,0.30417503828264075
32,False,Palm oil,oni,observable,12,seasonal_adjusted_log_return,19,0.019994723189748587,0.048969706425905236,0.40830800609356466
32,False,"Rubber, RSS3",oni,observable,12,seasonal_adjusted_log_return,19,0.050031935289206075,0.07423904749543052,0.6739301887229303
32,False,Coconut oil,oni,observable,12,market_adjusted_log_return,19,0.3321654960686687,0.0966594677269586,3.436450705552838
32,False,Palm oil,oni,observable,12,market_adjusted_log_return,19,0.17161985189090154,0.04860375572727654,3.5309998028524383
32,False,"Rubber, RSS3",oni,observable,12,market_adjusted_log_return,19,0.2286847290532658,0.06738862039437368,3.3935214538441394
32,False,Coconut oil,oni,observable,18,seasonal_adjusted_log_return,19,0.030590297378213054,0.11656534428007814,0.26243046393542163
32,False,Palm oil,oni,observable,18,seasonal_adjusted_log_return,19,0.012963327102998287,0.06139202517561339,0.21115653158396996
32,False,"Rubber, RSS3",oni,observable,18,seasonal_adjusted_log_return,19,0.07137878738634335,0.08902425991853001,0.8017902923502559
32,False,Coconut oil,oni,observable,18,market_adjusted_log_return,19,0.4724514194386035,0.11782204983248862,4.009872686057515
32,False,Palm oil,oni,observable,18,market_adjusted_log_return,19,0.23254863426672148,0.058080917949064996,4.003873259555897
32,False,"Rubber, RSS3",oni,observable,18,market_adjusted_log_return,19,0.3313326308756208,0.08260256767129746,4.011166241152471
32,False,Coconut oil,oni,observable,24,seasonal_adjusted_log_return,19,0.1031728766871401,0.11712581883110522,0.8808721912622427
32,False,Palm oil,oni,observable,24,seasonal_adjusted_log_return,19,0.05931819573986061,0.07484382873962986,0.7925596103082789
32,False,"Rubber, RSS3",oni,observable,24,seasonal_adjusted_log_return,19,0.09268352816944235,0.10830413180598028,0.8557709352721536
32,False,Coconut oil,oni,observable,24,market_adjusted_log_return,19,0.6694237237394431,0.1118881546888197,5.9829722422469676
32,False,Palm oil,oni,observable,24,market_adjusted_log_return,19,0.33306824950620745,0.06631282075536266,5.0226825780031765
32,False,"Rubber, RSS3",oni,observable,24,market_adjusted_log_return,19,0.4260592184107441,0.10126191588691946,4.207497109639227
33,False,Coconut oil,roni,retrospective,6,seasonal_adjusted_log_return,19,-0.024089304418460022,0.058302962824988286,-0.4131746184284051
33,False,Palm oil,roni,retrospective,6,seasonal_adjusted_log_return,19,-0.004285836132802147,0.047765528275348385,-0.08972655150166217
33,False,"Rubber, RSS3",roni,retrospective,6,seasonal_adjusted_log_return,19,0.05496627309962967,0.05342769744506856,1.028797341606252
33,False,Coconut oil,roni,retrospective,6,market_adjusted_log_return,19,0.1361522717149418,0.05728015758057968,2.376953511753309
33,False,Palm oil,roni,retrospective,6,market_adjusted_log_return,19,0.07405916020625726,0.04135581483279401,1.7907798578189398
33,False,"Rubber, RSS3",roni,retrospective,6,market_adjusted_log_return,19,0.14927954780978933,0.049282716257316,3.0290446458017386
33,False,Coconut oil,roni,retrospective,12,seasonal_adjusted_log_return,18,0.027874395566962498,0.07820340258139788,0.35643456226792025
33,False,Palm oil,roni,retrospective,12,seasonal_adjusted_log_return,18,0.015054456820766489,0.04604152827895497,0.32697561057389357
33,False,"Rubber, RSS3",roni,retrospective,12,seasonal_adjusted_log_return,18,0.048071492574460216,0.07043274860824997,0.6825162090696753
33,False,Coconut oil,roni,retrospective,12,market_adjusted_log_return,18,0.3398919692872098,0.0827428898880889,4.107808776644365
33,False,Palm oil,roni,retrospective,12,market_adjusted_log_return,18,0.1750094491370968,0.045367470910234776,3.8575976492799193
33,False,"Rubber, RSS3",roni,retrospective,12,market_adjusted_log_return,18,0.231481852961248,0.06683895943456294,3.4632773298614064
33,False,Coconut oil,roni,retrospective,18,seasonal_adjusted_log_return,18,0.12054737038599844,0.10495279833346978,1.148586529374658
33,False,Palm oil,roni,retrospective,18,seasonal_adjusted_log_return,18,0.055455446459836716,0.07800475710292865,0.7109239041237226
33,False,"Rubber, RSS3",roni,retrospective,18,seasonal_adjusted_log_return,18,0.10909440079390513,0.10018114347112762,1.0889714073322223
33,False,Coconut oil,roni,retrospective,18,market_adjusted_log_return,18,0.553688655062974,0.09966969273732489,5.55523589826043
33,False,Palm oil,roni,retrospective,18,market_adjusted_log_return,18,0.26630213792970786,0.07487058623386826,3.556832547001537
33,False,"Rubber, RSS3",roni,retrospective,18,market_adjusted_log_return,18,0.36405722062726487,0.09411312868352538,3.8682936771922827
33,False,Coconut oil,roni,retrospective,24,seasonal_adjusted_log_return,18,0.19609161123600977,0.1272805389671767,1.540625242689915
33,False,Palm oil,roni,retrospective,24,seasonal_adjusted_log_return,18,0.11854790737591982,0.11647135962995488,1.017828827211792
33,False,"Rubber, RSS3",roni,retrospective,24,seasonal_adjusted_log_return,18,0.14874971409285376,0.11570832463380142,1.2855575825129533
33,False,Coconut oil,roni,retrospective,24,market_adjusted_log_return,18,0.7492485592195456,0.11270767241575833,6.64771566265429
33,False,Palm oil,roni,retrospective,24,market_adjusted_log_return,18,0.3791758641506788,0.10381436709646182,3.6524411288695493
33,False,"Rubber, RSS3",roni,retrospective,24,market_adjusted_log_return,18,0.47463077374337004,0.10538055725720107,4.50396910110225
33,False,Coconut oil,roni,observable,6,seasonal_adjusted_log_return,18,0.021101439065571367,0.06682499275589954,0.315771662597127
33,False,Palm oil,roni,observable,6,seasonal_adjusted_log_return,18,-0.0050880548641105946,0.042011452037198846,-0.12111114035300184
33,False,"Rubber, RSS3",roni,observable,6,seasonal_adjusted_log_return,18,-0.02388066213017657,0.04282812350607088,-0.5575930060720846
33,False,Coconut oil,roni,observable,6,market_adjusted_log_return,18,0.19129196514035898,0.06535702419164466,2.9268769119511724
33,False,Palm oil,roni,observable,6,market_adjusted_log_return,18,0.0832273166404883,0.039486322734149065,2.1077505039108284
33,False,"Rubber, RSS3",roni,observable,6,market_adjusted_log_return,18,0.076127150485408,0.04072773800740585,1.8691720731351489
33,False,Coconut oil,roni,observable,12,seasonal_adjusted_log_return,18,0.11377441388460732,0.10529555278025263,1.0805243989938467
33,False,Palm oil,roni,observable,12,seasonal_adjusted_log_return,18,0.035312934774959615,0.06386278795150596,0.5529500967257238
33,False,"Rubber, RSS3",roni,observable,12,seasonal_adjusted_log_return,18,0.037142246089268326,0.07891931392956594,0.4706356941016632
33,False,Coconut oil,roni,observable,12,market_adjusted_log_return,18,0.4050886509161231,0.0995595974694224,4.068805632129413
33,False,Palm oil,roni,observable,12,market_adjusted_log_return,18,0.17452000543309926,0.06386448771499359,2.7326611654966246
33,False,"Rubber, RSS3",roni,observable,12,market_adjusted_log_return,18,0.20870251815142488,0.07264909088821242,2.872747829323321
33,False,Coconut oil,roni,observable,18,seasonal_adjusted_log_return,18,0.18931865473461865,0.1421597749731201,1.3317315307400808
33,False,Palm oil,roni,observable,18,seasonal_adjusted_log_return,18,0.09840539569104274,0.10930952655332853,0.9002453747069702
33,False,"Rubber, RSS3",roni,observable,18,seasonal_adjusted_log_return,18,0.07679755938821693,0.10247656760690793,0.7494158048189742
33,False,Coconut oil,roni,observable,18,market_adjusted_log_return,18,0.6006485550726945,0.129671109927121,4.632092340462551
33,False,Palm oil,roni,observable,18,market_adjusted_log_return,18,0.28739373165407023,0.09957598097796277,2.886175248604114
33,False,"Rubber, RSS3",roni,observable,18,market_adjusted_log_return,18,0.31927607126753005,0.09251262429988609,3.451162192011487
33,False,Coconut oil,roni,observable,24,seasonal_adjusted_log_return,17,0.23799310234290652,0.16589811198135648,1.434573905034266
33,False,Palm oil,roni,observable,24,seasonal_adjusted_log_return,17,0.11326020426128697,0.13585153005929346,0.8337057684359805
33,False,"Rubber, RSS3",roni,observable,24,seasonal_adjusted_log_return,17,0.09778131642939458,0.11246928896354066,0.8694045932938412
33,False,Coconut oil,roni,observable,24,market_adjusted_log_return,17,0.7691349186281408,0.1452261025359687,5.296120361266641
33,False,Palm oil,roni,observable,24,market_adjusted_log_return,17,0.3518256193965758,0.11961203495459202,2.9413897985277013
33,False,"Rubber, RSS3",roni,observable,24,market_adjusted_log_return,17,0.41106144807368983,0.09699776999033105,4.237844314510172
33,False,Coconut oil,oni,retrospective,6,seasonal_adjusted_log_return,19,0.034315649022301074,0.056359481681754905,0.6088709121931116
33,False,Palm oil,oni,retrospective,6,seasonal_adjusted_log_return,19,0.03307380842402896,0.040247133886151996,0.8217680423551553
33,False,"Rubber, RSS3",oni,retrospective,6,seasonal_adjusted_log_return,19,0.05576979349522576,0.04592180861189742,1.2144511547129466
33,False,Coconut oil,oni,retrospective,6,market_adjusted_log_return,19,0.19182802752950082,0.05713320070938452,3.3575578673643562
33,False,Palm oil,oni,retrospective,6,market_adjusted_log_return,19,0.10868372976578225,0.037614103556079324,2.8894409141971003
33,False,"Rubber, RSS3",oni,retrospective,6,market_adjusted_log_return,19,0.1485209416065618,0.04092139652832395,3.6294201617425803
33,False,Coconut oil,oni,retrospective,12,seasonal_adjusted_log_return,19,0.03644606038472706,0.09863579013488225,0.36950137809904376
33,False,Palm oil,oni,retrospective,12,seasonal_adjusted_log_return,19,0.026042412337278675,0.06708299133499533,0.3882118524981916
33,False,"Rubber, RSS3",oni,retrospective,12,seasonal_adjusted_log_return,19,0.07711664559236306,0.0634968420051647,1.2144957632080435
33,False,Coconut oil,oni,retrospective,12,market_adjusted_log_return,19,0.3321139508994357,0.09720035341186573,3.4167977712197586
33,False,Palm oil,oni,retrospective,12,market_adjusted_log_return,19,0.16961251214160217,0.06306272449511358,2.6895842750140715
33,False,"Rubber, RSS3",oni,retrospective,12,market_adjusted_log_return,19,0.2511688434289168,0.05987153647998078,4.195129408661494
33,False,Coconut oil,oni,retrospective,18,seasonal_adjusted_log_return,19,0.10902863969365409,0.11485508794049717,0.9492713091660199
33,False,Palm oil,oni,retrospective,18,seasonal_adjusted_log_return,19,0.07239728097414098,0.084248586055464,0.859329329592299
33,False,"Rubber, RSS3",oni,retrospective,18,seasonal_adjusted_log_return,19,0.09842138637546201,0.08362502660206982,1.1769369813632558
33,False,Coconut oil,oni,retrospective,18,market_adjusted_log_return,19,0.5290862552002752,0.10739588620398179,4.9265039276770635
33,False,Palm oil,oni,retrospective,18,market_adjusted_log_return,19,0.27013212738108816,0.07917340560001139,3.4119048603998574
33,False,"Rubber, RSS3",oni,retrospective,18,market_adjusted_log_return,19,0.3458954309640401,0.07779593592223705,4.4461889540064
33,False,Coconut oil,oni,retrospective,24,seasonal_adjusted_log_return,19,0.1417600515868831,0.13157141222869861,1.0774380937743109
33,False,Palm oil,oni,retrospective,24,seasonal_adjusted_log_return,19,0.10232616354481254,0.11603553618996201,0.8818519472973708
33,False,"Rubber, RSS3",oni,retrospective,24,seasonal_adjusted_log_return,19,0.1509171172397818,0.09111605541636175,1.6563175013465468
33,False,Coconut oil,oni,retrospective,24,market_adjusted_log_return,19,0.689904220410832,0.11996580346907891,5.75084066009406
33,False,Palm oil,oni,retrospective,24,market_adjusted_log_return,19,0.35793054605921915,0.10541381519473014,3.3954804253884254
33,False,"Rubber, RSS3",oni,retrospective,24,market_adjusted_log_return,19,0.47392898354788854,0.08339817274763227,5.682726226892587
33,False,Coconut oil,oni,observable,6,seasonal_adjusted_log_return,19,0.03749184023088441,0.07307926472050925,0.5130297954456916
33,False,Palm oil,oni,observable,6,seasonal_adjusted_log_return,19,0.0020659846137023917,0.05120394709411205,0.040348151479516696
33,False,"Rubber, RSS3",oni,observable,6,seasonal_adjusted_log_return,19,0.01908345332287527,0.04506998060733091,0.42341827233382984
33,False,Coconut oil,oni,observable,6,market_adjusted_log_return,19,0.2033207925342096,0.07101045050193154,2.863251691786959
33,False,Palm oil,oni,observable,6,market_adjusted_log_return,19,0.08601038962737935,0.05051409889776415,1.7027006618777145
33,False,"Rubber, RSS3",oni,observable,6,market_adjusted_log_return,19,0.11659480678294816,0.042564411763190445,2.739255682226506
33,False,Coconut oil,oni,observable,12,seasonal_adjusted_log_return,19,0.11007441953981145,0.10098583334110076,1.0899986255300989
33,False,Palm oil,oni,observable,12,seasonal_adjusted_log_return,19,0.04842085325056472,0.06569328487665009,0.7370746240119186
33,False,"Rubber, RSS3",oni,observable,12,seasonal_adjusted_log_return,19,0.04038819410597421,0.06687308947308925,0.603952866903615
33,False,Coconut oil,oni,observable,12,market_adjusted_log_return,19,0.4002930968350492,0.09554150065777467,4.189730055307389
33,False,Palm oil,oni,observable,12,market_adjusted_log_return,19,0.18653000486686536,0.06572142050653121,2.838191923260827
33,False,"Rubber, RSS3",oni,observable,12,market_adjusted_log_return,19,0.21132139431807134,0.06086505865217185,3.4719656728784036
33,False,Coconut oil,oni,observable,18,seasonal_adjusted_log_return,19,0.1428058314330405,0.12279565981866605,1.1629550396481743
33,False,Palm oil,oni,observable,18,seasonal_adjusted_log_return,19,0.07834973582123628,0.0953659624655929,0.8215691825005603
33,False,"Rubber, RSS3",oni,observable,18,seasonal_adjusted_log_return,19,0.092883924970294,0.07844048076124795,1.1841325304087322
33,False,Coconut oil,oni,observable,18,market_adjusted_log_return,19,0.561111062045606,0.11549071316303818,4.858495083093701
33,False,Palm oil,oni,observable,18,market_adjusted_log_return,19,0.27432842354499626,0.0908016507208463,3.0211832204281257
33,False,"Rubber, RSS3",oni,observable,18,market_adjusted_log_return,19,0.33935494690191975,0.07078600587773863,4.794096554735021
33,False,Coconut oil,oni,observable,24,seasonal_adjusted_log_return,18,0.23112238186890208,0.1366691625134725,1.691108496008517
33,False,Palm oil,oni,observable,24,seasonal_adjusted_log_return,18,0.1435804814713895,0.11583928476796158,1.2394800413261915
33,False,"Rubber, RSS3",oni,observable,24,seasonal_adjusted_log_return,18,0.10382982874748278,0.09457075186304793,1.0979063473857469
33,False,Coconut oil,oni,observable,24,market_adjusted_log_return,18,0.7691739355909426,0.12499624044377201,6.153576562464259
33,False,Palm oil,oni,observable,24,market_adjusted_log_return,18,0.3890705142744938,0.10607984943954947,3.667713673521087
33,False,"Rubber, RSS3",oni,observable,24,market_adjusted_log_return,18,0.42106492669297,0.08332653609442038,5.053191293297561
34,False,Coconut oil,roni,retrospective,6,seasonal_adjusted_log_return,18,0.09479631694139816,0.07007970894645514,1.3526927889187996
34,False,Palm oil,roni,retrospective,6,seasonal_adjusted_log_return,18,0.03537706695424189,0.052396875754314176,0.6751751215114972
34,False,"Rubber, RSS3",roni,retrospective,6,seasonal_adjusted_log_return,18,0.05755992447365483,0.056534643300562674,1.01813544957985
34,False,Coconut oil,roni,retrospective,6,market_adjusted_log_return,18,0.23590337052063454,0.06301636418045028,3.7435255681383692
34,False,Palm oil,roni,retrospective,6,market_adjusted_log_return,18,0.09454633423621722,0.04935646708183815,1.9155814795141148
34,False,"Rubber, RSS3",roni,retrospective,6,market_adjusted_log_return,18,0.14092106206091665,0.049597259434397606,2.8413074364988495
34,False,Coconut oil,roni,retrospective,12,seasonal_adjusted_log_return,18,0.17034055779140944,0.11971834942398378,1.4228441889734595
34,False,Palm oil,roni,retrospective,12,seasonal_adjusted_log_return,18,0.09846952787032498,0.09848127480765627,0.9998807190772638
34,False,"Rubber, RSS3",roni,retrospective,12,seasonal_adjusted_log_return,18,0.09721523777260344,0.07987734679950578,1.2170564204719545
34,False,Coconut oil,roni,retrospective,12,market_adjusted_log_return,18,0.4314632746772061,0.10766866047649157,4.007324626941115
34,False,Palm oil,roni,retrospective,12,market_adjusted_log_return,18,0.20742006045718814,0.08435624965660765,2.4588582505924723
34,False,"Rubber, RSS3",roni,retrospective,12,market_adjusted_log_return,18,0.2514946151770219,0.07045624538256579,3.5695148643168197
34,False,Coconut oil,roni,retrospective,18,seasonal_adjusted_log_return,17,0.23679262523953395,0.1479831140447768,1.600132736549152
34,False,Palm oil,roni,retrospective,18,seasonal_adjusted_log_return,17,0.1062123349392671,0.12013758231989716,0.8840891658402904
34,False,"Rubber, RSS3",roni,retrospective,18,seasonal_adjusted_log_return,17,0.10526092719336501,0.09388862079338121,1.1211255027913405
34,False,Coconut oil,roni,retrospective,18,market_adjusted_log_return,17,0.6191083316436119,0.12660504138849754,4.89007645235729
34,False,Palm oil,roni,retrospective,18,market_adjusted_log_return,17,0.2661239944337238,0.09921122585455806,2.682398006288693
34,False,"Rubber, RSS3",roni,retrospective,18,market_adjusted_log_return,17,0.3311324174145223,0.07980283692031168,4.149381528192783
34,False,Coconut oil,roni,retrospective,24,seasonal_adjusted_log_return,17,0.1805014927854831,0.15188637900217822,1.1883981563803987
34,False,Palm oil,roni,retrospective,24,seasonal_adjusted_log_return,17,0.0458681550774628,0.1325400677455269,0.34607010436669106
34,False,"Rubber, RSS3",roni,retrospective,24,seasonal_adjusted_log_return,17,0.04540192096726166,0.08760488288654791,0.518257880968337
34,False,Coconut oil,roni,retrospective,24,market_adjusted_log_return,17,0.6804628275726877,0.13294810792915035,5.11825883174896
34,False,Palm oil,roni,retrospective,24,market_adjusted_log_return,17,0.2531859410449427,0.10917339729538224,2.3191175443585084
34,False,"Rubber, RSS3",roni,retrospective,24,market_adjusted_log_return,17,0.3408351004360997,0.07577618211309975,4.497918619433561
34,False,Coconut oil,roni,observable,6,seasonal_adjusted_log_return,19,0.08032927253121017,0.07683413894338603,1.0454893311214104
34,False,Palm oil,roni,observable,6,seasonal_adjusted_log_return,19,0.08035254042507954,0.06701169268939651,1.1990823869726543
34,False,"Rubber, RSS3",roni,observable,6,seasonal_adjusted_log_return,19,0.03082756375150316,0.05211668359673937,0.5915104650563732
34,False,Coconut oil,roni,observable,6,market_adjusted_log_return,19,0.22386794131161997,0.0712928106583891,3.1401194488504456
34,False,Palm oil,roni,observable,6,market_adjusted_log_return,19,0.14195865943078068,0.05952139710687749,2.3850021392454486
34,False,"Rubber, RSS3",roni,observable,6,market_adjusted_log_return,19,0.11558049896726537,0.04879525839705539,2.3686829983923237
34,False,Coconut oil,roni,observable,12,seasonal_adjusted_log_return,18,0.14207684204749463,0.11722377375711034,1.2120138901335857
34,False,Palm oil,roni,observable,12,seasonal_adjusted_log_return,18,0.09491247554767639,0.09093618381688875,1.0437261776763624
34,False,"Rubber, RSS3",roni,observable,12,seasonal_adjusted_log_return,18,0.03071664427651608,0.06567470138758585,0.4677089294283763
34,False,Coconut oil,roni,observable,12,market_adjusted_log_return,18,0.40938895320874447,0.10160229408231462,4.029327850383692
34,False,Palm oil,roni,observable,12,market_adjusted_log_return,18,0.21006573137038653,0.07404736839725223,2.836910155178205
34,False,"Rubber, RSS3",roni,observable,12,market_adjusted_log_return,18,0.1885386810088876,0.05905235516154369,3.1927377069571734
34,False,Coconut oil,roni,observable,18,seasonal_adjusted_log_return,18,0.08755199774002786,0.12686978187295697,0.6900933890443622
34,False,Palm oil,roni,observable,18,seasonal_adjusted_log_return,18,0.03570451550617432,0.10934347786909178,0.32653539289211636
34,False,"Rubber, RSS3",roni,observable,18,seasonal_adjusted_log_return,18,-0.027909534659452555,0.06630399484697197,-0.42093292755386896
34,False,Coconut oil,roni,observable,18,market_adjusted_log_return,18,0.4737712438731023,0.11195507491340677,4.231797837119464
34,False,Palm oil,roni,observable,18,market_adjusted_log_return,18,0.1995281210653894,0.0917226704169096,2.1753413867964015
34,False,"Rubber, RSS3",roni,observable,18,market_adjusted_log_return,18,0.20019624712845935,0.06110633877868958,3.2761944362845123
34,False,Coconut oil,roni,observable,24,seasonal_adjusted_log_return,18,0.04262288241977986,0.09962616861361424,0.42782818021524616
34,False,Palm oil,roni,observable,24,seasonal_adjusted_log_return,18,-0.02836692450547358,0.07474707415107235,-0.3795054833603359
34,False,"Rubber, RSS3",roni,observable,24,seasonal_adjusted_log_return,18,-0.03876528301034025,0.06959197719023219,-0.5570366668039038
34,False,Coconut oil,roni,observable,24,market_adjusted_log_return,18,0.5901067973346297,0.09298289067011006,6.346401935687758
34,False,Palm oil,roni,observable,24,market_adjusted_log_return,18,0.22657578223239228,0.06372664406286667,3.5554325127943986
34,False,"Rubber, RSS3",roni,observable,24,market_adjusted_log_return,18,0.28386866995668814,0.06732239944381102,4.216556039325546
34,False,Coconut oil,oni,retrospective,6,seasonal_adjusted_log_return,19,0.07558025991174311,0.06274573487218635,1.2045481667511075
34,False,Palm oil,oni,retrospective,6,seasonal_adjusted_log_return,19,0.05943282340199583,0.04187463842924991,1.4193035601348936
34,False,"Rubber, RSS3",oni,retrospective,6,seasonal_adjusted_log_return,19,0.02508144016536675,0.05070373860936808,0.4946664852191526
34,False,Coconut oil,oni,retrospective,6,market_adjusted_log_return,19,0.22055353285884072,0.05827015878853286,3.78501684986388
34,False,Palm oil,oni,retrospective,6,market_adjusted_log_return,19,0.12247663601759477,0.042263455553664044,2.8979323723797266
34,False,"Rubber, RSS3",oni,retrospective,6,market_adjusted_log_return,19,0.11065550804885914,0.04531394052016892,2.4419749591101474
34,False,Coconut oil,oni,retrospective,12,seasonal_adjusted_log_return,19,0.10831167180497214,0.09568577546953512,1.1319516539786723
34,False,Palm oil,oni,retrospective,12,seasonal_adjusted_log_return,19,0.08936170597266738,0.07775513457999758,1.1492708032127255
34,False,"Rubber, RSS3",oni,retrospective,12,seasonal_adjusted_log_return,19,0.07757717102968655,0.061360695973304964,1.2642811460847279
34,False,Coconut oil,oni,retrospective,12,market_adjusted_log_return,19,0.38137149806939746,0.09207428880710121,4.1419977608340135
34,False,Palm oil,oni,retrospective,12,market_adjusted_log_return,19,0.21027505469572574,0.06981129839710734,3.0120490454083657
34,False,"Rubber, RSS3",oni,retrospective,12,market_adjusted_log_return,19,0.23868906063270748,0.0557573956559236,4.280850241027164
34,False,Coconut oil,oni,retrospective,18,seasonal_adjusted_log_return,18,0.2163449461095733,0.11437991416053145,1.8914592452476806
34,False,Palm oil,oni,retrospective,18,seasonal_adjusted_log_return,18,0.14033790698211293,0.10166225305524904,1.3804327836984427
34,False,"Rubber, RSS3",oni,retrospective,18,seasonal_adjusted_log_return,18,0.08266532360808783,0.07908912980391557,1.04521726074163
34,False,Coconut oil,oni,retrospective,18,market_adjusted_log_return,18,0.611299697790985,0.10769818156631296,5.676044747464838
34,False,Palm oil,oni,retrospective,18,market_adjusted_log_return,18,0.3129158301417485,0.08883863049021164,3.5222946190759434
34,False,"Rubber, RSS3",oni,retrospective,18,market_adjusted_log_return,18,0.31577109712991414,0.07154333925447665,4.413703643419964
34,False,Coconut oil,oni,retrospective,24,seasonal_adjusted_log_return,18,0.21636373757668392,0.1390389155649264,1.5561379826473798
34,False,Palm oil,oni,retrospective,24,seasonal_adjusted_log_return,18,0.06266648990833712,0.1166994198026617,0.5369905867081939
34,False,"Rubber, RSS3",oni,retrospective,24,seasonal_adjusted_log_return,18,0.06296828711981313,0.09667270599311066,0.6513553797108
34,False,Coconut oil,oni,retrospective,24,market_adjusted_log_return,18,0.7105714405052126,0.12281041276862736,5.785921767431208
34,False,Palm oil,oni,retrospective,24,market_adjusted_log_return,18,0.2642182534781399,0.09430534295739015,2.801731537072308
34,False,"Rubber, RSS3",oni,retrospective,24,market_adjusted_log_return,18,0.3551082271105031,0.08494190199115471,4.180601314384057
34,False,Coconut oil,oni,observable,6,seasonal_adjusted_log_return,20,0.034761873870532096,0.06485881430333898,0.5359622164530153
34,False,Palm oil,oni,observable,6,seasonal_adjusted_log_return,20,0.03881746393178066,0.04198815003418552,0.9244861681254503
34,False,"Rubber, RSS3",oni,observable,6,seasonal_adjusted_log_return,20,0.027687925032310413,0.047535238906065785,0.5824715657162136
34,False,Coconut oil,oni,observable,6,market_adjusted_log_return,20,0.1897510773088441,0.06177973768936397,3.071412803060699
34,False,Palm oil,oni,observable,6,market_adjusted_log_return,20,0.11189877650644198,0.03615369565205255,3.095085425937339
34,False,"Rubber, RSS3",oni,observable,6,market_adjusted_log_return,20,0.11899486886515924,0.045720548191131256,2.602656214175523
34,False,Coconut oil,oni,observable,12,seasonal_adjusted_log_return,19,0.1267587563808985,0.09775912930906928,1.2966436718165295
34,False,Palm oil,oni,observable,12,seasonal_adjusted_log_return,19,0.09280745675796537,0.06604894710394704,1.4051315096954702
34,False,"Rubber, RSS3",oni,observable,12,seasonal_adjusted_log_return,19,0.026235318956290218,0.06947174038881729,0.37764015712658405
34,False,Coconut oil,oni,observable,12,market_adjusted_log_return,19,0.40530910477011994,0.09088003554248414,4.4598255530022115
34,False,Palm oil,oni,observable,12,market_adjusted_log_return,19,0.21922315153376568,0.053729437614702925,4.080131139764169
34,False,"Rubber, RSS3",oni,observable,12,market_adjusted_log_return,19,0.19048985040035257,0.0654259485131409,2.9115336457383174
34,False,Coconut oil,oni,observable,18,seasonal_adjusted_log_return,19,0.12548719325418556,0.13483767112147724,0.9306538166261586
34,False,Palm oil,oni,observable,18,seasonal_adjusted_log_return,19,0.017124418314579615,0.09067461295077574,0.18885570897199083
34,False,"Rubber, RSS3",oni,observable,18,seasonal_adjusted_log_return,19,0.005592436230362654,0.09337687956558302,0.05989101645268431
34,False,Coconut oil,oni,observable,18,market_adjusted_log_return,19,0.5054536400343433,0.11494709310963937,4.397272052388739
34,False,Palm oil,oni,observable,18,market_adjusted_log_return,19,0.17468175901662758,0.0687593537023427,2.54047994361349
34,False,"Rubber, RSS3",oni,observable,18,market_adjusted_log_return,19,0.23011926716014608,0.08226251072893227,2.7973771420425613
34,False,Coconut oil,oni,observable,24,seasonal_adjusted_log_return,19,0.0906935112138612,0.12171267091486526,0.7451443677322541
34,False,Palm oil,oni,observable,24,seasonal_adjusted_log_return,19,0.00016964849409398095,0.08262987949513419,0.0020531131732313733
34,False,"Rubber, RSS3",oni,observable,24,seasonal_adjusted_log_return,19,-0.05599804961271193,0.08701121164176329,-0.6435728058041915
34,False,Coconut oil,oni,observable,24,market_adjusted_log_return,19,0.6384986483362942,0.10554374587163896,6.049611401066138
34,False,Palm oil,oni,observable,24,market_adjusted_log_return,19,0.25543426919674755,0.06647682114178359,3.8424561344765618
34,False,"Rubber, RSS3",oni,observable,24,market_adjusted_log_return,19,0.2668197631634342,0.07801611930801383,3.420059412465885
35,False,Coconut oil,roni,retrospective,6,seasonal_adjusted_log_return,18,0.05507359052231712,0.06709846558607255,0.8207876296615134
35,False,Palm oil,roni,retrospective,6,seasonal_adjusted_log_return,18,0.03702651839328565,0.04481024469515473,0.8262958313478987
35,False,"Rubber, RSS3",roni,retrospective,6,seasonal_adjusted_log_return,18,0.012344153243086542,0.03671422134051756,0.33622266229199915
35,False,Coconut oil,roni,retrospective,6,market_adjusted_log_return,18,0.19068077758526952,0.059123398067642,3.225132245733155
35,False,Palm oil,roni,retrospective,6,market_adjusted_log_return,18,0.09068407510773331,0.03909069451882098,2.319837910888784
35,False,"Rubber, RSS3",roni,retrospective,6,market_adjusted_log_return,18,0.09255730048601324,0.035968744053655494,2.573270291226826
35,False,Coconut oil,roni,retrospective,12,seasonal_adjusted_log_return,18,0.0005487462148503394,0.08613415757140498,0.00637083162269777
35,False,Palm oil,roni,retrospective,12,seasonal_adjusted_log_return,18,-0.022181441648216428,0.07398333303788791,-0.2998167389519609
35,False,"Rubber, RSS3",roni,retrospective,12,seasonal_adjusted_log_return,18,-0.04628202569288211,0.045806933347921804,-1.0103716252155932
35,False,Coconut oil,roni,retrospective,12,market_adjusted_log_return,18,0.2550630682496271,0.0770114796927346,3.312013601962906
35,False,Palm oil,roni,retrospective,12,market_adjusted_log_return,18,0.08014646480273617,0.06684855482794491,1.1989259155866192
35,False,"Rubber, RSS3",roni,retrospective,12,market_adjusted_log_return,18,0.10421486660558497,0.0449972283679261,2.316028572992488
35,False,Coconut oil,roni,retrospective,18,seasonal_adjusted_log_return,18,-0.044380369105397666,0.09016994367175679,-0.4921858359694038
35,False,Palm oil,roni,retrospective,18,seasonal_adjusted_log_return,18,-0.08625288165986432,0.055995721832913625,-1.5403477057985864
35,False,"Rubber, RSS3",roni,retrospective,18,seasonal_adjusted_log_return,18,-0.0571377740437698,0.06339367542363249,-0.9013166323287425
35,False,Coconut oil,roni,retrospective,18,market_adjusted_log_return,18,0.37139862171115473,0.08761760919088366,4.2388582060259825
35,False,Palm oil,roni,retrospective,18,market_adjusted_log_return,18,0.10719412596973908,0.05771023899537301,1.857454202855294
35,False,"Rubber, RSS3",roni,retrospective,18,market_adjusted_log_return,18,0.18788728943381375,0.06390161182257814,2.9402590024721125
35,False,Coconut oil,roni,retrospective,24,seasonal_adjusted_log_return,18,-0.03302241307596449,0.09798106745284466,-0.3370285090214718
35,False,Palm oil,roni,retrospective,24,seasonal_adjusted_log_return,18,-0.024983984585755643,0.0760177126853903,-0.32866004123480114
35,False,"Rubber, RSS3",roni,retrospective,24,seasonal_adjusted_log_return,18,-0.04838067593135103,0.07395877258049997,-0.6541573669126455
35,False,Coconut oil,roni,retrospective,24,market_adjusted_log_return,18,0.5166691080766648,0.0981441556312056,5.2643899654926205
35,False,Palm oil,roni,retrospective,24,market_adjusted_log_return,18,0.2321710825055266,0.07916822973702564,2.9326294559917905
35,False,"Rubber, RSS3",roni,retrospective,24,market_adjusted_log_return,18,0.275516857360772,0.06874985611688086,4.007526312380478
35,False,Coconut oil,roni,observable,6,seasonal_adjusted_log_return,18,-0.031200088383286265,0.056506006991648795,-0.5521552494037921
35,False,Palm oil,roni,observable,6,seasonal_adjusted_log_return,18,-0.054552897913835025,0.06359447887617302,-0.8578244350434389
35,False,"Rubber, RSS3",roni,observable,6,seasonal_adjusted_log_return,18,-0.05977014507637701,0.03573198025808997,-1.6727353100684823
35,False,Coconut oil,roni,observable,6,market_adjusted_log_return,18,0.10642120524201053,0.05598044996963782,1.9010423335241198
35,False,Palm oil,roni,observable,6,market_adjusted_log_return,18,0.0011231027739221694,0.06493210369191434,0.017296571496451047
35,False,"Rubber, RSS3",roni,observable,6,market_adjusted_log_return,18,0.02159582796549399,0.033528945987891114,0.6440950447202624
35,False,Coconut oil,roni,observable,12,seasonal_adjusted_log_return,18,-0.07612920370353428,0.10242267235667932,-0.743284684453653
35,False,Palm oil,roni,observable,12,seasonal_adjusted_log_return,18,-0.11862433792548292,0.0670251918714662,-1.769847047256024
35,False,"Rubber, RSS3",roni,observable,12,seasonal_adjusted_log_return,18,-0.07062589342726472,0.05937898227380483,-1.1894089578969003
35,False,Coconut oil,roni,observable,12,market_adjusted_log_return,18,0.22275675870353812,0.10136670313221258,2.1975338234390094
35,False,Palm oil,roni,observable,12,market_adjusted_log_return,18,0.028170763940925086,0.07270888878396291,0.3874459424710475
35,False,"Rubber, RSS3",roni,observable,12,market_adjusted_log_return,18,0.10526825079372278,0.05663618502826937,1.858674816129992
35,False,Coconut oil,roni,observable,18,seasonal_adjusted_log_return,18,-0.0647712476741011,0.1249188381085205,-0.5185066452333834
35,False,Palm oil,roni,observable,18,seasonal_adjusted_log_return,18,-0.05735544085137424,0.08667511992945606,-0.6617290047946309
35,False,"Rubber, RSS3",roni,observable,18,seasonal_adjusted_log_return,18,-0.06186879531484593,0.07061475234201706,-0.8761454690825684
35,False,Coconut oil,roni,observable,18,market_adjusted_log_return,18,0.36802724506904805,0.12426952149739998,2.961524600999997
35,False,Palm oil,roni,observable,18,market_adjusted_log_return,18,0.15314772047671255,0.09045496108068164,1.6930825976489212
35,False,"Rubber, RSS3",roni,observable,18,market_adjusted_log_return,18,0.19289781872068104,0.06416873456508528,3.006102894627414
35,False,Coconut oil,roni,observable,24,seasonal_adjusted_log_return,18,-0.008296486516980684,0.145707443798346,-0.0569393457239064
35,False,Palm oil,roni,observable,24,seasonal_adjusted_log_return,18,-0.019885813343532607,0.10760410696586432,-0.1848053378654131
35,False,"Rubber, RSS3",roni,observable,24,seasonal_adjusted_log_return,18,-0.010839528896088389,0.07469293643534775,-0.14512120440559734
35,False,Coconut oil,roni,observable,24,market_adjusted_log_return,18,0.5579397308150422,0.1488298886656978,3.7488419551820558
35,False,Palm oil,roni,observable,24,market_adjusted_log_return,18,0.2538495791971956,0.11316262272556683,2.2432281356080956
35,False,"Rubber, RSS3",roni,observable,24,market_adjusted_log_return,18,0.3225277876477708,0.06707239604844437,4.808651645824889
35,False,Coconut oil,oni,retrospective,6,seasonal_adjusted_log_return,19,0.10213275120840938,0.06723748403379255,1.5189853201092265
35,False,Palm oil,oni,retrospective,6,seasonal_adjusted_log_return,19,0.07965449197474746,0.04417190573667541,1.8032840251357158
35,False,"Rubber, RSS3",oni,retrospective,6,seasonal_adjusted_log_return,19,0.02772708668771094,0.04191697294394647,0.6614763600603751
35,False,Coconut oil,oni,retrospective,6,market_adjusted_log_return,19,0.23945111598778943,0.062041562063283595,3.8595275171109433
35,False,Palm oil,oni,retrospective,6,market_adjusted_log_return,19,0.13502691145443263,0.036382788215777444,3.711285420282276
35,False,"Rubber, RSS3",oni,retrospective,6,market_adjusted_log_return,19,0.10891967059747427,0.03993705589882763,2.7272834250326317
35,False,Coconut oil,oni,retrospective,12,seasonal_adjusted_log_return,19,0.10086118808169646,0.10955426320710486,0.9206505080594195
35,False,Palm oil,oni,retrospective,12,seasonal_adjusted_log_return,19,0.003971453531361712,0.07880780091099092,0.05039416765159138
35,False,"Rubber, RSS3",oni,retrospective,12,seasonal_adjusted_log_return,19,0.007084203961783386,0.06257850228296212,0.11320507368090464
35,False,Coconut oil,oni,retrospective,12,market_adjusted_log_return,19,0.33959565125201285,0.09356572721621562,3.629487648476893
35,False,Palm oil,oni,retrospective,12,market_adjusted_log_return,19,0.0904855189372945,0.06525508756122449,1.38664313111829
35,False,"Rubber, RSS3",oni,retrospective,12,market_adjusted_log_return,19,0.1485490873572678,0.05443952227989823,2.728699318732257
35,False,Coconut oil,oni,retrospective,18,seasonal_adjusted_log_return,19,0.06606750604137206,0.10435343698037224,0.6331128897440977
35,False,Palm oil,oni,retrospective,18,seasonal_adjusted_log_return,19,-0.01298331628912393,0.08529364893593822,-0.15221902745508464
35,False,"Rubber, RSS3",oni,retrospective,18,seasonal_adjusted_log_return,19,-0.054506281881291224,0.07250463335762425,-0.7517627406298663
35,False,Coconut oil,oni,retrospective,18,market_adjusted_log_return,19,0.4726406595539636,0.09011065397344886,5.245114076002904
35,False,Palm oil,oni,retrospective,18,market_adjusted_log_return,19,0.1712380291174145,0.0757821937752947,2.2596077071239233
35,False,"Rubber, RSS3",oni,retrospective,18,market_adjusted_log_return,19,0.18524958336055594,0.06455582164449582,2.8696030604445224
35,False,Coconut oil,oni,retrospective,24,seasonal_adjusted_log_return,19,0.07063202262643879,0.0988429709216818,0.7145882197572152
35,False,Palm oil,oni,retrospective,24,seasonal_adjusted_log_return,19,0.035550719297724104,0.08268871700055569,0.429934343974465
35,False,"Rubber, RSS3",oni,retrospective,24,seasonal_adjusted_log_return,19,0.030212688784260276,0.08129777171998537,0.3716299739225585
35,False,Coconut oil,oni,retrospective,24,market_adjusted_log_return,19,0.6001109412054669,0.09443537782076551,6.354725898851731
35,False,Palm oil,oni,retrospective,24,market_adjusted_log_return,19,0.2724496556497777,0.08001709584563056,3.404893076541907
35,False,"Rubber, RSS3",oni,retrospective,24,market_adjusted_log_return,19,0.342541018069852,0.07288229684955351,4.699920733521044
35,False,Coconut oil,oni,observable,6,seasonal_adjusted_log_return,19,-0.014833056338359275,0.06803354044706622,-0.21802564207135738
35,False,Palm oil,oni,observable,6,seasonal_adjusted_log_return,19,-0.08956739360268717,0.05208326603534711,-1.7196961792277174
35,False,"Rubber, RSS3",oni,observable,6,seasonal_adjusted_log_return,19,-0.024770413206868794,0.031950023582378896,-0.7752862260962522
35,False,Coconut oil,oni,observable,6,market_adjusted_log_return,19,0.10651172330554644,0.0592596048708912,1.7973748481381768
35,False,Palm oil,oni,observable,6,market_adjusted_log_return,19,-0.05020295863168476,0.05164205577718608,-0.9721332328110557
35,False,"Rubber, RSS3",oni,observable,6,market_adjusted_log_return,19,0.047279277575942046,0.02919605366535835,1.6193721972788317
35,False,Coconut oil,oni,observable,12,seasonal_adjusted_log_return,19,-0.04962673837868368,0.08080921361798923,-0.614122278349162
35,False,Palm oil,oni,observable,12,seasonal_adjusted_log_return,19,-0.1065221634231728,0.06515288019456805,-1.6349570902324255
35,False,"Rubber, RSS3",oni,observable,12,seasonal_adjusted_log_return,19,-0.08636089904994342,0.061825910189594435,-1.396839913639934
35,False,Coconut oil,oni,observable,12,market_adjusted_log_return,19,0.23955673160749721,0.07314065241584833,3.2752884161529487
35,False,Palm oil,oni,observable,12,market_adjusted_log_return,19,0.03054955154843523,0.06536327669540545,0.467380968227724
35,False,"Rubber, RSS3",oni,observable,12,market_adjusted_log_return,19,0.08397977357923019,0.05602955352114276,1.4988478097998839
35,False,Coconut oil,oni,observable,18,seasonal_adjusted_log_return,19,-0.04506222179361694,0.09835081664464232,-0.45817842017961236
35,False,Palm oil,oni,observable,18,seasonal_adjusted_log_return,19,-0.057988127836324774,0.07991463054668764,-0.7256259265623084
35,False,"Rubber, RSS3",oni,observable,18,seasonal_adjusted_log_return,19,-0.0016419283843919059,0.07336914398663676,-0.022379004240406047
35,False,Coconut oil,oni,observable,18,market_adjusted_log_return,19,0.36702701325900056,0.10069781027644331,3.644836091782036
35,False,Palm oil,oni,observable,18,market_adjusted_log_return,19,0.13176117808079843,0.0847681740736255,1.5543708416599502
35,False,"Rubber, RSS3",oni,observable,18,market_adjusted_log_return,19,0.24127120828852627,0.06796240281083478,3.550068836737215
35,False,Coconut oil,oni,observable,24,seasonal_adjusted_log_return,19,-0.006688618615244762,0.10954580934841134,-0.06105773151003482
35,False,Palm oil,oni,observable,24,seasonal_adjusted_log_return,19,-0.016975425930390232,0.09398748385621498,-0.18061368635381042
35,False,"Rubber, RSS3",oni,observable,24,seasonal_adjusted_log_return,19,0.04462541032495878,0.0765293811791548,0.5831147415198743
35,False,Coconut oil,oni,observable,24,market_adjusted_log_return,19,0.5320694715220463,0.11796636066036394,4.510349124475608
35,False,Palm oil,oni,observable,24,market_adjusted_log_return,19,0.22922266482552978,0.1029357328237648,2.2268522167902525
35,False,"Rubber, RSS3",oni,observable,24,market_adjusted_log_return,19,0.3622649125967228,0.07123330072294824,5.0856117703389945
36,False,Coconut oil,roni,retrospective,6,seasonal_adjusted_log_return,18,-0.042698840847374055,0.08038021458197842,-0.5312108342759676
36,False,Palm oil,roni,retrospective,6,seasonal_adjusted_log_return,18,-0.06291362586905262,0.05279518177823484,-1.1916546879849776
36,False,"Rubber, RSS3",roni,retrospective,6,seasonal_adjusted_log_return,18,-0.012851879626328189,0.042168666826744444,-0.304773202319434
36,False,Coconut oil,roni,retrospective,6,market_adjusted_log_return,18,0.13191677496188295,0.07845188317470068,1.6814991511181943
36,False,Palm oil,roni,retrospective,6,market_adjusted_log_return,18,0.029836364872125945,0.050793847244551035,0.5874011615713294
36,False,"Rubber, RSS3",roni,retrospective,6,market_adjusted_log_return,18,0.08968874714314214,0.03829260167646935,2.3421951817459172
36,False,Coconut oil,roni,retrospective,12,seasonal_adjusted_log_return,18,-0.031340884817940874,0.11049354918059909,-0.2836444756310157
36,False,Palm oil,roni,retrospective,12,seasonal_adjusted_log_return,18,-0.001644728794943936,0.07300999824604425,-0.02252744602733981
36,False,"Rubber, RSS3",roni,retrospective,12,seasonal_adjusted_log_return,18,-0.004094781513909414,0.060565102696326055,-0.06760958591023421
36,False,Coconut oil,roni,retrospective,12,market_adjusted_log_return,18,0.2771872613273929,0.10675422049609835,2.596499323767003
36,False,Palm oil,roni,retrospective,12,market_adjusted_log_return,18,0.1548133214079134,0.06748469396309426,2.2940508775601334
36,False,"Rubber, RSS3",roni,retrospective,12,market_adjusted_log_return,18,0.1773183150701004,0.05232804569366345,3.388590434050404
36,False,Coconut oil,roni,retrospective,18,seasonal_adjusted_log_return,18,0.02513387633917952,0.13718672643062021,0.18320924329286725
36,False,Palm oil,roni,retrospective,18,seasonal_adjusted_log_return,18,0.03582489871289769,0.0931045559994792,0.3847813710974368
36,False,"Rubber, RSS3",roni,retrospective,18,seasonal_adjusted_log_return,18,0.04693448490484812,0.06509768488760777,0.7209854695429074
36,False,Coconut oil,roni,retrospective,18,market_adjusted_log_return,18,0.4670997470733871,0.13793962062599374,3.38626237301225
36,False,Palm oil,roni,retrospective,18,market_adjusted_log_return,18,0.2555151801283964,0.09213211027866969,2.7733564265004462
36,False,"Rubber, RSS3",roni,retrospective,18,market_adjusted_log_return,18,0.30694828399719015,0.05848506977015681,5.2483186769457655
36,False,Coconut oil,roni,retrospective,24,seasonal_adjusted_log_return,18,0.06200663146344909,0.10078451433621476,0.6152396712117542
36,False,Palm oil,roni,retrospective,24,seasonal_adjusted_log_return,18,0.038620405299910426,0.07671326431932309,0.5034384293588513
36,False,"Rubber, RSS3",roni,retrospective,24,seasonal_adjusted_log_return,18,0.060969823966836194,0.09149325795049797,0.6663859756729141
36,False,Coconut oil,roni,retrospective,24,market_adjusted_log_return,18,0.6549545898984905,0.10260494972084105,6.3832650537857685
36,False,Palm oil,roni,retrospective,24,market_adjusted_log_return,18,0.3391250631089249,0.0709395928427534,4.780476593101381
36,False,"Rubber, RSS3",roni,retrospective,24,market_adjusted_log_return,18,0.40962629395173156,0.08512270772248438,4.812185900937131
36,False,Coconut oil,roni,observable,6,seasonal_adjusted_log_return,18,-0.009282422607055458,0.06500659294455308,-0.14279201826456028
36,False,Palm oil,roni,observable,6,seasonal_adjusted_log_return,18,0.04606510262414703,0.04651294501656519,0.9903716612169222
36,False,"Rubber, RSS3",roni,observable,6,seasonal_adjusted_log_return,18,-0.010662796739969643,0.048635020842599956,-0.2192411261522475
36,False,Coconut oil,roni,observable,6,market_adjusted_log_return,18,0.16053811083394737,0.05823687788314586,2.756640065012966
36,False,Palm oil,roni,observable,6,market_adjusted_log_return,18,0.13400968470985708,0.043023141530390684,3.1148279726434045
36,False,"Rubber, RSS3",roni,observable,6,market_adjusted_log_return,18,0.08913324105613861,0.042023728054585714,2.1210217461040375
36,False,Coconut oil,roni,observable,12,seasonal_adjusted_log_return,18,0.04719233855006495,0.09937411986406482,0.4748956631225512
36,False,Palm oil,roni,observable,12,seasonal_adjusted_log_return,18,0.08353473013198867,0.07213498012278659,1.1580335918828517
36,False,"Rubber, RSS3",roni,observable,12,seasonal_adjusted_log_return,18,0.0403664696787879,0.06263947714783072,0.644425393007704
36,False,Coconut oil,roni,observable,12,market_adjusted_log_return,18,0.35045059657994143,0.09774904487781234,3.585207374844527
36,False,Palm oil,roni,observable,12,market_adjusted_log_return,18,0.23471154343034012,0.06944714140775066,3.3797149698683655
36,False,"Rubber, RSS3",roni,observable,12,market_adjusted_log_return,18,0.21876320998322835,0.058261112091282916,3.7548752869748245
36,False,Coconut oil,roni,observable,18,seasonal_adjusted_log_return,18,0.08406509367433454,0.0739475433876087,1.136820641000783
36,False,Palm oil,roni,observable,18,seasonal_adjusted_log_return,18,0.08633023671900142,0.06163026376851691,1.4007766872985898
36,False,"Rubber, RSS3",roni,observable,18,seasonal_adjusted_log_return,18,0.05440180874077597,0.08910276814481824,0.6105512754930016
36,False,Coconut oil,roni,observable,18,market_adjusted_log_return,18,0.5383054394050448,0.07368702423859771,7.3052948598116565
36,False,Palm oil,roni,observable,18,market_adjusted_log_return,18,0.3183214264108685,0.055418801581455374,5.743924757069944
36,False,"Rubber, RSS3",roni,observable,18,market_adjusted_log_return,18,0.32144121993776986,0.08407822511640341,3.823120903096439
36,False,Coconut oil,roni,observable,24,seasonal_adjusted_log_return,18,0.17981973244406851,0.06961754767467858,2.5829656236149336
36,False,Palm oil,roni,observable,24,seasonal_adjusted_log_return,18,0.1332551886690577,0.07304984306705736,1.8241680347859721
36,False,"Rubber, RSS3",roni,observable,24,seasonal_adjusted_log_return,18,0.09212357190948978,0.10009464391784144,0.9203646499317747
36,False,Coconut oil,roni,observable,24,market_adjusted_log_return,18,0.7846474679523934,0.07806945022759879,10.050633963283733
36,False,Palm oil,roni,observable,24,market_adjusted_log_return,18,0.4456652068428778,0.06970120469401919,6.3939383659048685
36,False,"Rubber, RSS3",roni,observable,24,market_adjusted_log_return,18,0.4475797384704429,0.09193670392637955,4.8683465836327215
36,False,Coconut oil,oni,retrospective,6,seasonal_adjusted_log_return,19,-0.039952230776553056,0.06033295252304913,-0.6621958499592743
36,False,Palm oil,oni,retrospective,6,seasonal_adjusted_log_return,19,-0.02708478588994953,0.058017859967634304,-0.46683531424735386
36,False,"Rubber, RSS3",oni,retrospective,6,seasonal_adjusted_log_return,19,-0.06312655559743265,0.060353139955973384,-1.0459531292569437
36,False,Coconut oil,oni,retrospective,6,market_adjusted_log_return,19,0.1453653785126807,0.053115244617800886,2.736792036988254
36,False,Palm oil,oni,retrospective,6,market_adjusted_log_return,19,0.07639024524676481,0.05155273692479276,1.4817883550626232
36,False,"Rubber, RSS3",oni,retrospective,6,market_adjusted_log_return,19,0.04553963295437476,0.05124211082146889,0.888715008502246
36,False,Coconut oil,oni,retrospective,12,seasonal_adjusted_log_return,19,-0.03538771419148632,0.10566589293305811,-0.3349019556755678
36,False,Palm oil,oni,retrospective,12,seasonal_adjusted_log_return,19,0.0214492496968985,0.07748597975091544,0.2768145897599636
36,False,"Rubber, RSS3",oni,retrospective,12,seasonal_adjusted_log_return,19,0.021592415068118837,0.06946953845468436,0.3108184615650466
36,False,Coconut oil,oni,retrospective,12,market_adjusted_log_return,19,0.27283566016418404,0.10268726797934999,2.656957045726937
36,False,Palm oil,oni,retrospective,12,market_adjusted_log_return,19,0.17760187177912803,0.07314821958831208,2.4279725846875704
36,False,"Rubber, RSS3",oni,retrospective,12,market_adjusted_log_return,19,0.2028310676636708,0.06130168531237635,3.308735585817911
36,False,Coconut oil,oni,retrospective,18,seasonal_adjusted_log_return,19,0.0029858889868858416,0.1286999166729769,0.023200395649617296
36,False,Palm oil,oni,retrospective,18,seasonal_adjusted_log_return,19,0.06246195160283304,0.09462909194986147,0.6600713408084699
36,False,"Rubber, RSS3",oni,retrospective,18,seasonal_adjusted_log_return,19,0.06785975377746951,0.07191177984107863,0.9436528191547492
36,False,Coconut oil,oni,retrospective,18,market_adjusted_log_return,19,0.4378781184272298,0.1292012023360201,3.3891179842770973
36,False,Palm oil,oni,retrospective,18,market_adjusted_log_return,19,0.27506335852385944,0.09402213943146327,2.92551690683836
36,False,"Rubber, RSS3",oni,retrospective,18,market_adjusted_log_return,19,0.3238247719718673,0.06570980748401244,4.928104104560886
36,False,Coconut oil,oni,retrospective,24,seasonal_adjusted_log_return,19,0.032410843353536924,0.11437515365698919,0.283373113104066
36,False,Palm oil,oni,retrospective,24,seasonal_adjusted_log_return,19,0.026887320612179366,0.08275938658303272,0.3248854507301506
36,False,"Rubber, RSS3",oni,retrospective,24,seasonal_adjusted_log_return,19,0.048916146677885124,0.0925665927804293,0.528442769778895
36,False,Coconut oil,oni,retrospective,24,market_adjusted_log_return,19,0.6330110932802865,0.115445441434229,5.483205620041069
36,False,Palm oil,oni,retrospective,24,market_adjusted_log_return,19,0.33506074924604395,0.07537013685062759,4.445537227961847
36,False,"Rubber, RSS3",oni,retrospective,24,market_adjusted_log_return,19,0.4019526029145579,0.08550198112738244,4.701091104727988
36,False,Coconut oil,oni,observable,6,seasonal_adjusted_log_return,19,-0.020591684672131655,0.07816838814282875,-0.2634272646700437
36,False,Palm oil,oni,observable,6,seasonal_adjusted_log_return,19,0.04851585571376611,0.054755148612807995,0.8860510279469422
36,False,"Rubber, RSS3",oni,observable,6,seasonal_adjusted_log_return,19,0.045010498438150456,0.04212422807457489,1.0685180594518158
36,False,Coconut oil,oni,observable,6,market_adjusted_log_return,19,0.13324314802725873,0.07446369449550447,1.7893706312853292
36,False,Palm oil,oni,observable,6,market_adjusted_log_return,19,0.12044031159350209,0.05068991881012854,2.376021000243474
36,False,"Rubber, RSS3",oni,observable,6,market_adjusted_log_return,19,0.1356567084278871,0.03889483350026534,3.487782212178943
36,False,Coconut oil,oni,observable,12,seasonal_adjusted_log_return,19,0.017781918506240516,0.10791968570585718,0.1647699248745628
36,False,Palm oil,oni,observable,12,seasonal_adjusted_log_return,19,0.08952855761970065,0.07828497056546117,1.1436238268089747
36,False,"Rubber, RSS3",oni,observable,12,seasonal_adjusted_log_return,19,0.09127783714750114,0.0670972895772772,1.3603803927485736
36,False,Coconut oil,oni,observable,12,market_adjusted_log_return,19,0.29828560629030443,0.10641449063362927,2.803054400901673
36,False,Palm oil,oni,observable,12,market_adjusted_log_return,19,0.21790179833823342,0.07542776418108735,2.8888805163983613
36,False,"Rubber, RSS3",oni,observable,12,market_adjusted_log_return,19,0.2566504127360836,0.06141903175292997,4.1786789112617395
36,False,Coconut oil,oni,observable,18,seasonal_adjusted_log_return,19,0.04720687287289158,0.10243042337138067,0.46086769261642346
36,False,Palm oil,oni,observable,18,seasonal_adjusted_log_return,19,0.05395392662904697,0.06983903912990798,0.7725468062166058
36,False,"Rubber, RSS3",oni,observable,18,seasonal_adjusted_log_return,19,0.07233423004791673,0.09611400842481334,0.7525877989419335
36,False,Coconut oil,oni,observable,18,market_adjusted_log_return,19,0.49341858114336096,0.10077583399245674,4.896199431902437
36,False,Palm oil,oni,observable,18,market_adjusted_log_return,19,0.27789918906041805,0.06328506218514227,4.391228821857139
36,False,"Rubber, RSS3",oni,observable,18,market_adjusted_log_return,19,0.33477824367877423,0.08826437585832941,3.792903313745934
36,False,Coconut oil,oni,observable,24,seasonal_adjusted_log_return,19,0.15794976598536273,0.10115438444791887,1.5614722668465841
36,False,Palm oil,oni,observable,24,seasonal_adjusted_log_return,19,0.098590757735127,0.08461355166552824,1.1651887409814652
36,False,"Rubber, RSS3",oni,observable,24,seasonal_adjusted_log_return,19,0.12254986764577129,0.10525014700053788,1.1643676625472552
36,False,Coconut oil,oni,observable,24,market_adjusted_log_return,19,0.746153856258594,0.10205784115898701,7.311087984863661
36,False,Palm oil,oni,observable,24,market_adjusted_log_return,19,0.3943413313857365,0.07896377204338269,4.9939525580045165
36,False,"Rubber, RSS3",oni,observable,24,market_adjusted_log_return,19,0.4684910624282665,0.09591796227465087,4.884289150000834
37,False,Coconut oil,roni,retrospective,6,seasonal_adjusted_log_return,18,0.07659180317651675,0.050047372258101075,1.5303861066175952
37,False,Palm oil,roni,retrospective,6,seasonal_adjusted_log_return,18,0.06125759782461256,0.040811718095743424,1.500980617402667
37,False,"Rubber, RSS3",roni,retrospective,6,seasonal_adjusted_log_return,18,0.0559223614740012,0.05584425603723634,1.001398629730384
37,False,Coconut oil,roni,retrospective,6,market_adjusted_log_return,18,0.23139092994298258,0.05210684590169581,4.440701138954411
37,False,Palm oil,roni,retrospective,6,market_adjusted_log_return,18,0.13414842439424934,0.040338919382604976,3.3255334165470254
37,False,"Rubber, RSS3",roni,retrospective,6,market_adjusted_log_return,18,0.14712051002502202,0.0520362075984491,2.827271948031179
37,False,Coconut oil,roni,retrospective,12,seasonal_adjusted_log_return,18,0.11346455830078635,0.04938123377916433,2.2977262740782516
37,False,Palm oil,roni,retrospective,12,seasonal_adjusted_log_return,18,0.06405310441162532,0.044060958697071356,1.4537383276656393
37,False,"Rubber, RSS3",roni,retrospective,12,seasonal_adjusted_log_return,18,0.06995770053598926,0.09606401531930524,0.7282404374151786
37,False,Coconut oil,roni,retrospective,12,market_adjusted_log_return,18,0.41924577276808594,0.05176901947276436,8.098391220035582
37,False,Palm oil,roni,retrospective,12,market_adjusted_log_return,18,0.21775830737477772,0.04015906900082615,5.422394313232162
37,False,"Rubber, RSS3",roni,retrospective,12,market_adjusted_log_return,18,0.24979851997956354,0.08854346047829906,2.8211967166201526
37,False,Coconut oil,roni,retrospective,18,seasonal_adjusted_log_return,18,0.20921919707052028,0.08342112767556466,2.5079881188396334
37,False,Palm oil,roni,retrospective,18,seasonal_adjusted_log_return,18,0.1109780563616816,0.06785135878044032,1.6356055111703014
37,False,"Rubber, RSS3",roni,retrospective,18,seasonal_adjusted_log_return,18,0.10767946370470305,0.10049991361999873,1.0714383707019988
37,False,Coconut oil,roni,retrospective,18,market_adjusted_log_return,18,0.6655878013154345,0.08424974811545208,7.900175563769554
37,False,Palm oil,roni,retrospective,18,market_adjusted_log_return,18,0.345102087806787,0.06379168055292324,5.409829068862377
37,False,"Rubber, RSS3",roni,retrospective,18,market_adjusted_log_return,18,0.3759370385122366,0.09109575128453742,4.126833943528254
37,False,Coconut oil,roni,retrospective,24,seasonal_adjusted_log_return,18,0.2631663208429866,0.1284099524904747,2.049423083950661
37,False,Palm oil,roni,retrospective,24,seasonal_adjusted_log_return,18,0.1137155217765948,0.08928480246484895,1.2736268506766772
37,False,"Rubber, RSS3",roni,retrospective,24,seasonal_adjusted_log_return,18,0.14517293900877853,0.1130508361405586,1.2841385695571665
37,False,Coconut oil,roni,retrospective,24,market_adjusted_log_return,18,0.8305503630350322,0.12380736340169875,6.70840845176771
37,False,Palm oil,roni,retrospective,24,market_adjusted_log_return,18,0.38860121103669365,0.07970090071275512,4.875744283458304
37,False,"Rubber, RSS3",roni,retrospective,24,market_adjusted_log_return,18,0.47919724269326036,0.10102754419810384,4.7432336052196575
37,False,Coconut oil,roni,observable,6,seasonal_adjusted_log_return,18,0.056361414693693525,0.04673469736589401,1.2059865125996279
37,False,Palm oil,roni,observable,6,seasonal_adjusted_log_return,18,0.003778745512453736,0.0430948166424277,0.0876844550426393
37,False,"Rubber, RSS3",roni,observable,6,seasonal_adjusted_log_return,18,0.009931977837727304,0.05358165989509074,0.18536151842203924
37,False,Coconut oil,roni,observable,6,market_adjusted_log_return,18,0.22554152610242895,0.04696372175078212,4.80246278817698
37,False,Palm oil,roni,observable,6,market_adjusted_log_return,18,0.09108152640672129,0.04224579591910915,2.1559903044819224
37,False,"Rubber, RSS3",roni,observable,6,market_adjusted_log_return,18,0.10936145357857328,0.05040569913999086,2.1696247734774126
37,False,Coconut oil,roni,observable,12,seasonal_adjusted_log_return,18,0.1521160534634275,0.09348672997865687,1.6271405952283897
37,False,Palm oil,roni,observable,12,seasonal_adjusted_log_return,18,0.05070369746251001,0.07241083382837452,0.7002225327592007
37,False,"Rubber, RSS3",roni,observable,12,seasonal_adjusted_log_return,18,0.04765374100644112,0.06745757129577369,0.7064253884489715
37,False,Coconut oil,roni,observable,12,market_adjusted_log_return,18,0.4718835546497773,0.08923829061835468,5.287904456483611
37,False,Palm oil,roni,observable,12,market_adjusted_log_return,18,0.21842530683873054,0.06919140349374939,3.156827233002473
37,False,"Rubber, RSS3",roni,observable,12,market_adjusted_log_return,18,0.23549997211124632,0.061564672291435356,3.82524528022231
37,False,Coconut oil,roni,observable,18,seasonal_adjusted_log_return,18,0.20606317723589374,0.1423712680362354,1.4473649078088417
37,False,Palm oil,roni,observable,18,seasonal_adjusted_log_return,18,0.05344116287742323,0.10249224786411296,0.5214166338538794
37,False,"Rubber, RSS3",roni,observable,18,seasonal_adjusted_log_return,18,0.0851472163105166,0.08051070374707878,1.0575887720222052
37,False,Coconut oil,roni,observable,18,market_adjusted_log_return,18,0.636846116369375,0.1346926864214427,4.728141766931088
37,False,Palm oil,roni,observable,18,market_adjusted_log_return,18,0.26192443006863714,0.09414848393497693,2.7820355583158793
37,False,"Rubber, RSS3",roni,observable,18,market_adjusted_log_return,18,0.33876017629227,0.07128771367862749,4.7520134790608735
37,False,Coconut oil,roni,observable,24,seasonal_adjusted_log_return,18,0.16528586247075683,0.15505919012952843,1.0659533455107406
37,False,Palm oil,roni,observable,24,seasonal_adjusted_log_return,18,0.07257607097079756,0.12716420589240976,0.5707271984398049
37,False,"Rubber, RSS3",roni,observable,24,seasonal_adjusted_log_return,18,0.097808718392067,0.08015607699002886,1.2202283602805821
37,False,Coconut oil,roni,observable,24,market_adjusted_log_return,18,0.7282756614310457,0.14092662384933258,5.167764908706388
37,False,Palm oil,roni,observable,24,market_adjusted_log_return,18,0.3430580539254707,0.1085072775912587,3.1616133179357115
37,False,"Rubber, RSS3",roni,observable,24,market_adjusted_log_return,18,0.42931786371347347,0.06812915762752236,6.301529017291717
37,False,Coconut oil,oni,retrospective,6,seasonal_adjusted_log_return,19,0.048245561006883465,0.04829558737279093,0.9989641628018453
37,False,Palm oil,oni,retrospective,6,seasonal_adjusted_log_return,19,0.06314016979691343,0.04385812305645768,1.4396459628615288
37,False,"Rubber, RSS3",oni,retrospective,6,seasonal_adjusted_log_return,19,0.06493180029517101,0.05281863670000541,1.2293350292996934
37,False,Coconut oil,oni,retrospective,6,market_adjusted_log_return,19,0.19703957595009916,0.050686515516052355,3.8874160897427834
37,False,Palm oil,oni,retrospective,6,market_adjusted_log_return,19,0.13001295243813937,0.04263499905077644,3.0494418982700005
37,False,"Rubber, RSS3",oni,retrospective,6,market_adjusted_log_return,19,0.15269276832912418,0.049530742118282366,3.082787816190695
37,False,Coconut oil,oni,retrospective,12,seasonal_adjusted_log_return,19,0.07767051537353455,0.04888191161386661,1.5889418561834907
37,False,Palm oil,oni,retrospective,12,seasonal_adjusted_log_return,19,0.027565538806259764,0.041430012387799676,0.6653519325129933
37,False,"Rubber, RSS3",oni,retrospective,12,seasonal_adjusted_log_return,19,0.045988193195586606,0.08583470262897712,0.5357762278780396
37,False,Coconut oil,oni,retrospective,12,market_adjusted_log_return,19,0.39217255080315566,0.05479421364781586,7.157189139054065
37,False,Palm oil,oni,retrospective,12,market_adjusted_log_return,19,0.19001034316032397,0.03956159488550867,4.802898965782705
37,False,"Rubber, RSS3",oni,retrospective,12,market_adjusted_log_return,19,0.2308205992718148,0.080066711167692,2.8828535093490144
37,False,Coconut oil,oni,retrospective,18,seasonal_adjusted_log_return,19,0.1884134084860057,0.08195105657972702,2.2990967578643184
37,False,Palm oil,oni,retrospective,18,seasonal_adjusted_log_return,19,0.07220236991233979,0.06633596287194113,1.0884347914226182
37,False,"Rubber, RSS3",oni,retrospective,18,seasonal_adjusted_log_return,19,0.09620383079344119,0.09511531933456016,1.0114441234755496
37,False,Coconut oil,oni,retrospective,18,market_adjusted_log_return,19,0.6449078259183888,0.08439840186123325,7.641232673797992
37,False,Palm oil,oni,retrospective,18,market_adjusted_log_return,19,0.3064524854856425,0.0651704274439469,4.702324313419954
37,False,"Rubber, RSS3",oni,retrospective,18,market_adjusted_log_return,19,0.36453341802130707,0.0879786662332311,4.14342969300001
37,False,Coconut oil,oni,retrospective,24,seasonal_adjusted_log_return,19,0.2155519227419187,0.11529527500371547,1.8695642361317268
37,False,Palm oil,oni,retrospective,24,seasonal_adjusted_log_return,19,0.09021774639007452,0.08339578711711268,1.0818022049888654
37,False,"Rubber, RSS3",oni,retrospective,24,seasonal_adjusted_log_return,19,0.09119536953004344,0.10368239130502782,0.8795646819309147
37,False,Coconut oil,oni,retrospective,24,market_adjusted_log_return,19,0.7922919103799628,0.11173607593994143,7.090744002911134
37,False,Palm oil,oni,retrospective,24,market_adjusted_log_return,19,0.3744795292755807,0.0736555185578399,5.084201925501494
37,False,"Rubber, RSS3",oni,retrospective,24,market_adjusted_log_return,19,0.430574789713976,0.09285162990531276,4.637234587621811
37,False,Coconut oil,oni,observable,6,seasonal_adjusted_log_return,19,0.03645363253693116,0.040585633607928606,0.8981905491259784
37,False,Palm oil,oni,observable,6,seasonal_adjusted_log_return,19,-0.022546379427805435,0.034681023137356326,-0.6501071014689824
37,False,"Rubber, RSS3",oni,observable,6,seasonal_adjusted_log_return,19,-0.0031133657465357597,0.04470837343593924,-0.06963719561385456
37,False,Coconut oil,oni,observable,6,market_adjusted_log_return,19,0.21774211289348352,0.04555662812901683,4.779592385038587
37,False,Palm oil,oni,observable,6,market_adjusted_log_return,19,0.07689084598208985,0.03823306954957228,2.0111083647729258
37,False,"Rubber, RSS3",oni,observable,6,market_adjusted_log_return,19,0.10324664702107601,0.04251819222535225,2.4282934343458122
37,False,Coconut oil,oni,observable,12,seasonal_adjusted_log_return,19,0.14719652564940228,0.09309100419968307,1.5812110623885978
37,False,Palm oil,oni,observable,12,seasonal_adjusted_log_return,19,0.02209045167827459,0.06698694990440236,0.3297724662758949
37,False,"Rubber, RSS3",oni,observable,12,seasonal_adjusted_log_return,19,0.04710227185131881,0.05998082014519907,0.7852888929710462
37,False,Coconut oil,oni,observable,12,market_adjusted_log_return,19,0.4704773880087166,0.09246390308604945,5.088227646748563
37,False,Palm oil,oni,observable,12,market_adjusted_log_return,19,0.1933329883074084,0.06740297288215472,2.868315447234439
37,False,"Rubber, RSS3",oni,observable,12,market_adjusted_log_return,19,0.23695946577056826,0.055737259881892716,4.2513655366748475
37,False,Coconut oil,oni,observable,18,seasonal_adjusted_log_return,19,0.17433503990531535,0.12978522491394034,1.34325798657679
37,False,Palm oil,oni,observable,18,seasonal_adjusted_log_return,19,0.0401058281560093,0.0909359191440246,0.4410339559276853
37,False,"Rubber, RSS3",oni,observable,18,seasonal_adjusted_log_return,19,0.042093810587921054,0.07047132345935307,0.5973182923434127
37,False,Coconut oil,oni,observable,18,market_adjusted_log_return,19,0.6178614724702904,0.12426296486291513,4.972209323605831
37,False,Palm oil,oni,observable,18,market_adjusted_log_return,19,0.2613600320973466,0.08448881975917213,3.093427424389761
37,False,"Rubber, RSS3",oni,observable,18,market_adjusted_log_return,19,0.3030008374632372,0.06189745730062811,4.895206534762818
37,False,Coconut oil,oni,observable,24,seasonal_adjusted_log_return,19,0.1391281706314619,0.14503423735283305,0.9592781206067701
37,False,Palm oil,oni,observable,24,seasonal_adjusted_log_return,19,0.04019024363376955,0.1148261547287175,0.3500094880710845
37,False,"Rubber, RSS3",oni,observable,24,seasonal_adjusted_log_return,19,0.06134035444023591,0.06745565580623512,0.9093433857708644
37,False,Coconut oil,oni,observable,24,market_adjusted_log_return,19,0.7084403866478399,0.13263168375189216,5.34141139286964
37,False,Palm oil,oni,observable,24,market_adjusted_log_return,19,0.3170082590716287,0.10006568997176302,3.1680015314048555
37,False,"Rubber, RSS3",oni,observable,24,market_adjusted_log_return,19,0.39646829810638384,0.058218403329576666,6.810016685994654
38,False,Coconut oil,roni,retrospective,6,seasonal_adjusted_log_return,18,0.09854910106028858,0.06470519095044656,1.5230478360810469
38,False,Palm oil,roni,retrospective,6,seasonal_adjusted_log_return,18,0.054045774022548516,0.04897246678788644,1.1035950926596367
38,False,"Rubber, RSS3",roni,retrospective,6,seasonal_adjusted_log_return,18,0.03231075552705843,0.048531838731350446,0.665764091608308
38,False,Coconut oil,roni,retrospective,6,market_adjusted_log_return,18,0.27416272563160304,0.05815772347774338,4.714124096286601
38,False,Palm oil,roni,retrospective,6,market_adjusted_log_return,18,0.14779592275374925,0.04282163509794238,3.451431091216108
38,False,"Rubber, RSS3",roni,retrospective,6,market_adjusted_log_return,18,0.13542261833238825,0.04183926291423824,3.2367352792513664
38,False,Coconut oil,roni,retrospective,12,seasonal_adjusted_log_return,18,0.15249622483275485,0.11776683511284226,1.2948995758155124
38,False,Palm oil,roni,retrospective,12,seasonal_adjusted_log_return,18,0.056783239437461726,0.07989174915438306,0.7107522371019017
38,False,"Rubber, RSS3",roni,retrospective,12,seasonal_adjusted_log_return,18,0.0698042308311339,0.061440495252673005,1.1361274114745523
38,False,Coconut oil,roni,retrospective,12,market_adjusted_log_return,18,0.43912528735120065,0.10798235282996126,4.0666393706264845
38,False,Palm oil,roni,retrospective,12,market_adjusted_log_return,18,0.1912950459836559,0.0680989865188174,2.8090733175712743
38,False,"Rubber, RSS3",roni,retrospective,12,market_adjusted_log_return,18,0.238682822513412,0.05186536852223384,4.601969084844978
38,False,Coconut oil,roni,retrospective,18,seasonal_adjusted_log_return,18,0.11171891006761789,0.13091721536663473,0.8533553799990946
38,False,Palm oil,roni,retrospective,18,seasonal_adjusted_log_return,18,0.07591814753083605,0.10243097508001782,0.7411639640404646
38,False,"Rubber, RSS3",roni,retrospective,18,seasonal_adjusted_log_return,18,0.08246573291268433,0.07252288749761546,1.137099414517876
38,False,Coconut oil,roni,retrospective,18,market_adjusted_log_return,18,0.5305548324128715,0.11281159802514487,4.703016726122564
38,False,Palm oil,roni,retrospective,18,market_adjusted_log_return,18,0.27242866984048947,0.07970030114248924,3.4181636196510463
38,False,"Rubber, RSS3",roni,retrospective,18,market_adjusted_log_return,18,0.32924050993461534,0.06130507496710115,5.370526177666359
38,False,Coconut oil,roni,retrospective,24,seasonal_adjusted_log_return,18,0.14435464505032733,0.09976808455111029,1.4469020398640182
38,False,Palm oil,roni,retrospective,24,seasonal_adjusted_log_return,18,0.09709594145624537,0.0929683490788111,1.0443978237575804
38,False,"Rubber, RSS3",roni,retrospective,24,seasonal_adjusted_log_return,18,0.08284501166988743,0.07281259064828702,1.1377841515083689
38,False,Coconut oil,roni,retrospective,24,market_adjusted_log_return,18,0.6951472267373773,0.08325786520757494,8.349328018491297
38,False,Palm oil,roni,retrospective,24,market_adjusted_log_return,18,0.3553544402335669,0.06994389206132223,5.080564288901958
38,False,"Rubber, RSS3",roni,retrospective,24,market_adjusted_log_return,18,0.40737276533565464,0.06302657305318304,6.463508098273178
38,False,Coconut oil,roni,observable,6,seasonal_adjusted_log_return,18,0.08296398897540742,0.07236989396559401,1.1463881516097016
38,False,Palm oil,roni,observable,6,seasonal_adjusted_log_return,18,0.020376582868404814,0.05271897863595783,0.3865132329120397
38,False,"Rubber, RSS3",roni,observable,6,seasonal_adjusted_log_return,18,0.06844456110837752,0.04321384043139612,1.5838574036722397
38,False,Coconut oil,roni,observable,6,market_adjusted_log_return,18,0.21417408113284883,0.06533615378179898,3.278033198099157
38,False,Palm oil,roni,observable,6,market_adjusted_log_return,18,0.06962757546254683,0.046219859679468935,1.5064428136608061
38,False,"Rubber, RSS3",roni,observable,6,market_adjusted_log_return,18,0.1461409177592615,0.03905011211760915,3.7423943193587172
38,False,Coconut oil,roni,observable,12,seasonal_adjusted_log_return,18,0.042186674210270475,0.09242678988102514,0.4564334027458335
38,False,Palm oil,roni,observable,12,seasonal_adjusted_log_return,18,0.039511490961779125,0.07729330271554856,0.511189062617593
38,False,"Rubber, RSS3",roni,observable,12,seasonal_adjusted_log_return,18,0.0811060631899279,0.0605214918202005,1.3401200259716137
38,False,Coconut oil,roni,observable,12,market_adjusted_log_return,18,0.3056036261945196,0.0801173964826861,3.814447793002891
38,False,Palm oil,roni,observable,12,market_adjusted_log_return,18,0.15076119931938034,0.06117417430624349,2.464458262479458
38,False,"Rubber, RSS3",roni,observable,12,market_adjusted_log_return,18,0.23669860518046482,0.05532039825724915,4.278685848930019
38,False,Coconut oil,roni,observable,18,seasonal_adjusted_log_return,18,0.07482240919297989,0.06307761405316294,1.1861959320452138
38,False,Palm oil,roni,observable,18,seasonal_adjusted_log_return,18,0.060689284887188465,0.06853824021568729,0.885480641116573
38,False,"Rubber, RSS3",roni,observable,18,seasonal_adjusted_log_return,18,0.08148534194713103,0.06200082952182735,1.3142621248066393
38,False,Coconut oil,roni,observable,18,market_adjusted_log_return,18,0.4701960205190253,0.053038565154513516,8.865172335436231
38,False,Palm oil,roni,observable,18,market_adjusted_log_return,18,0.2336869697124578,0.05423518051999631,4.30877093930384
38,False,"Rubber, RSS3",roni,observable,18,market_adjusted_log_return,18,0.31483086058150406,0.06012079556877934,5.236638297996764
38,False,Coconut oil,roni,observable,24,seasonal_adjusted_log_return,17,0.12014075848682232,0.07413513921309066,1.620564279801178
38,False,Palm oil,roni,observable,24,seasonal_adjusted_log_return,17,0.06691291034826052,0.07241810812067813,0.9239803701686918
38,False,"Rubber, RSS3",roni,observable,24,seasonal_adjusted_log_return,17,0.10221789985129884,0.10103454389177,1.0117123897822162
38,False,Coconut oil,roni,observable,24,market_adjusted_log_return,17,0.6396984053768324,0.06908335089150973,9.259805685764016
38,False,Palm oil,roni,observable,24,market_adjusted_log_return,17,0.2938692093927051,0.06265867740459448,4.690000197341494
38,False,"Rubber, RSS3",roni,observable,24,market_adjusted_log_return,17,0.40886753359253813,0.0961165929166217,4.25387044198725
38,False,Coconut oil,oni,retrospective,6,seasonal_adjusted_log_return,19,0.1163877768253616,0.0744273255759972,1.5637774960289132
38,False,Palm oil,oni,retrospective,6,seasonal_adjusted_log_return,19,0.04967144305474213,0.054590514503547835,0.9098914620325476
38,False,"Rubber, RSS3",oni,retrospective,6,seasonal_adjusted_log_return,19,0.04281180271280102,0.04802846084659594,0.8913840243505398
38,False,Coconut oil,oni,retrospective,6,market_adjusted_log_return,19,0.28162547689092404,0.06753620581868351,4.169992576234034
38,False,Palm oil,oni,retrospective,6,market_adjusted_log_return,19,0.1330233225594267,0.04905303967045939,2.711826289524229
38,False,"Rubber, RSS3",oni,retrospective,6,market_adjusted_log_return,19,0.13998473771671086,0.04214451270172831,3.3215412575163126
38,False,Coconut oil,oni,retrospective,12,seasonal_adjusted_log_return,19,0.1435262910812746,0.11573971958076132,1.2400780959307947
38,False,Palm oil,oni,retrospective,12,seasonal_adjusted_log_return,19,0.06768681953247686,0.07783237795874014,0.8696486129250535
38,False,"Rubber, RSS3",oni,retrospective,12,seasonal_adjusted_log_return,19,0.037803341449403276,0.060751511153338725,0.6222617467734498
38,False,Coconut oil,oni,retrospective,12,market_adjusted_log_return,19,0.42900956135249785,0.10482996707111791,4.092432472686484
38,False,Palm oil,oni,retrospective,12,market_adjusted_log_return,19,0.2010503663493649,0.06471869494255951,3.106526893470354
38,False,"Rubber, RSS3",oni,retrospective,12,market_adjusted_log_return,19,0.2060261094093798,0.051031584965237194,4.037227327932792
38,False,Coconut oil,oni,retrospective,18,seasonal_adjusted_log_return,19,0.10831942180742116,0.1342793732120264,0.8066720838530083
38,False,Palm oil,oni,retrospective,18,seasonal_adjusted_log_return,19,0.0677712350102371,0.10077061432508941,0.6725297395886146
38,False,"Rubber, RSS3",oni,retrospective,18,seasonal_adjusted_log_return,19,0.05704988530171811,0.06952089978330472,0.8206148867396924
38,False,Coconut oil,oni,retrospective,18,market_adjusted_log_return,19,0.5195884755300474,0.11814958683025567,4.397717245313223
38,False,Palm oil,oni,retrospective,18,market_adjusted_log_return,19,0.25669859332364703,0.08117938406355953,3.162115557844889
38,False,"Rubber, RSS3",oni,retrospective,18,market_adjusted_log_return,19,0.29949357005252647,0.06109557087570903,4.90205043933229
38,False,Coconut oil,oni,retrospective,24,seasonal_adjusted_log_return,18,0.09722869488765506,0.11039375218236429,0.8807445436498862
38,False,Palm oil,oni,retrospective,24,seasonal_adjusted_log_return,18,0.058716235139654994,0.09882021003455727,0.5941723370059832
38,False,"Rubber, RSS3",oni,retrospective,24,seasonal_adjusted_log_return,18,0.02849912461172001,0.07124106746344383,0.40003786616959186
38,False,Coconut oil,oni,retrospective,24,market_adjusted_log_return,18,0.6553106433697297,0.09387729107729635,6.9805022689689915
38,False,Palm oil,oni,retrospective,24,market_adjusted_log_return,18,0.3242797984809559,0.07707402600125458,4.207381076417072
38,False,"Rubber, RSS3",oni,retrospective,24,market_adjusted_log_return,18,0.35719913522574476,0.06134725151679227,5.822577644378582
38,False,Coconut oil,oni,observable,6,seasonal_adjusted_log_return,19,0.07131499360890162,0.06480204173165986,1.100505349880971
38,False,Palm oil,oni,observable,6,seasonal_adjusted_log_return,19,0.02763590887856146,0.048785601960867106,0.5664767424767934
38,False,"Rubber, RSS3",oni,observable,6,seasonal_adjusted_log_return,19,0.017130255798976503,0.03893284579877518,0.439994956636728
38,False,Coconut oil,oni,observable,6,market_adjusted_log_return,19,0.2111331955230514,0.05808931956445649,3.6346302057949895
38,False,Palm oil,oni,observable,6,market_adjusted_log_return,19,0.08551354893260302,0.04317264358599059,1.9807346001937194
38,False,"Rubber, RSS3",oni,observable,6,market_adjusted_log_return,19,0.09975368591916436,0.035104924213897624,2.841586704798327
38,False,Coconut oil,oni,observable,12,seasonal_adjusted_log_return,19,0.03610812433504817,0.09190891608601336,0.39286856893466376
38,False,Palm oil,oni,observable,12,seasonal_adjusted_log_return,19,0.027720324356321685,0.07815610543690428,0.3546789364869314
38,False,"Rubber, RSS3",oni,observable,12,seasonal_adjusted_log_return,19,0.03637679965129135,0.05520463918052292,0.6589446139179851
38,False,Coconut oil,oni,observable,12,market_adjusted_log_return,19,0.3017121097006008,0.07829311170505926,3.85362266398596
38,False,Palm oil,oni,observable,12,market_adjusted_log_return,19,0.1411617759068852,0.06355984078172769,2.220927147877102
38,False,"Rubber, RSS3",oni,observable,12,market_adjusted_log_return,19,0.19322114656231104,0.051613814818622546,3.743593594879869
38,False,Coconut oil,oni,observable,18,seasonal_adjusted_log_return,18,0.031066569902475902,0.07037059131930608,0.4414709230097492
38,False,Palm oil,oni,observable,18,seasonal_adjusted_log_return,18,0.022564947625329554,0.07312868784983663,0.3085649187588967
38,False,"Rubber, RSS3",oni,observable,18,seasonal_adjusted_log_return,18,0.005590938435821381,0.05865177096197673,0.09532429019826054
38,False,Coconut oil,oni,observable,18,market_adjusted_log_return,18,0.4430539518146468,0.05792175029346484,7.649180999708765
38,False,Palm oil,oni,observable,18,market_adjusted_log_return,18,0.2122121810596255,0.057853014283764666,3.668126608213373
38,False,"Rubber, RSS3",oni,observable,18,market_adjusted_log_return,18,0.24844577683882385,0.05657103054316965,4.391749177155852
38,False,Coconut oil,oni,observable,24,seasonal_adjusted_log_return,18,0.08129067582342088,0.08627192998587276,0.9422610093078065
38,False,Palm oil,oni,observable,24,seasonal_adjusted_log_return,18,0.04013194834607047,0.06824486097281265,0.5880581742566405
38,False,"Rubber, RSS3",oni,observable,24,seasonal_adjusted_log_return,18,0.048610993737926746,0.08616625335898268,0.5641535037551814
38,False,Coconut oil,oni,observable,24,market_adjusted_log_return,18,0.6193688216288769,0.08554879819839896,7.239947663466631
38,False,Palm oil,oni,observable,24,market_adjusted_log_return,18,0.28564863049907074,0.06395055875735092,4.46671047211509
38,False,"Rubber, RSS3",oni,observable,24,market_adjusted_log_return,18,0.3658613123476938,0.08218926272359188,4.451449011996987
39,False,Coconut oil,roni,retrospective,6,seasonal_adjusted_log_return,18,-0.05116527366128999,0.05527738407695969,-0.9256095330063986
39,False,Palm oil,roni,retrospective,6,seasonal_adjusted_log_return,18,0.013578359119714209,0.04253936236106523,0.3191951728016967
39,False,"Rubber, RSS3",roni,retrospective,6,seasonal_adjusted_log_return,18,0.01350132376743374,0.04555990487458699,0.2963422290849577
39,False,Coconut oil,roni,retrospective,6,market_adjusted_log_return,18,0.10208562779200292,0.051447761005740444,1.9842579306923074
39,False,Palm oil,roni,retrospective,6,market_adjusted_log_return,18,0.0849176262479967,0.03073595258325457,2.7628109464959665
39,False,"Rubber, RSS3",roni,retrospective,6,market_adjusted_log_return,18,0.10381330565926512,0.04062287740651052,2.555537969908238
39,False,Coconut oil,roni,retrospective,12,seasonal_adjusted_log_return,18,-0.018529538678580565,0.05421580690220256,-0.34177373237301734
39,False,Palm oil,roni,retrospective,12,seasonal_adjusted_log_return,18,0.03475615304512353,0.05169843001647647,0.6722864317938982
39,False,"Rubber, RSS3",roni,retrospective,12,seasonal_adjusted_log_return,18,0.013880602524636876,0.049995811872038595,0.2776353059364948
39,False,Coconut oil,roni,retrospective,12,market_adjusted_log_return,18,0.2666780221165087,0.058150149479262114,4.586024705088904
39,False,Palm oil,roni,retrospective,12,market_adjusted_log_return,18,0.16784339664107414,0.04289288565257732,3.9130824165239835
39,False,"Rubber, RSS3",roni,retrospective,12,market_adjusted_log_return,18,0.18194556106030435,0.04712006803669696,3.8613178766763605
39,False,Coconut oil,roni,retrospective,18,seasonal_adjusted_log_return,17,0.04541850687803648,0.09959543787821892,0.4560299933976123
39,False,Palm oil,roni,retrospective,18,seasonal_adjusted_log_return,17,0.03645213081810038,0.07910136726504578,0.46082807514514684
39,False,"Rubber, RSS3",roni,retrospective,18,seasonal_adjusted_log_return,17,0.027944860655338064,0.09433159441953777,0.2962407327819976
39,False,Coconut oil,roni,retrospective,18,market_adjusted_log_return,17,0.4588235504331152,0.09528865728279114,4.815090940692449
39,False,Palm oil,roni,retrospective,18,market_adjusted_log_return,17,0.22752007885251593,0.06936534508417579,3.2800251851470965
39,False,"Rubber, RSS3",roni,retrospective,18,market_adjusted_log_return,17,0.2716111342359389,0.08709718338654646,3.11848355681607
39,False,Coconut oil,roni,retrospective,24,seasonal_adjusted_log_return,17,0.09379789019635666,0.13161633453654734,0.7126614680969616
39,False,Palm oil,roni,retrospective,24,seasonal_adjusted_log_return,17,0.05219000105013972,0.09592368794633276,0.544078341518092
39,False,"Rubber, RSS3",roni,retrospective,24,seasonal_adjusted_log_return,17,0.06566777763809967,0.11142834855979308,0.5893273882890041
39,False,Coconut oil,roni,retrospective,24,market_adjusted_log_return,17,0.6316397820438099,0.11556630527935681,5.46560505258826
39,False,Palm oil,roni,retrospective,24,market_adjusted_log_return,17,0.29746992046842835,0.08136368702218418,3.6560526121108774
39,False,"Rubber, RSS3",roni,retrospective,24,market_adjusted_log_return,17,0.38278287020621604,0.09601451348344804,3.9867188440443857
39,False,Coconut oil,roni,observable,6,seasonal_adjusted_log_return,19,0.031017124840305114,0.055773194055532334,0.5561296132586909
39,False,Palm oil,roni,observable,6,seasonal_adjusted_log_return,19,0.028508662704075125,0.053025142054068324,0.5376442494959391
39,False,"Rubber, RSS3",roni,observable,6,seasonal_adjusted_log_return,19,-0.011515316093283504,0.044975718193264694,-0.25603406806759943
39,False,Coconut oil,roni,observable,6,market_adjusted_log_return,19,0.19306580920770586,0.05135227624074738,3.7596348855615203
39,False,Palm oil,roni,observable,6,market_adjusted_log_return,19,0.10866465891386011,0.04608450981486822,2.357943251439374
39,False,"Rubber, RSS3",roni,observable,6,market_adjusted_log_return,19,0.0838323035877866,0.04021472076499244,2.084617324031352
39,False,Coconut oil,roni,observable,12,seasonal_adjusted_log_return,18,0.07386043250163407,0.11162165914075294,0.6617034101643067
39,False,Palm oil,roni,observable,12,seasonal_adjusted_log_return,18,0.029850570500433007,0.08211673470078809,0.3635138514603714
39,False,"Rubber, RSS3",roni,observable,12,seasonal_adjusted_log_return,18,-0.007890720111177458,0.09501447630157228,-0.08304755673369832
39,False,Coconut oil,roni,observable,12,market_adjusted_log_return,18,0.3647295556791245,0.09995306713215145,3.6490081409598245
39,False,Palm oil,roni,observable,12,market_adjusted_log_return,18,0.16861156874468405,0.06747137344329715,2.499008989143892
39,False,"Rubber, RSS3",roni,observable,12,market_adjusted_log_return,18,0.16341477956505795,0.08546099952968989,1.9121561936364464
39,False,Coconut oil,roni,observable,18,seasonal_adjusted_log_return,18,0.11573959324104605,0.14560063323513905,0.7949113315608412
39,False,Palm oil,roni,observable,18,seasonal_adjusted_log_return,18,0.04559640822283003,0.0998306591189348,0.45673752557826997
39,False,"Rubber, RSS3",roni,observable,18,seasonal_adjusted_log_return,18,0.025556353270909955,0.10853638309088927,0.2354634689596101
39,False,Coconut oil,roni,observable,18,market_adjusted_log_return,18,0.5324844510052462,0.1250362063067989,4.258642090425388
39,False,Palm oil,roni,observable,18,market_adjusted_log_return,18,0.24001136281013036,0.08152535381320557,2.944008846132147
39,False,"Rubber, RSS3",roni,observable,18,market_adjusted_log_return,18,0.27113425558850995,0.0950903454388809,2.851333164656352
39,False,Coconut oil,roni,observable,24,seasonal_adjusted_log_return,18,0.16398252039101457,0.1365808566415116,1.2006259473201655
39,False,Palm oil,roni,observable,24,seasonal_adjusted_log_return,18,0.1282517918878362,0.10664031646459059,1.202657645248283
39,False,"Rubber, RSS3",roni,observable,24,seasonal_adjusted_log_return,18,0.07674853563026275,0.10502872189576107,0.730738546989405
39,False,Coconut oil,roni,observable,24,market_adjusted_log_return,18,0.7074953224439127,0.1193982271825898,5.925509441291578
39,False,Palm oil,roni,observable,24,market_adjusted_log_return,18,0.37921483390815663,0.09312985552858606,4.0718932908873375
39,False,"Rubber, RSS3",roni,observable,24,market_adjusted_log_return,18,0.39710951980638015,0.09404109056055697,4.2227234652352825
39,False,Coconut oil,oni,retrospective,6,seasonal_adjusted_log_return,19,-0.05127762245475501,0.05899811583741082,-0.8691400009462636
39,False,Palm oil,oni,retrospective,6,seasonal_adjusted_log_return,19,0.008928374325401249,0.045188686818326246,0.19757985801393882
39,False,"Rubber, RSS3",oni,retrospective,6,seasonal_adjusted_log_return,19,0.020710117060524568,0.03918228766911393,0.5285581392137462
39,False,Coconut oil,oni,retrospective,6,market_adjusted_log_return,19,0.09332889351849091,0.05389327855879059,1.7317353112351694
39,False,Palm oil,oni,retrospective,6,market_adjusted_log_return,19,0.07160464015009035,0.03601477947506484,1.9882015437486291
39,False,"Rubber, RSS3",oni,retrospective,6,market_adjusted_log_return,19,0.10607426213789352,0.0364447378475534,2.910550834021556
39,False,Coconut oil,oni,retrospective,12,seasonal_adjusted_log_return,18,-0.04079992650047025,0.06045665624957207,-0.6748624391670527
39,False,Palm oil,oni,retrospective,12,seasonal_adjusted_log_return,18,0.002194986474198271,0.05677264676181256,0.03866274692823908
39,False,"Rubber, RSS3",oni,retrospective,12,seasonal_adjusted_log_return,18,-0.01503869262300592,0.048265869811121624,-0.31158026741995315
39,False,Coconut oil,oni,retrospective,12,market_adjusted_log_return,18,0.25351119388390625,0.059584297485987404,4.254664476719309
39,False,Palm oil,oni,retrospective,12,market_adjusted_log_return,18,0.1444053943218323,0.0499699737467093,2.8898433097804443
39,False,"Rubber, RSS3",oni,retrospective,12,market_adjusted_log_return,18,0.15823692286248128,0.045876581702135315,3.4491872975600573
39,False,Coconut oil,oni,retrospective,18,seasonal_adjusted_log_return,18,0.009424179420474731,0.0966522200306777,0.09750608333138618
39,False,Palm oil,oni,retrospective,18,seasonal_adjusted_log_return,18,0.019761987194939188,0.06170638316849619,0.3202583943540633
39,False,"Rubber, RSS3",oni,retrospective,18,seasonal_adjusted_log_return,18,0.027981362679099453,0.08239290279360977,0.33960889506698666
39,False,Coconut oil,oni,retrospective,18,market_adjusted_log_return,18,0.42982606369813636,0.09701339489277049,4.430584706093687
39,False,Palm oil,oni,retrospective,18,market_adjusted_log_return,18,0.2178418437612776,0.05833867721122175,3.7340895298766665
39,False,"Rubber, RSS3",oni,retrospective,18,market_adjusted_log_return,18,0.2756524583713512,0.07691295907382768,3.5839533635255956
39,False,Coconut oil,oni,retrospective,24,seasonal_adjusted_log_return,18,0.09996014659451216,0.11851182298071744,0.8434613870615782
39,False,Palm oil,oni,retrospective,24,seasonal_adjusted_log_return,18,0.06935218395858574,0.08099630446061734,0.8562388669511052
39,False,"Rubber, RSS3",oni,retrospective,24,seasonal_adjusted_log_return,18,0.09254281693179887,0.10632297116915049,0.8703934428673122
39,False,Coconut oil,oni,retrospective,24,market_adjusted_log_return,18,0.6494668144827965,0.1103530466219634,5.885354635542379
39,False,Palm oil,oni,retrospective,24,market_adjusted_log_return,18,0.3263219997010369,0.07499403834526175,4.351305875791052
39,False,"Rubber, RSS3",oni,retrospective,24,market_adjusted_log_return,18,0.4163345446939961,0.09593069762710225,4.339951183429877
39,False,Coconut oil,oni,observable,6,seasonal_adjusted_log_return,19,0.007665640966213026,0.05375615647412821,0.142600242818743
39,False,Palm oil,oni,observable,6,seasonal_adjusted_log_return,19,-0.016027521040864717,0.054404070449442864,-0.2946015051531654
39,False,"Rubber, RSS3",oni,observable,6,seasonal_adjusted_log_return,19,-0.021789407622857998,0.04139070428647358,-0.5264323958357661
39,False,Coconut oil,oni,observable,6,market_adjusted_log_return,19,0.1748859409331447,0.04912198985119314,3.5602373084423578
39,False,Palm oil,oni,observable,6,market_adjusted_log_return,19,0.06931122792605168,0.04691405081258378,1.4774087235174393
39,False,"Rubber, RSS3",oni,observable,6,market_adjusted_log_return,19,0.0765183195305906,0.03779665143756468,2.0244735081092897
39,False,Coconut oil,oni,observable,12,seasonal_adjusted_log_return,19,0.05096303470757433,0.10589406253949833,0.4812643266808769
39,False,Palm oil,oni,observable,12,seasonal_adjusted_log_return,19,0.0010143946151959969,0.07113974117929446,0.014259183381612315
39,False,"Rubber, RSS3",oni,observable,12,seasonal_adjusted_log_return,19,0.013454519363309821,0.08091830333740792,0.16627288028034937
39,False,Coconut oil,oni,observable,12,market_adjusted_log_return,19,0.3446425624352866,0.1003560137266493,3.434199403077402
39,False,Palm oil,oni,observable,12,market_adjusted_log_return,19,0.14259184966119348,0.062280041246834034,2.2895272194194645
39,False,"Rubber, RSS3",oni,observable,12,market_adjusted_log_return,19,0.18636862651421385,0.07261684366621009,2.56646553478521
39,False,Coconut oil,oni,observable,18,seasonal_adjusted_log_return,19,0.13312212870918727,0.13825377979081344,0.9628823813034937
39,False,Palm oil,oni,observable,18,seasonal_adjusted_log_return,19,0.04883043813120208,0.09129064889498394,0.5348898131655752
39,False,"Rubber, RSS3",oni,observable,18,seasonal_adjusted_log_return,19,0.07255261982221597,0.10212469781172356,0.7104316720326901
39,False,Coconut oil,oni,observable,18,market_adjusted_log_return,19,0.5570239146780372,0.12491572942548315,4.459197550540043
39,False,Palm oil,oni,observable,18,market_adjusted_log_return,19,0.2504177334834667,0.08088381211069252,3.0960179416464775
39,False,"Rubber, RSS3",oni,observable,18,market_adjusted_log_return,19,0.32222697444763676,0.09217940957929976,3.4956502316326135
39,False,Coconut oil,oni,observable,24,seasonal_adjusted_log_return,19,0.1992071186748636,0.13249964072636355,1.5034540288774323
39,False,Palm oil,oni,observable,24,seasonal_adjusted_log_return,19,0.10223883525725856,0.09212468414403113,1.1097876340874568
39,False,"Rubber, RSS3",oni,observable,24,seasonal_adjusted_log_return,19,0.11295551439807534,0.09069253461962182,1.2454775343067412
39,False,Coconut oil,oni,observable,24,market_adjusted_log_return,19,0.7438872601184159,0.11942155310667378,6.229087135166762
39,False,Palm oil,oni,observable,24,market_adjusted_log_return,19,0.3543717305524378,0.08171604265617087,4.3366237403773376
39,False,"Rubber, RSS3",oni,observable,24,market_adjusted_log_return,19,0.43398465535935504,0.08073716321431823,5.37527748166399
40,False,Coconut oil,roni,retrospective,6,seasonal_adjusted_log_return,18,0.012296043688169956,0.08982188785432874,0.13689362339067537
40,False,Palm oil,roni,retrospective,6,seasonal_adjusted_log_return,18,-0.013596563185468116,0.06992318211665612,-0.19445000604784166
40,False,"Rubber, RSS3",roni,retrospective,6,seasonal_adjusted_log_return,18,0.001815028736349672,0.07113921944040891,0.025513756696052374
40,False,Coconut oil,roni,retrospective,6,market_adjusted_log_return,18,0.1666348370356675,0.07881548197307486,2.1142399039390978
40,False,Palm oil,roni,retrospective,6,market_adjusted_log_return,18,0.058832938629758504,0.06097392590239608,0.9648868390717573
40,False,"Rubber, RSS3",roni,retrospective,6,market_adjusted_log_return,18,0.09274969359121238,0.06290525792755981,1.474434676001499
40,False,Coconut oil,roni,retrospective,12,seasonal_adjusted_log_return,18,0.05417520442758193,0.12998466945383622,0.41678149165753847
40,False,Palm oil,roni,retrospective,12,seasonal_adjusted_log_return,18,0.0021492745369289246,0.08538251500557084,0.02517230298016747
40,False,"Rubber, RSS3",roni,retrospective,12,seasonal_adjusted_log_return,18,0.03526210211843708,0.08235426012624408,0.42817581099487045
40,False,Coconut oil,roni,retrospective,12,market_adjusted_log_return,18,0.3343897323617891,0.10934830104004752,3.0580240312954
40,False,Palm oil,roni,retrospective,12,market_adjusted_log_return,18,0.1302327326952048,0.06616468717226465,1.9683117726550157
40,False,"Rubber, RSS3",roni,retrospective,12,market_adjusted_log_return,18,0.2004691696146644,0.07048332631072807,2.8442069934510394
40,False,Coconut oil,roni,retrospective,18,seasonal_adjusted_log_return,18,0.10241813157755048,0.12881361583427853,0.7950877779047333
40,False,Palm oil,roni,retrospective,18,seasonal_adjusted_log_return,18,0.08480465820193511,0.09596271252433673,0.8837251050029263
40,False,"Rubber, RSS3",roni,retrospective,18,seasonal_adjusted_log_return,18,0.08645428447778987,0.07968794576188148,1.084910442240877
40,False,Coconut oil,roni,retrospective,18,market_adjusted_log_return,18,0.5094006038004557,0.11333862108928215,4.494501511529569
40,False,Palm oil,roni,retrospective,18,market_adjusted_log_return,18,0.2694362037932311,0.0822155294708223,3.277193560966509
40,False,"Rubber, RSS3",roni,retrospective,18,market_adjusted_log_return,18,0.3264444338325346,0.07048039380527274,4.631705588003012
40,False,Coconut oil,roni,retrospective,24,seasonal_adjusted_log_return,18,0.09202508831190591,0.10042537183253833,0.9163529756739155
40,False,Palm oil,roni,retrospective,24,seasonal_adjusted_log_return,18,0.05797514210605987,0.08976941859444171,0.6458228538604965
40,False,"Rubber, RSS3",roni,retrospective,24,seasonal_adjusted_log_return,18,0.08184546777701204,0.09376568845402933,0.8728722534484303
40,False,Coconut oil,roni,retrospective,24,market_adjusted_log_return,18,0.6383702657156964,0.095641782549606,6.674596067723816
40,False,Palm oil,roni,retrospective,24,market_adjusted_log_return,18,0.311776659043271,0.08000913848624024,3.8967631065904995
40,False,"Rubber, RSS3",roni,retrospective,24,market_adjusted_log_return,18,0.4038276349817982,0.08565200846935941,4.714747992468394
40,False,Coconut oil,roni,observable,6,seasonal_adjusted_log_return,18,0.0638413588838263,0.05544844410397057,1.1513642973302967
40,False,Palm oil,roni,observable,6,seasonal_adjusted_log_return,18,0.029285418334375313,0.03519534107819327,0.8320822426272865
40,False,"Rubber, RSS3",roni,observable,6,seasonal_adjusted_log_return,18,0.05142224799354073,0.04839398827126481,1.0625751220441162
40,False,Coconut oil,roni,observable,6,market_adjusted_log_return,18,0.2108836678830705,0.047207732131035365,4.467142528637403
40,False,Palm oil,roni,observable,6,market_adjusted_log_return,18,0.09440272270462821,0.034882728527668036,2.706288375055023
40,False,"Rubber, RSS3",roni,observable,6,market_adjusted_log_return,18,0.13818058198512034,0.043798573541000474,3.1549105556090202
40,False,Coconut oil,roni,observable,12,seasonal_adjusted_log_return,18,0.11208428603379487,0.0807037494937199,1.3888361660633488
40,False,Palm oil,roni,observable,12,seasonal_adjusted_log_return,18,0.11194080199938147,0.05864462891857536,1.9087988800270992
40,False,"Rubber, RSS3",roni,observable,12,seasonal_adjusted_log_return,18,0.10261443035289354,0.08063635910699328,1.2725578323388635
40,False,Coconut oil,roni,observable,12,market_adjusted_log_return,18,0.3858945393217369,0.07786620949998241,4.955866502296148
40,False,Palm oil,roni,observable,12,market_adjusted_log_return,18,0.2336061938026545,0.05915135621222484,3.949295650373862
40,False,"Rubber, RSS3",roni,observable,12,market_adjusted_log_return,18,0.26415584620299054,0.076487941105274,3.453561991417971
40,False,Coconut oil,roni,observable,18,seasonal_adjusted_log_return,18,0.1016912427681503,0.10179918260442827,0.9989396787526535
40,False,Palm oil,roni,observable,18,seasonal_adjusted_log_return,18,0.08511128590350625,0.07556679217598164,1.1263053975521045
40,False,"Rubber, RSS3",roni,observable,18,seasonal_adjusted_log_return,18,0.0980056136521157,0.09673291040799793,1.013156879481345
40,False,Coconut oil,roni,observable,18,market_adjusted_log_return,18,0.5148642012369778,0.10433840048658459,4.93456099418715
40,False,Palm oil,roni,observable,18,market_adjusted_log_return,18,0.2759466490526944,0.07597508597815004,3.632067611375325
40,False,"Rubber, RSS3",roni,observable,18,market_adjusted_log_return,18,0.3415390473522541,0.09273598940934326,3.6829180292095276
40,False,Coconut oil,roni,observable,24,seasonal_adjusted_log_return,18,0.1496219133115398,0.1264096795696483,1.1836270277791676
40,False,Palm oil,roni,observable,24,seasonal_adjusted_log_return,18,0.09613786916970025,0.07893392550149589,1.2179537323008005
40,False,"Rubber, RSS3",roni,observable,24,seasonal_adjusted_log_return,18,0.08132400739363067,0.11036349213188512,0.7368741766203623
40,False,Coconut oil,roni,observable,24,market_adjusted_log_return,18,0.7019630122113941,0.12441286867281263,5.642205824041021
40,False,Palm oil,roni,observable,24,market_adjusted_log_return,18,0.3559482199166182,0.07360070930701207,4.836206379911971
40,False,"Rubber, RSS3",roni,observable,24,market_adjusted_log_return,18,0.4067380947948644,0.10142207557493763,4.010350729751515
40,False,Coconut oil,oni,retrospective,6,seasonal_adjusted_log_return,19,0.03183441585574615,0.08753712641890829,0.3636675906335191
40,False,Palm oil,oni,retrospective,6,seasonal_adjusted_log_return,19,0.009644799777048229,0.06003889675818366,0.16064252172877552
40,False,"Rubber, RSS3",oni,retrospective,6,seasonal_adjusted_log_return,19,0.0002619547994175905,0.06323808046340178,0.00414235848871462
40,False,Coconut oil,oni,retrospective,6,market_adjusted_log_return,19,0.1872993468551124,0.08032479015440203,2.3317751156907054
40,False,Palm oil,oni,retrospective,6,market_adjusted_log_return,19,0.08320286439973902,0.05366333622803044,1.5504601511577087
40,False,"Rubber, RSS3",oni,retrospective,6,market_adjusted_log_return,19,0.0918411935623886,0.05541349609217198,1.6573795201375607
40,False,Coconut oil,oni,retrospective,12,seasonal_adjusted_log_return,19,0.11399350985735912,0.1230359008577035,0.9265060771912232
40,False,Palm oil,oni,retrospective,12,seasonal_adjusted_log_return,19,0.05746084329305433,0.07943271372463875,0.723390157514295
40,False,"Rubber, RSS3",oni,retrospective,12,seasonal_adjusted_log_return,19,0.059360055258323684,0.08465367993269016,0.7012105711827538
40,False,Coconut oil,oni,retrospective,12,market_adjusted_log_return,19,0.3996806990978631,0.10875811963725557,3.6749504352496243
40,False,Palm oil,oni,retrospective,12,market_adjusted_log_return,19,0.19102874822201218,0.06819071796862619,2.8013893079979364
40,False,"Rubber, RSS3",oni,retrospective,12,market_adjusted_log_return,19,0.22769954149581145,0.07515071091337572,3.0299053558957656
40,False,Coconut oil,oni,retrospective,18,seasonal_adjusted_log_return,19,0.18007849982303545,0.1274258058498089,1.413202754513367
40,False,Palm oil,oni,retrospective,18,seasonal_adjusted_log_return,19,0.11086924041911085,0.08527934204004493,1.3000714799962876
40,False,"Rubber, RSS3",oni,retrospective,18,seasonal_adjusted_log_return,19,0.0997629498341831,0.07667016036278688,1.301196571940453
40,False,Coconut oil,oni,retrospective,18,market_adjusted_log_return,19,0.5865440445382418,0.11416763957322408,5.137568287571086
40,False,Palm oil,oni,retrospective,18,market_adjusted_log_return,19,0.2949827452909833,0.07393344691770806,3.9898416425696355
40,False,"Rubber, RSS3",oni,retrospective,18,market_adjusted_log_return,19,0.33945722240752974,0.0680344184266565,4.989492528307221
40,False,Coconut oil,oni,retrospective,24,seasonal_adjusted_log_return,19,0.19911940250469373,0.10574559782437332,1.8830041779649258
40,False,Palm oil,oni,retrospective,24,seasonal_adjusted_log_return,19,0.1308641317523017,0.09917702925867539,1.319500419910536
40,False,"Rubber, RSS3",oni,retrospective,24,seasonal_adjusted_log_return,19,0.0688027048766209,0.09719220322149746,0.7079035416022215
40,False,Coconut oil,oni,retrospective,24,market_adjusted_log_return,19,0.7379779903177709,0.09853314930320631,7.48964176560382
40,False,Palm oil,oni,retrospective,24,market_adjusted_log_return,19,0.37716293660737354,0.08708569681149272,4.330940101722873
40,False,"Rubber, RSS3",oni,retrospective,24,market_adjusted_log_return,19,0.38649972958316886,0.08890188998113883,4.347486084549693
40,False,Coconut oil,oni,observable,6,seasonal_adjusted_log_return,19,0.08900033236200615,0.05850794965201934,1.521166489192369
40,False,Palm oil,oni,observable,6,seasonal_adjusted_log_return,19,0.06623302748146853,0.037494433191399945,1.7664762964508642
40,False,"Rubber, RSS3",oni,observable,6,seasonal_adjusted_log_return,19,0.06934008801783229,0.05785838360346033,1.198444956448546
40,False,Coconut oil,oni,observable,6,market_adjusted_log_return,19,0.23873546018013175,0.05084647734248361,4.695221235722888
40,False,Palm oil,oni,observable,6,market_adjusted_log_return,19,0.1340489496993586,0.0373138933291701,3.592467516504528
40,False,"Rubber, RSS3",oni,observable,6,market_adjusted_log_return,19,0.15763972626030318,0.05343254689061674,2.950256640077664
40,False,Coconut oil,oni,observable,12,seasonal_adjusted_log_return,19,0.15508532232768255,0.08442982778191034,1.8368546567248905
40,False,Palm oil,oni,observable,12,seasonal_adjusted_log_return,19,0.11964142460752504,0.054199624751482725,2.2074216409450704
40,False,"Rubber, RSS3",oni,observable,12,seasonal_adjusted_log_return,19,0.1097429825936917,0.07587916165431972,1.446286176613868
40,False,Coconut oil,oni,observable,12,market_adjusted_log_return,19,0.42559880562051045,0.07652233368339993,5.561759360102161
40,False,Palm oil,oni,observable,12,market_adjusted_log_return,19,0.23800294676832967,0.05140158210951988,4.6302650035406225
40,False,"Rubber, RSS3",oni,observable,12,market_adjusted_log_return,19,0.2693974071720214,0.07072748088961947,3.808949559400472
40,False,Coconut oil,oni,observable,18,seasonal_adjusted_log_return,19,0.1741262250093408,0.09539926493789151,1.8252365479199812
40,False,Palm oil,oni,observable,18,seasonal_adjusted_log_return,19,0.1396363159407159,0.07794643644155842,1.7914393821635508
40,False,"Rubber, RSS3",oni,observable,18,seasonal_adjusted_log_return,19,0.07878273763612947,0.09721501831015987,0.8103967782506291
40,False,Coconut oil,oni,observable,18,market_adjusted_log_return,19,0.5770327514000397,0.09276082896033336,6.220651085888766
40,False,Palm oil,oni,observable,18,market_adjusted_log_return,19,0.32018313808471993,0.07225989238617092,4.430993840588621
40,False,"Rubber, RSS3",oni,observable,18,market_adjusted_log_return,19,0.31643991434766044,0.09177472481040148,3.4480072264057178
40,False,Coconut oil,oni,observable,24,seasonal_adjusted_log_return,19,0.14205074887595487,0.12420926043020043,1.143640565799685
40,False,Palm oil,oni,observable,24,seasonal_adjusted_log_return,19,0.06871624024224066,0.0797455679902021,0.8616935332466807
40,False,"Rubber, RSS3",oni,observable,24,seasonal_adjusted_log_return,19,0.0871483138386564,0.1067247038173049,0.8165711472747673
40,False,Coconut oil,oni,observable,24,market_adjusted_log_return,19,0.6993906506593655,0.12070598388160975,5.79416718350383
40,False,Palm oil,oni,observable,24,market_adjusted_log_return,19,0.3335361588753443,0.07390686160497574,4.512925479883848
40,False,"Rubber, RSS3",oni,observable,24,market_adjusted_log_return,19,0.415423594900514,0.09506125987683511,4.370061952037583
41,False,Coconut oil,roni,retrospective,6,seasonal_adjusted_log_return,18,0.04853546090827187,0.06382860018992284,0.7604030287967144
41,False,Palm oil,roni,retrospective,6,seasonal_adjusted_log_return,18,0.09762630281696337,0.047331230232829244,2.0626191699798486
41,False,"Rubber, RSS3",roni,retrospective,6,seasonal_adjusted_log_return,18,0.05197969540609145,0.059097637334027564,0.8795562352568416
41,False,Coconut oil,roni,retrospective,6,market_adjusted_log_return,18,0.19575153141109763,0.06539807338132926,2.9932308597180093
41,False,Palm oil,roni,retrospective,6,market_adjusted_log_return,18,0.16291774288899818,0.047660185603677296,3.4183195223735767
41,False,"Rubber, RSS3",roni,retrospective,6,market_adjusted_log_return,18,0.13883748627246473,0.05638387294234364,2.4623616475305896
41,False,Coconut oil,roni,retrospective,12,seasonal_adjusted_log_return,18,0.0381424176426273,0.11674998781136688,0.3267016841513856
41,False,Palm oil,roni,retrospective,12,seasonal_adjusted_log_return,18,0.07079678672108816,0.08188053242054981,0.8646351535364476
41,False,"Rubber, RSS3",roni,retrospective,12,seasonal_adjusted_log_return,18,0.04737087870531361,0.0767997111230632,0.6168106365583448
41,False,Coconut oil,roni,retrospective,12,market_adjusted_log_return,18,0.32472119332633864,0.11715715417820739,2.7716719102992737
41,False,Palm oil,roni,retrospective,12,market_adjusted_log_return,18,0.20525819813903814,0.07873647034900969,2.606901188600459
41,False,"Rubber, RSS3",roni,retrospective,12,market_adjusted_log_return,18,0.2162206874217282,0.07322158728119575,2.9529636743788052
41,False,Coconut oil,roni,retrospective,18,seasonal_adjusted_log_return,18,0.08607308818601676,0.1418063728454199,0.6069761637570633
41,False,Palm oil,roni,retrospective,18,seasonal_adjusted_log_return,18,0.08182336998728217,0.08474169053933536,0.9655621626913548
41,False,"Rubber, RSS3",roni,retrospective,18,seasonal_adjusted_log_return,18,0.030689272446828602,0.08845456382849054,0.3469495650482629
41,False,Coconut oil,roni,retrospective,18,market_adjusted_log_return,18,0.5118200043007548,0.13841646988822834,3.6976813865723552
41,False,Palm oil,roni,retrospective,18,market_adjusted_log_return,18,0.2852597690029619,0.08016962419565447,3.5582026467628642
41,False,"Rubber, RSS3",roni,retrospective,18,market_adjusted_log_return,18,0.28141973486433847,0.08172946072932795,3.443308353597802
41,False,Coconut oil,roni,retrospective,24,seasonal_adjusted_log_return,18,0.08216244341424762,0.13971921993066447,0.5880539803687758
41,False,Palm oil,roni,retrospective,24,seasonal_adjusted_log_return,18,0.04128781908069794,0.10211298419679907,0.4043346632699055
41,False,"Rubber, RSS3",roni,retrospective,24,seasonal_adjusted_log_return,18,0.07853532376773012,0.08606369159990566,0.9125256226844934
41,False,Coconut oil,roni,retrospective,24,market_adjusted_log_return,18,0.6377365598295448,0.14009534646362115,4.552160909892515
41,False,Palm oil,roni,retrospective,24,market_adjusted_log_return,18,0.3043381496984197,0.09589390540549105,3.1736964764498246
41,False,"Rubber, RSS3",roni,retrospective,24,market_adjusted_log_return,18,0.4057999120659487,0.07774411316803108,5.2196866814710345
41,False,Coconut oil,roni,observable,6,seasonal_adjusted_log_return,18,0.004754028412121146,0.07449268548990566,0.06381872771609709
41,False,Palm oil,roni,observable,6,seasonal_adjusted_log_return,18,0.02210471667087913,0.057945869386559885,0.3814718271533286
41,False,"Rubber, RSS3",roni,observable,6,seasonal_adjusted_log_return,18,0.018212945384559778,0.04134471654166267,0.4405144576624868
41,False,Coconut oil,roni,observable,6,market_adjusted_log_return,18,0.16193986813434832,0.07345229981703781,2.204694319139415
41,False,Palm oil,roni,observable,6,market_adjusted_log_return,18,0.09738739602112002,0.05560055437871741,1.7515544064142936
41,False,"Rubber, RSS3",roni,observable,6,market_adjusted_log_return,18,0.1107771906066891,0.03942465986037809,2.8098451831672118
41,False,Coconut oil,roni,observable,12,seasonal_adjusted_log_return,18,0.05268469895551061,0.10290562208101883,0.5119710457999206
41,False,Palm oil,roni,observable,12,seasonal_adjusted_log_return,18,0.03313129993707312,0.07016203937686363,0.47221118757842684
41,False,"Rubber, RSS3",roni,observable,12,seasonal_adjusted_log_return,18,0.001531339126074745,0.06361908588022239,0.024070435858789995
41,False,Coconut oil,roni,observable,12,market_adjusted_log_return,18,0.34903867910876457,0.09925028540244397,3.516752397169124
41,False,Palm oil,roni,observable,12,market_adjusted_log_return,18,0.17738896688504377,0.06787932966878073,2.613298742792816
41,False,"Rubber, RSS3",roni,observable,12,market_adjusted_log_return,18,0.17597623804929932,0.05774657246077367,3.047388451822611
41,False,Coconut oil,roni,observable,18,seasonal_adjusted_log_return,18,0.048774054183741464,0.11760726117721944,0.4147197519568546
41,False,Palm oil,roni,observable,18,seasonal_adjusted_log_return,18,-0.007404250969511096,0.09098905727406326,-0.0813751806133033
41,False,"Rubber, RSS3",roni,observable,18,seasonal_adjusted_log_return,18,0.04937739044697628,0.07661101980306542,0.644520730488965
41,False,Coconut oil,roni,observable,18,market_adjusted_log_return,18,0.47495523463755457,0.11685638040985406,4.06443561722286
41,False,Palm oil,roni,observable,18,market_adjusted_log_return,18,0.19646734758050163,0.08684942234086485,2.262160671713055
41,False,"Rubber, RSS3",roni,observable,18,market_adjusted_log_return,18,0.30035641525090945,0.06813105799053766,4.408509483187892
41,False,Coconut oil,roni,observable,24,seasonal_adjusted_log_return,18,0.03523568919316966,0.11804847484767857,0.2984849167990973
41,False,Palm oil,roni,observable,24,seasonal_adjusted_log_return,18,0.03927606668917852,0.09612470674815635,0.4085949181835275
41,False,"Rubber, RSS3",roni,observable,24,seasonal_adjusted_log_return,18,0.04926482531814194,0.0982363870356871,0.5014926424385409
41,False,Coconut oil,roni,observable,24,market_adjusted_log_return,18,0.6066453576902817,0.11786877978790357,5.146785762793987
41,False,Palm oil,roni,observable,24,market_adjusted_log_return,18,0.31819605150551633,0.09252735178260658,3.438940436262775
41,False,"Rubber, RSS3",roni,observable,24,market_adjusted_log_return,18,0.3855932999676335,0.08856495170961481,4.353791116286157
41,False,Coconut oil,oni,retrospective,6,seasonal_adjusted_log_return,19,0.0825869997365694,0.07150951669405915,1.1549092142505073
41,False,Palm oil,oni,retrospective,6,seasonal_adjusted_log_return,19,0.06955886908801996,0.04724490243327379,1.4723042170795302
41,False,"Rubber, RSS3",oni,retrospective,6,seasonal_adjusted_log_return,19,0.06128056415686198,0.05293844740558471,1.1575814395795299
41,False,Coconut oil,oni,retrospective,6,market_adjusted_log_return,19,0.2225663376967101,0.07073419230829918,3.1465169875219825
41,False,Palm oil,oni,retrospective,6,market_adjusted_log_return,19,0.12759799219712628,0.04477443281494657,2.8497958360408666
41,False,"Rubber, RSS3",oni,retrospective,6,market_adjusted_log_return,19,0.1439962246458055,0.05186053373602914,2.7766051421442817
41,False,Coconut oil,oni,retrospective,12,seasonal_adjusted_log_return,19,0.1016279024182277,0.09883822274895412,1.0282247048933617
41,False,Palm oil,oni,retrospective,12,seasonal_adjusted_log_return,19,0.08955376042121078,0.07991491063335078,1.1206139093627094
41,False,"Rubber, RSS3",oni,retrospective,12,seasonal_adjusted_log_return,19,0.03032031919929976,0.07396772398356409,0.40991283179183735
41,False,Coconut oil,oni,retrospective,12,market_adjusted_log_return,19,0.37400028347623937,0.10177856653336084,3.6746467966185206
41,False,Palm oil,oni,retrospective,12,market_adjusted_log_return,19,0.20977818351351654,0.07678280594316751,2.732098429286219
41,False,"Rubber, RSS3",oni,retrospective,12,market_adjusted_log_return,19,0.1910387318214445,0.07221322989648883,2.6454810579069976
41,False,Coconut oil,oni,retrospective,18,seasonal_adjusted_log_return,19,0.06955242628484173,0.13666762854963307,0.5089166104874838
41,False,Palm oil,oni,retrospective,18,seasonal_adjusted_log_return,19,0.018633684722735546,0.09203615087258352,0.20246049564298219
41,False,"Rubber, RSS3",oni,retrospective,18,seasonal_adjusted_log_return,19,0.03868589540182666,0.08325306494928968,0.46467833256818414
41,False,Coconut oil,oni,retrospective,18,market_adjusted_log_return,19,0.496358182735565,0.13695028896647626,3.6243675459280507
41,False,Palm oil,oni,retrospective,18,market_adjusted_log_return,19,0.22313120430414093,0.08884876000365517,2.5113598017007943
41,False,"Rubber, RSS3",oni,retrospective,18,market_adjusted_log_return,19,0.2900224123742981,0.07626487237483268,3.8028308884970374
41,False,Coconut oil,oni,retrospective,24,seasonal_adjusted_log_return,19,0.05922270937612976,0.1389477662927677,0.42622282427589
41,False,Palm oil,oni,retrospective,24,seasonal_adjusted_log_return,19,0.020229350596211657,0.11262519471027575,0.17961656491028433
41,False,"Rubber, RSS3",oni,retrospective,24,seasonal_adjusted_log_return,19,0.08442958756137625,0.07836582119160816,1.0773776919269678
41,False,Coconut oil,oni,retrospective,24,market_adjusted_log_return,19,0.6108169562112238,0.1376374764320328,4.437868028718568
41,False,Palm oil,oni,retrospective,24,market_adjusted_log_return,19,0.27929124092040286,0.10203397411629586,2.737237702827035
41,False,"Rubber, RSS3",oni,retrospective,24,market_adjusted_log_return,19,0.4094161949353127,0.07153789101606386,5.723067721459361
41,False,Coconut oil,oni,observable,6,seasonal_adjusted_log_return,19,0.040293185135057974,0.06117363181580951,0.6586691674017094
41,False,Palm oil,oni,observable,6,seasonal_adjusted_log_return,19,0.04619577981703561,0.05922684612016583,0.7799804116415151
41,False,"Rubber, RSS3",oni,observable,6,seasonal_adjusted_log_return,19,-0.004565744027257331,0.04788810428190399,-0.09534192459112731
41,False,Coconut oil,oni,observable,6,market_adjusted_log_return,19,0.19203953321097114,0.061869203619998585,3.103959999072888
41,False,Palm oil,oni,observable,6,market_adjusted_log_return,19,0.11602725348797503,0.05891169319989229,1.9695114362828594
41,False,"Rubber, RSS3",oni,observable,6,market_adjusted_log_return,19,0.08488506796335826,0.04585223219250534,1.851274494270596
41,False,Coconut oil,oni,observable,12,seasonal_adjusted_log_return,19,0.008217709001672008,0.1148553060820444,0.07154836186498746
41,False,Palm oil,oni,observable,12,seasonal_adjusted_log_return,19,-0.024724295881439623,0.07424230311631055,-0.333021671522039
41,False,"Rubber, RSS3",oni,observable,12,seasonal_adjusted_log_return,19,0.0037998321752695883,0.06656462077220711,0.057084861765728585
41,False,Coconut oil,oni,observable,12,market_adjusted_log_return,19,0.31439743247029683,0.1114722427447939,2.8204100386683946
41,False,Palm oil,oni,observable,12,market_adjusted_log_return,19,0.12938027427859944,0.07203396049385245,1.7961010805402136
41,False,"Rubber, RSS3",oni,observable,12,market_adjusted_log_return,19,0.18386874851621182,0.05836677524409929,3.1502296939867414
41,False,Coconut oil,oni,observable,18,seasonal_adjusted_log_return,19,-0.0021120079070399613,0.1312749588312725,-0.01608842939920112
41,False,Palm oil,oni,observable,18,seasonal_adjusted_log_return,19,-0.02312863000796349,0.09421821190224634,-0.2454793987383246
41,False,"Rubber, RSS3",oni,observable,18,seasonal_adjusted_log_return,19,0.049543524334819185,0.0754900835204635,0.6562918203870997
41,False,Coconut oil,oni,observable,18,market_adjusted_log_return,19,0.42885620594595564,0.12459922953528997,3.441884894035333
41,False,Palm oil,oni,observable,18,market_adjusted_log_return,19,0.18554031089486128,0.08594880948092885,2.158730435190388
41,False,"Rubber, RSS3",oni,observable,18,market_adjusted_log_return,19,0.3032625310772264,0.06697262875959706,4.528156303462546
41,False,Coconut oil,oni,observable,24,seasonal_adjusted_log_return,19,-0.041052917158999835,0.13774507595032004,-0.29803546062006764
41,False,Palm oil,oni,observable,24,seasonal_adjusted_log_return,19,-0.024170475840007737,0.11221688649563856,-0.21539071876626295
41,False,"Rubber, RSS3",oni,observable,24,seasonal_adjusted_log_return,19,0.031814414930829954,0.08818177593455859,0.360782197836887
41,False,Coconut oil,oni,observable,24,market_adjusted_log_return,19,0.5489893168143024,0.1309535078652231,4.19224597923196
41,False,Palm oil,oni,observable,24,market_adjusted_log_return,19,0.27342219998277606,0.1048143507848434,2.6086332447361213
41,False,"Rubber, RSS3",oni,observable,24,market_adjusted_log_return,19,0.37880771863309465,0.07831867512678,4.83674829815356
42,False,Coconut oil,roni,retrospective,6,seasonal_adjusted_log_return,18,0.03757623464256779,0.047230594269220834,0.7955909770768101
42,False,Palm oil,roni,retrospective,6,seasonal_adjusted_log_return,18,-0.016969962814240576,0.04779488571367252,-0.3550581314474414
42,False,"Rubber, RSS3",roni,retrospective,6,seasonal_adjusted_log_return,18,-0.0014913613819892205,0.04338255872764879,-0.034376980651414146
42,False,Coconut oil,roni,retrospective,6,market_adjusted_log_return,18,0.19695704688578608,0.04406471909210587,4.469722057551268
42,False,Palm oil,roni,retrospective,6,market_adjusted_log_return,18,0.06051241596571558,0.04723101561888992,1.2812008205369565
42,False,"Rubber, RSS3",roni,retrospective,6,market_adjusted_log_return,18,0.0923292329318322,0.040585895914302166,2.274909321375756
42,False,Coconut oil,roni,retrospective,12,seasonal_adjusted_log_return,18,0.03366558987079866,0.07728513017081046,0.43560242179049463
42,False,Palm oil,roni,retrospective,12,seasonal_adjusted_log_return,18,-0.0575055137208248,0.0724485571442489,-0.7937427049972615
42,False,"Rubber, RSS3",roni,retrospective,12,seasonal_adjusted_log_return,18,0.0463546899389123,0.059136318735439994,0.7838616087398124
42,False,Coconut oil,roni,retrospective,12,market_adjusted_log_return,18,0.32287360241457613,0.0776774223868631,4.156595217675258
42,False,Palm oil,roni,retrospective,12,market_adjusted_log_return,18,0.07959079666117343,0.06892170184483455,1.1548002230176864
42,False,"Rubber, RSS3",roni,retrospective,12,market_adjusted_log_return,18,0.2167094101334424,0.054400526806074566,3.9835902859169336
42,False,Coconut oil,roni,retrospective,18,seasonal_adjusted_log_return,18,0.02012722488022685,0.10723828565765522,0.18768693248678453
42,False,Palm oil,roni,retrospective,18,seasonal_adjusted_log_return,18,-0.010825196062135167,0.10310979858775407,-0.1049870740744598
42,False,"Rubber, RSS3",roni,retrospective,18,seasonal_adjusted_log_return,18,0.04624212481007798,0.09360026846836003,0.49403837795304334
42,False,Coconut oil,roni,retrospective,18,market_adjusted_log_return,18,0.45456372546730317,0.10599777503044326,4.288427047989917
42,False,Palm oil,roni,retrospective,18,market_adjusted_log_return,18,0.20131950058618814,0.09677368260594232,2.08031248956342
42,False,"Rubber, RSS3",roni,retrospective,18,market_adjusted_log_return,18,0.3019462948501663,0.08528251872993738,3.540541477278998
42,False,Coconut oil,roni,retrospective,24,seasonal_adjusted_log_return,18,0.0489662805526038,0.14557122320069404,0.33637335371631566
42,False,Palm oil,roni,retrospective,24,seasonal_adjusted_log_return,18,0.04905242495004532,0.1282894662738232,0.38235738579929074
42,False,"Rubber, RSS3",roni,retrospective,24,seasonal_adjusted_log_return,18,0.056309973252351715,0.10136089250826821,0.5555394379322222
42,False,Coconut oil,roni,retrospective,24,market_adjusted_log_return,18,0.6010708395764872,0.1313319262411441,4.576730554251033
42,False,Palm oil,roni,retrospective,24,market_adjusted_log_return,18,0.30862572642855457,0.11138973452258799,2.7706837416509904
42,False,"Rubber, RSS3",roni,retrospective,24,market_adjusted_log_return,18,0.38158867095941695,0.08910830591680306,4.282301936204369
42,False,Coconut oil,roni,observable,6,seasonal_adjusted_log_return,19,-0.005351585861066795,0.056738535389443095,-0.09432012695312758
42,False,Palm oil,roni,observable,6,seasonal_adjusted_log_return,19,-0.026617979318897023,0.041363797892461376,-0.6435090749669338
42,False,"Rubber, RSS3",roni,observable,6,seasonal_adjusted_log_return,19,0.03167234330568882,0.049636461203138665,0.6380862482534528
42,False,Coconut oil,roni,observable,6,market_adjusted_log_return,19,0.152318208300785,0.05456414596930421,2.7915438901302267
42,False,Palm oil,roni,observable,6,market_adjusted_log_return,19,0.04914969667465937,0.03736236369497361,1.315486811164239
42,False,"Rubber, RSS3",roni,observable,6,market_adjusted_log_return,19,0.12451359232391494,0.045886499150438576,2.713512571872131
42,False,Coconut oil,roni,observable,12,seasonal_adjusted_log_return,19,-0.0190153659053079,0.10572329645005998,-0.1798597522381465
42,False,Palm oil,roni,observable,12,seasonal_adjusted_log_return,19,0.02070387441348367,0.08174370831795533,0.25327789550423396
42,False,"Rubber, RSS3",roni,observable,12,seasonal_adjusted_log_return,19,0.02885443059706657,0.08457509782487943,0.341169343449207
42,False,Coconut oil,roni,observable,12,market_adjusted_log_return,19,0.2834671904624331,0.0983775104505143,2.881422686590777
42,False,Palm oil,roni,observable,12,market_adjusted_log_return,19,0.17110331556365982,0.07052289998879024,2.4262092964250908
42,False,"Rubber, RSS3",roni,observable,12,market_adjusted_log_return,19,0.20680717806363402,0.07588705376544379,2.725197089649124
42,False,Coconut oil,roni,observable,18,seasonal_adjusted_log_return,19,0.007016479162442026,0.14881416884047832,0.04714926822568459
42,False,Palm oil,roni,observable,18,seasonal_adjusted_log_return,19,0.07533045099889861,0.10274478476852816,0.7331802890882413
42,False,"Rubber, RSS3",roni,observable,18,seasonal_adjusted_log_return,19,0.03640985991060594,0.09364498866988034,0.388807350267924
42,False,Coconut oil,roni,observable,18,market_adjusted_log_return,19,0.4283610249429312,0.12996963226481834,3.2958547122002195
42,False,Palm oil,roni,observable,18,market_adjusted_log_return,19,0.2743549991048139,0.08344466756404302,3.287867363055272
42,False,"Rubber, RSS3",roni,observable,18,market_adjusted_log_return,19,0.28462051220847545,0.08191229394033213,3.4746983452301228
42,False,Coconut oil,roni,observable,24,seasonal_adjusted_log_return,18,0.03635340540902732,0.17358470235043888,0.20942747210313378
42,False,Palm oil,roni,observable,24,seasonal_adjusted_log_return,18,0.12726364334751325,0.13289442177024774,0.957629685672818
42,False,"Rubber, RSS3",roni,observable,24,seasonal_adjusted_log_return,18,0.06140575102887959,0.09044155535695703,0.6789550532000673
42,False,Coconut oil,roni,observable,24,market_adjusted_log_return,18,0.5937861474029418,0.14813429562663727,4.0084313014154445
42,False,Palm oil,roni,observable,24,market_adjusted_log_return,18,0.3921766021240114,0.10521661001025538,3.727325961991992
42,False,"Rubber, RSS3",roni,observable,24,market_adjusted_log_return,18,0.38973417157791684,0.0796812433100268,4.891165792450356
42,False,Coconut oil,oni,retrospective,6,seasonal_adjusted_log_return,20,-0.03562975732439276,0.06897275197852622,-0.5165772903404757
42,False,Palm oil,oni,retrospective,6,seasonal_adjusted_log_return,20,-0.09198387605851228,0.05571038079217821,-1.6511083706580392
42,False,"Rubber, RSS3",oni,retrospective,6,seasonal_adjusted_log_return,20,0.008852612143196761,0.03826731839757076,0.23133609863184798
42,False,Coconut oil,oni,retrospective,6,market_adjusted_log_return,20,0.13788185032490924,0.06542675236673139,2.107423115731789
42,False,Palm oil,oni,retrospective,6,market_adjusted_log_return,20,-0.00034027097666645967,0.05271725351061858,-0.0064546415832896255
42,False,"Rubber, RSS3",oni,retrospective,6,market_adjusted_log_return,20,0.11076133138958162,0.03337265327393151,3.3189249437383204
42,False,Coconut oil,oni,retrospective,12,seasonal_adjusted_log_return,20,-0.04749064269570215,0.09156679278861742,-0.5186448192559788
42,False,Palm oil,oni,retrospective,12,seasonal_adjusted_log_return,20,-0.09118139895899179,0.07800645549686519,-1.1688955533001504
42,False,"Rubber, RSS3",oni,retrospective,12,seasonal_adjusted_log_return,20,0.042679248752675626,0.06072915351131072,0.7027802346154336
42,False,Coconut oil,oni,retrospective,12,market_adjusted_log_return,20,0.2516841588745141,0.08578370521567366,2.9339390067349127
42,False,Palm oil,oni,retrospective,12,market_adjusted_log_return,20,0.05590316409035638,0.06922329626486082,0.8075773201619986
42,False,"Rubber, RSS3",oni,retrospective,12,market_adjusted_log_return,20,0.21873871751271343,0.058179638681964796,3.759712546659741
42,False,Coconut oil,oni,retrospective,18,seasonal_adjusted_log_return,20,-0.08775633581833779,0.11299736993296285,-0.7766228175965545
42,False,Palm oil,oni,retrospective,18,seasonal_adjusted_log_return,20,-0.0907325970407753,0.1107893663218899,-0.8189648524314037
42,False,"Rubber, RSS3",oni,retrospective,18,seasonal_adjusted_log_return,20,0.027930233463887077,0.09246971865367135,0.3020473498842873
42,False,Coconut oil,oni,retrospective,18,market_adjusted_log_return,20,0.37016686387722314,0.1069250696613815,3.461927731723682
42,False,Palm oil,oni,retrospective,18,market_adjusted_log_return,20,0.1449493777013521,0.10131245903382737,1.4307162128298037
42,False,"Rubber, RSS3",oni,retrospective,18,market_adjusted_log_return,20,0.2970776210429658,0.08595237646484494,3.456304912807995
42,False,Coconut oil,oni,retrospective,24,seasonal_adjusted_log_return,20,-0.019590278744668514,0.138763119253445,-0.1411778493454568
42,False,Palm oil,oni,retrospective,24,seasonal_adjusted_log_return,20,-0.0031917090814403233,0.12065150358759216,-0.026453951973529816
42,False,"Rubber, RSS3",oni,retrospective,24,seasonal_adjusted_log_return,20,0.04833358862563727,0.0960947297363236,0.5029785583274009
42,False,Coconut oil,oni,retrospective,24,market_adjusted_log_return,20,0.5393670202723698,0.12382186989711899,4.355991560461158
42,False,Palm oil,oni,retrospective,24,market_adjusted_log_return,20,0.2632490898763189,0.10431923151147748,2.523495294799555
42,False,"Rubber, RSS3",oni,retrospective,24,market_adjusted_log_return,20,0.3775346286780703,0.08680773171943745,4.349089893262757
42,False,Coconut oil,oni,observable,6,seasonal_adjusted_log_return,20,-0.006245628792585734,0.061426590821645956,-0.10167630514804434
42,False,Palm oil,oni,observable,6,seasonal_adjusted_log_return,20,-0.009734993261627184,0.04632639875690999,-0.21013921916767
42,False,"Rubber, RSS3",oni,observable,6,seasonal_adjusted_log_return,20,0.04687844385242875,0.048587392856678416,0.9648273162280868
42,False,Coconut oil,oni,observable,6,market_adjusted_log_return,20,0.14923223908895228,0.05512663167788662,2.7070806712976623
42,False,Palm oil,oni,observable,6,market_adjusted_log_return,20,0.06383603610301974,0.03713331233549698,1.7191042782896784
42,False,"Rubber, RSS3",oni,observable,6,market_adjusted_log_return,20,0.1384650873733228,0.04482795521547253,3.0888111382232104
42,False,Coconut oil,oni,observable,12,seasonal_adjusted_log_return,20,-0.04651132191522131,0.10548110828325603,-0.4409445698116965
42,False,Palm oil,oni,observable,12,seasonal_adjusted_log_return,20,-0.00928619134341071,0.0876376777838663,-0.10596117535556443
42,False,"Rubber, RSS3",oni,observable,12,seasonal_adjusted_log_return,20,0.03212942856364019,0.08622434915739274,0.37262593313394077
42,False,Coconut oil,oni,observable,12,market_adjusted_log_return,20,0.26771494409166124,0.09539114195861999,2.80649689892374
42,False,Palm oil,oni,observable,12,market_adjusted_log_return,20,0.15288224971401548,0.0726193650438202,2.105254564285474
42,False,"Rubber, RSS3",oni,observable,12,market_adjusted_log_return,20,0.2168039909035752,0.07628846876063329,2.841897267381664
42,False,Coconut oil,oni,observable,18,seasonal_adjusted_log_return,20,0.021654735158447895,0.14887791277979906,0.14545297387717127
42,False,Palm oil,oni,observable,18,seasonal_adjusted_log_return,20,0.07825469661592425,0.10060077313143524,0.7778737099135832
42,False,"Rubber, RSS3",oni,observable,18,seasonal_adjusted_log_return,20,0.052532783725390386,0.08657849611982794,0.6067647981859492
42,False,Coconut oil,oni,observable,18,market_adjusted_log_return,20,0.436915100486808,0.12894896117741014,3.388279335462756
42,False,Palm oil,oni,observable,18,market_adjusted_log_return,20,0.27118196188898225,0.07982155067874021,3.397352714687479
42,False,"Rubber, RSS3",oni,observable,18,market_adjusted_log_return,20,0.29726099853867965,0.07505010555786167,3.9608338499870492
42,False,Coconut oil,oni,observable,24,seasonal_adjusted_log_return,19,0.046942622372952325,0.17817411183633988,0.263464887738972
42,False,Palm oil,oni,observable,24,seasonal_adjusted_log_return,19,0.13298905104276335,0.12840348753492226,1.0357121414369213
42,False,"Rubber, RSS3",oni,observable,24,seasonal_adjusted_log_return,19,0.09945592330749611,0.09060502628702503,1.0976866006575903
42,False,Coconut oil,oni,observable,24,market_adjusted_log_return,19,0.5981050833411962,0.15197728245148706,3.935490052811797
42,False,Palm oil,oni,observable,24,market_adjusted_log_return,19,0.3916182256422762,0.09864601999475217,3.9699343740691186
42,False,"Rubber, RSS3",oni,observable,24,market_adjusted_log_return,19,0.4241953869124627,0.08175699251308881,5.188490597236091
43,False,Coconut oil,roni,retrospective,6,seasonal_adjusted_log_return,19,0.012040252247214119,0.08926640667228032,0.13487999232921905
43,False,Palm oil,roni,retrospective,6,seasonal_adjusted_log_return,19,0.05626101549757356,0.083112521329618,0.6769258662536132
43,False,"Rubber, RSS3",roni,retrospective,6,seasonal_adjusted_log_return,19,-0.0025152047068750048,0.061037197597043846,-0.04120773570700142
43,False,Coconut oil,roni,retrospective,6,market_adjusted_log_return,19,0.1731166840367864,0.07832570886081826,2.2102153501656527
43,False,Palm oil,roni,retrospective,6,market_adjusted_log_return,19,0.13544266536792343,0.0698171307153748,1.9399632150465456
43,False,"Rubber, RSS3",roni,retrospective,6,market_adjusted_log_return,19,0.09227592115417292,0.053026332114658924,1.7401905331608558
43,False,Coconut oil,roni,retrospective,12,seasonal_adjusted_log_return,19,0.03807209731496404,0.13126269198469884,0.2900450747985731
43,False,Palm oil,roni,retrospective,12,seasonal_adjusted_log_return,19,0.11088759208298851,0.10527879472390755,1.0532756608184008
43,False,"Rubber, RSS3",roni,retrospective,12,seasonal_adjusted_log_return,19,0.0050402246066643805,0.07659000264560732,0.06580786568171575
43,False,Coconut oil,roni,retrospective,12,market_adjusted_log_return,19,0.3180105185172845,0.11223276273500171,2.8334909590362196
43,False,Palm oil,roni,retrospective,12,market_adjusted_log_return,19,0.23869434890907756,0.08406368674726031,2.8394465927567323
43,False,"Rubber, RSS3",roni,retrospective,12,market_adjusted_log_return,19,0.17008925529901436,0.06570007803039822,2.5888744792710474
43,False,Coconut oil,roni,retrospective,18,seasonal_adjusted_log_return,18,0.08697864869338007,0.15492355889859652,0.5614294514774927
43,False,Palm oil,roni,retrospective,18,seasonal_adjusted_log_return,18,0.15807572795286265,0.13373283959225338,1.1820262579844252
43,False,"Rubber, RSS3",roni,retrospective,18,seasonal_adjusted_log_return,18,0.014939756656304605,0.06352939377619593,0.2351629028436037
43,False,Coconut oil,roni,retrospective,18,market_adjusted_log_return,18,0.5047985610859704,0.12937518837852077,3.9018189454460996
43,False,Palm oil,roni,retrospective,18,market_adjusted_log_return,18,0.35356805231603383,0.1072986168123123,3.2951781003337466
43,False,"Rubber, RSS3",roni,retrospective,18,market_adjusted_log_return,18,0.26113299419700237,0.05767294360598083,4.527824970770561
43,False,Coconut oil,roni,retrospective,24,seasonal_adjusted_log_return,18,0.17507006306415962,0.11921871452832022,1.4684780301214537
43,False,Palm oil,roni,retrospective,24,seasonal_adjusted_log_return,18,0.18028310742099635,0.10240292042344819,1.7605270110999216
43,False,"Rubber, RSS3",roni,retrospective,24,seasonal_adjusted_log_return,18,0.04215010284183427,0.06778131359633952,0.621854322459023
43,False,Coconut oil,roni,retrospective,24,market_adjusted_log_return,18,0.7153562950534713,0.10095979171184474,7.085556367778686
43,False,Palm oil,roni,retrospective,24,market_adjusted_log_return,18,0.428012630907061,0.08214256571644486,5.210607036363527
43,False,"Rubber, RSS3",roni,retrospective,24,market_adjusted_log_return,18,0.36066427648620203,0.06647813483991147,5.425306792296917
43,False,Coconut oil,roni,observable,6,seasonal_adjusted_log_return,19,-0.0024772596312125188,0.06371849895272988,-0.038878185643549064
43,False,Palm oil,roni,observable,6,seasonal_adjusted_log_return,19,0.05658284778044871,0.05566537876765628,1.0164818605945698
43,False,"Rubber, RSS3",roni,observable,6,seasonal_adjusted_log_return,19,-0.0009805057184470182,0.03878160031001345,-0.025282755497685085
43,False,Coconut oil,roni,observable,6,market_adjusted_log_return,19,0.14797119909636003,0.0547600338337581,2.7021750853108446
43,False,Palm oil,roni,observable,6,market_adjusted_log_return,19,0.12511363707740372,0.04839869265490762,2.5850623273956805
43,False,"Rubber, RSS3",roni,observable,6,market_adjusted_log_return,19,0.08772742585416304,0.035639325785888354,2.4615343842699557
43,False,Coconut oil,roni,observable,12,seasonal_adjusted_log_return,18,0.04904897419160995,0.08486686927836729,0.5779519688740612
43,False,Palm oil,roni,observable,12,seasonal_adjusted_log_return,18,0.10573730876802355,0.07603027807595238,1.3907263190908572
43,False,"Rubber, RSS3",roni,observable,12,seasonal_adjusted_log_return,18,0.007425017561086503,0.050971249742086014,0.1456706986518285
43,False,Coconut oil,roni,observable,12,market_adjusted_log_return,18,0.3384014535284783,0.06914516311483673,4.894072676731689
43,False,Palm oil,roni,observable,12,market_adjusted_log_return,18,0.24297839705468144,0.05996856709322479,4.051762595510357
43,False,"Rubber, RSS3",roni,observable,12,market_adjusted_log_return,18,0.17786242704787134,0.0524761976627966,3.389392428750002
43,False,Coconut oil,roni,observable,18,seasonal_adjusted_log_return,18,0.13714038856238947,0.08075115262561901,1.6983087436312394
43,False,Palm oil,roni,observable,18,seasonal_adjusted_log_return,18,0.12794468823615723,0.06170041044102266,2.0736440377241125
43,False,"Rubber, RSS3",roni,observable,18,seasonal_adjusted_log_return,18,0.03463536374661616,0.07864414501298075,0.44040613247050187
43,False,Coconut oil,roni,observable,18,market_adjusted_log_return,18,0.5489591874959792,0.07605820973538635,7.217619102603909
43,False,Palm oil,roni,observable,18,market_adjusted_log_return,18,0.31742297564570865,0.057836540977415474,5.4882773119101085
43,False,"Rubber, RSS3",roni,observable,18,market_adjusted_log_return,18,0.27739370933707097,0.0779941866619799,3.5565946797967327
43,False,Coconut oil,roni,observable,24,seasonal_adjusted_log_return,18,0.22767595935009352,0.07195540155140917,3.1641260341995094
43,False,Palm oil,roni,observable,24,seasonal_adjusted_log_return,18,0.20083485695580328,0.06385847637563108,3.144999197513637
43,False,"Rubber, RSS3",roni,observable,24,seasonal_adjusted_log_return,18,0.02720848520129358,0.09493427477868607,0.28660339234404963
43,False,Coconut oil,roni,observable,24,market_adjusted_log_return,18,0.7866126028869861,0.07157590488111869,10.989907905369561
43,False,Palm oil,roni,observable,24,market_adjusted_log_return,18,0.4672549559515071,0.06227418513160655,7.503188599963828
43,False,"Rubber, RSS3",roni,observable,24,market_adjusted_log_return,18,0.3563977025573277,0.09119523201119165,3.9080738619491635
43,False,Coconut oil,oni,retrospective,6,seasonal_adjusted_log_return,20,-0.02737897874793398,0.08001974503775962,-0.34215278660303683
43,False,Palm oil,oni,retrospective,6,seasonal_adjusted_log_return,20,0.00654444818754101,0.07670805896897824,0.08531630542480122
43,False,"Rubber, RSS3",oni,retrospective,6,seasonal_adjusted_log_return,20,-0.0034982048713184826,0.06992483307651623,-0.05002807611268121
43,False,Coconut oil,oni,retrospective,6,market_adjusted_log_return,20,0.15171583393179167,0.06856773721431686,2.212641689743753
43,False,Palm oil,oni,retrospective,6,market_adjusted_log_return,20,0.10378328182188845,0.06202855917584395,1.6731531926716947
43,False,"Rubber, RSS3",oni,retrospective,6,market_adjusted_log_return,20,0.10160620566578744,0.05989983273356691,1.696268604250191
43,False,Coconut oil,oni,retrospective,12,seasonal_adjusted_log_return,20,0.04078707832573526,0.12670225321433568,0.3219128096856957
43,False,Palm oil,oni,retrospective,12,seasonal_adjusted_log_return,20,0.09408533614687598,0.09459786198350102,0.9945820568681094
43,False,"Rubber, RSS3",oni,retrospective,12,seasonal_adjusted_log_return,20,0.0169051502904317,0.07097098505936898,0.23819805060180754
43,False,Coconut oil,oni,retrospective,12,market_adjusted_log_return,20,0.3209159903269384,0.10804116540578729,2.9703121872262623
43,False,Palm oil,oni,retrospective,12,market_adjusted_log_return,20,0.22208299399685524,0.07502963727450074,2.9599369271152196
43,False,"Rubber, RSS3",oni,retrospective,12,market_adjusted_log_return,20,0.18206321330089192,0.06080400701819756,2.994263408436283
43,False,Coconut oil,oni,retrospective,18,seasonal_adjusted_log_return,19,0.08398706961327754,0.15588162032855285,0.5387875070598918
43,False,Palm oil,oni,retrospective,18,seasonal_adjusted_log_return,19,0.14328613698579576,0.12468928719018105,1.1491455297779516
43,False,"Rubber, RSS3",oni,retrospective,18,seasonal_adjusted_log_return,19,0.049302370853252266,0.06959484747925333,0.7084198419710542
43,False,Coconut oil,oni,retrospective,18,market_adjusted_log_return,19,0.5020472341403758,0.1311620323718953,3.8276872129952735
43,False,Palm oil,oni,retrospective,18,market_adjusted_log_return,19,0.3390192308703211,0.09884218976398251,3.4299040893351154
43,False,"Rubber, RSS3",oni,retrospective,18,market_adjusted_log_return,19,0.29563312289496513,0.0643874346094381,4.591472306486805
43,False,Coconut oil,oni,retrospective,24,seasonal_adjusted_log_return,19,0.141532776470052,0.10697378824084505,1.3230603384017725
43,False,Palm oil,oni,retrospective,24,seasonal_adjusted_log_return,19,0.13368247175806042,0.10113172475649686,1.3218648458724367
43,False,"Rubber, RSS3",oni,retrospective,24,seasonal_adjusted_log_return,19,0.03874203891542429,0.06633777549245151,0.584011728277393
43,False,Coconut oil,oni,retrospective,24,market_adjusted_log_return,19,0.6912878749470979,0.09084156190732774,7.609819342960186
43,False,Palm oil,oni,retrospective,24,market_adjusted_log_return,19,0.3909012530885529,0.08163025624072925,4.7886809510407184
43,False,"Rubber, RSS3",oni,retrospective,24,market_adjusted_log_return,19,0.3626759623277057,0.06363216628890134,5.699569627742869
43,False,Coconut oil,oni,observable,6,seasonal_adjusted_log_return,20,0.07631636858449742,0.06798428956615185,1.1225588892892389
43,False,Palm oil,oni,observable,6,seasonal_adjusted_log_return,20,0.08858159981643621,0.05818494575398378,1.5224144092352487
43,False,"Rubber, RSS3",oni,observable,6,seasonal_adjusted_log_return,20,0.011716208208486557,0.030916521644341916,0.3789626900227555
43,False,Coconut oil,oni,observable,6,market_adjusted_log_return,20,0.21281528029913477,0.059706365161353116,3.5643650341804154
43,False,Palm oil,oni,observable,6,market_adjusted_log_return,20,0.14313280152598787,0.04936936134307766,2.8992232759773646
43,False,"Rubber, RSS3",oni,observable,6,market_adjusted_log_return,20,0.09243975703752423,0.028231858363936574,3.2743064889985045
43,False,Coconut oil,oni,observable,12,seasonal_adjusted_log_return,19,0.126002303619632,0.1038023395395552,1.2138676659750738
43,False,Palm oil,oni,observable,12,seasonal_adjusted_log_return,19,0.14221370908118297,0.09094915226920597,1.5636617333192497
43,False,"Rubber, RSS3",oni,observable,12,seasonal_adjusted_log_return,19,0.04274183037032005,0.06539215002112757,0.6536232614543271
43,False,Coconut oil,oni,observable,12,market_adjusted_log_return,19,0.4006569674249355,0.08864916154086201,4.51957988615895
43,False,Palm oil,oni,observable,12,market_adjusted_log_return,19,0.264725329853485,0.07518847427733322,3.520823269761317
43,False,"Rubber, RSS3",oni,observable,12,market_adjusted_log_return,19,0.20476656634235793,0.06264656732217935,3.2685999424243395
43,False,Coconut oil,oni,observable,18,seasonal_adjusted_log_return,19,0.18354801047640648,0.08932199030115241,2.054902828044556
43,False,Palm oil,oni,observable,18,seasonal_adjusted_log_return,19,0.13261004385344768,0.07909321447789887,1.6766298440241432
43,False,"Rubber, RSS3",oni,observable,18,seasonal_adjusted_log_return,19,0.032181498432492066,0.07717770144066355,0.41697922886747457
43,False,Coconut oil,oni,observable,18,market_adjusted_log_return,19,0.5898976082316577,0.0832621351913793,7.084824414792738
43,False,Palm oil,oni,observable,18,market_adjusted_log_return,19,0.31660735207171675,0.07014045381169084,4.5139050985003095
43,False,"Rubber, RSS3",oni,observable,18,market_adjusted_log_return,19,0.2718094057750985,0.07380519890904945,3.6827948409169755
43,False,Coconut oil,oni,observable,24,seasonal_adjusted_log_return,19,0.3195449997581954,0.09338384770236753,3.4218444369164076
43,False,Palm oil,oni,observable,24,seasonal_adjusted_log_return,19,0.25076183332761165,0.08863084943506352,2.8292838771824633
43,False,"Rubber, RSS3",oni,observable,24,seasonal_adjusted_log_return,19,0.06837003627181243,0.10324389845866828,0.6622186617563949
43,False,Coconut oil,oni,observable,24,market_adjusted_log_return,19,0.8576281181862783,0.08512837144781564,10.074527488312295
43,False,Palm oil,oni,observable,24,market_adjusted_log_return,19,0.4962834988118621,0.07679787705391289,6.462203355744665
43,False,"Rubber, RSS3",oni,observable,24,market_adjusted_log_return,19,0.3856232010902955,0.09582770850317057,4.02413046407696
44,False,Coconut oil,roni,retrospective,6,seasonal_adjusted_log_return,19,0.018488827865492313,0.051046945094690245,0.36219264113055544
44,False,Palm oil,roni,retrospective,6,seasonal_adjusted_log_return,19,0.06947466154223726,0.047898558440047236,1.4504541223134304
44,False,"Rubber, RSS3",roni,retrospective,6,seasonal_adjusted_log_return,19,0.006014561072075826,0.05639074366120392,0.10665865852401879
44,False,Coconut oil,roni,retrospective,6,market_adjusted_log_return,19,0.17189438305383525,0.04408534150476506,3.8991278548960695
44,False,Palm oil,roni,retrospective,6,market_adjusted_log_return,19,0.14096891545488247,0.04079716604214252,3.4553604853156923
44,False,"Rubber, RSS3",roni,retrospective,6,market_adjusted_log_return,19,0.09641506301493234,0.05102675221892614,1.8895002880307046
44,False,Coconut oil,roni,retrospective,12,seasonal_adjusted_log_return,19,0.10110589142674192,0.08865905316291055,1.1403899299596667
44,False,Palm oil,roni,retrospective,12,seasonal_adjusted_log_return,19,0.09361162646251237,0.04917277535285349,1.903728756222829
44,False,"Rubber, RSS3",roni,retrospective,12,seasonal_adjusted_log_return,19,0.029081511713903677,0.0805242665710962,0.36115214645546795
44,False,Coconut oil,roni,retrospective,12,market_adjusted_log_return,19,0.3777600492400058,0.08624979713936538,4.379836959263894
44,False,Palm oil,roni,retrospective,12,market_adjusted_log_return,19,0.21812704718536846,0.049980285128991664,4.364261760860609
44,False,"Rubber, RSS3",roni,retrospective,12,market_adjusted_log_return,19,0.1922507096127863,0.07410213790743571,2.5944016602184305
44,False,Coconut oil,roni,retrospective,18,seasonal_adjusted_log_return,19,0.1855870666037491,0.10610121051834492,1.7491512650712036
44,False,Palm oil,roni,retrospective,18,seasonal_adjusted_log_return,19,0.16056587982342096,0.06923042211226715,2.3192965595824355
44,False,"Rubber, RSS3",roni,retrospective,18,seasonal_adjusted_log_return,19,0.02006298914445704,0.10313468452681607,0.19453192916143025
44,False,Coconut oil,roni,retrospective,18,market_adjusted_log_return,19,0.6090030112506519,0.09803764864647234,6.2119300050406245
44,False,Palm oil,roni,retrospective,18,market_adjusted_log_return,19,0.36166628758661606,0.06251977731965074,5.784830066452266
44,False,"Rubber, RSS3",roni,retrospective,18,market_adjusted_log_return,19,0.2694592599680546,0.09351923338378512,2.881324517088855
44,False,Coconut oil,roni,retrospective,24,seasonal_adjusted_log_return,19,0.20843291023927923,0.12852112981044603,1.621779317896551
44,False,Palm oil,roni,retrospective,24,seasonal_adjusted_log_return,19,0.12096223256688714,0.07447383574414355,1.6242245529350128
44,False,"Rubber, RSS3",roni,retrospective,24,seasonal_adjusted_log_return,19,0.040710356448745946,0.1208959009610032,0.336738930973993
44,False,Coconut oil,roni,retrospective,24,market_adjusted_log_return,19,0.7538382387495074,0.11653818722187367,6.4685941726062435
44,False,Palm oil,roni,retrospective,24,market_adjusted_log_return,19,0.373821876630786,0.06166060506392804,6.062572305983985
44,False,"Rubber, RSS3",roni,retrospective,24,market_adjusted_log_return,19,0.36215457691731434,0.10781664741377654,3.3589857003014094
44,False,Coconut oil,roni,observable,6,seasonal_adjusted_log_return,19,0.09074583201696146,0.08271998574776047,1.0970242704547162
44,False,Palm oil,roni,observable,6,seasonal_adjusted_log_return,19,0.036425917495212644,0.04952227920262629,0.7355460629380903
44,False,"Rubber, RSS3",roni,observable,6,seasonal_adjusted_log_return,19,0.04242179563065888,0.046158792984580914,0.9190404013560242
44,False,Coconut oil,roni,observable,6,market_adjusted_log_return,19,0.23132771924625456,0.08100056677159986,2.855877785380656
44,False,Palm oil,roni,observable,6,market_adjusted_log_return,19,0.09506888747304035,0.04942698524374493,1.9234207185450682
44,False,"Rubber, RSS3",roni,observable,6,market_adjusted_log_return,19,0.12548234072283085,0.045467497976842554,2.759825068596063
44,False,Coconut oil,roni,observable,12,seasonal_adjusted_log_return,19,0.1752270071939686,0.11696235268682882,1.498148790347486
44,False,Palm oil,roni,observable,12,seasonal_adjusted_log_return,19,0.10338017085612125,0.07842906110288722,1.3181360251208656
44,False,"Rubber, RSS3",roni,observable,12,seasonal_adjusted_log_return,19,0.03340327306121225,0.07687355922659116,0.43452226483690376
44,False,Coconut oil,roni,observable,12,market_adjusted_log_return,19,0.46257068125690076,0.1069512288738489,4.325061863501467
44,False,Palm oil,roni,observable,12,market_adjusted_log_return,19,0.23860812787428792,0.06946102336039284,3.4351369491965182
44,False,"Rubber, RSS3",roni,observable,12,market_adjusted_log_return,19,0.2026908910780991,0.0696162809975167,2.911544371141132
44,False,Coconut oil,roni,observable,18,seasonal_adjusted_log_return,19,0.19807285082949874,0.14916748126697285,1.3278554356964531
44,False,Palm oil,roni,observable,18,seasonal_adjusted_log_return,19,0.06377652359958742,0.0839579513146374,0.7596245811261059
44,False,"Rubber, RSS3",roni,observable,18,seasonal_adjusted_log_return,19,0.05405064036550114,0.09856481255865376,0.5483766362700359
44,False,Coconut oil,roni,observable,18,market_adjusted_log_return,19,0.6074059087557563,0.1380803767916114,4.398929977374288
44,False,Palm oil,roni,observable,18,market_adjusted_log_return,19,0.25076371691845784,0.07284419440825042,3.4424667463966907
44,False,"Rubber, RSS3",roni,observable,18,market_adjusted_log_return,19,0.29538620802735877,0.08939274467468775,3.304364454881758
44,False,Coconut oil,roni,observable,24,seasonal_adjusted_log_return,19,0.15726575947351545,0.13789742867076238,1.1404546189834766
44,False,Palm oil,roni,observable,24,seasonal_adjusted_log_return,19,0.04468956424793392,0.09251461949839473,0.48305407826607716
44,False,"Rubber, RSS3",roni,observable,24,seasonal_adjusted_log_return,19,0.048225872253736764,0.08945445336900765,0.5391109155270416
44,False,Coconut oil,roni,observable,24,market_adjusted_log_return,19,0.7001151605352597,0.12579560677027943,5.5654977030618324
44,False,Palm oil,roni,observable,24,market_adjusted_log_return,19,0.29498777663236714,0.07758686221328454,3.8020325634699903
44,False,"Rubber, RSS3",roni,observable,24,market_adjusted_log_return,19,0.3682071417752547,0.08023288897764219,4.589229510081082
44,False,Coconut oil,oni,retrospective,6,seasonal_adjusted_log_return,19,0.04511134200314961,0.053804456093000594,0.8384313359691806
44,False,Palm oil,oni,retrospective,6,seasonal_adjusted_log_return,19,0.056825035125513304,0.05172984962452228,1.0984960431544668
44,False,"Rubber, RSS3",oni,retrospective,6,seasonal_adjusted_log_return,19,0.041389406027180414,0.05337160982381181,0.7754948026453284
44,False,Coconut oil,oni,retrospective,6,market_adjusted_log_return,19,0.19931436573877068,0.0457603451523928,4.355613251495516
44,False,Palm oil,oni,retrospective,6,market_adjusted_log_return,19,0.1291184749468146,0.044834692342276265,2.8798786877157645
44,False,"Rubber, RSS3",oni,retrospective,6,market_adjusted_log_return,19,0.13224635964560208,0.049400614639175874,2.6770185069869057
44,False,Coconut oil,oni,retrospective,12,seasonal_adjusted_log_return,19,0.1026570488599241,0.07960645608529773,1.2895568262695658
44,False,Palm oil,oni,retrospective,12,seasonal_adjusted_log_return,19,0.04722136989777799,0.052310788989707556,0.902708041873906
44,False,"Rubber, RSS3",oni,retrospective,12,seasonal_adjusted_log_return,19,0.030829074089352433,0.0721778088193335,0.4271267664348184
44,False,Coconut oil,oni,retrospective,12,market_adjusted_log_return,19,0.38855500654549285,0.07896031735470879,4.92088962611447
44,False,Palm oil,oni,retrospective,12,market_adjusted_log_return,19,0.1810004971650464,0.05000636442376406,3.619549216399967
44,False,"Rubber, RSS3",oni,retrospective,12,market_adjusted_log_return,19,0.1992891990783426,0.06770793430034101,2.943365517464013
44,False,Coconut oil,oni,retrospective,18,seasonal_adjusted_log_return,19,0.23865403814171304,0.1053579973884004,2.2651724981248376
44,False,Palm oil,oni,retrospective,18,seasonal_adjusted_log_return,19,0.165373159371942,0.072523467025525,2.280271009571813
44,False,"Rubber, RSS3",oni,retrospective,18,seasonal_adjusted_log_return,19,0.0670176119286728,0.10647375825420793,0.6294284434730584
44,False,Coconut oil,oni,retrospective,18,market_adjusted_log_return,19,0.6562855165001136,0.09623030999957265,6.819945986904003
44,False,Palm oil,oni,retrospective,18,market_adjusted_log_return,19,0.36067664390519166,0.05879804062926633,6.134160935384423
44,False,"Rubber, RSS3",oni,retrospective,18,market_adjusted_log_return,19,0.31310299439353956,0.09758855937016055,3.208398570634873
44,False,Coconut oil,oni,retrospective,24,seasonal_adjusted_log_return,19,0.20736040095278668,0.12798521390603276,1.620190290927134
44,False,Palm oil,oni,retrospective,24,seasonal_adjusted_log_return,19,0.10959820853784312,0.07739474182749954,1.4160937287202267
44,False,"Rubber, RSS3",oni,retrospective,24,seasonal_adjusted_log_return,19,0.05488205572549676,0.12124991966930755,0.4526358110189269
44,False,Coconut oil,oni,retrospective,24,market_adjusted_log_return,19,0.7509371723633057,0.11681148317569212,6.4286245833712
44,False,Palm oil,oni,retrospective,24,market_adjusted_log_return,19,0.36062535767482784,0.0663459535114795,5.435529050199432
44,False,"Rubber, RSS3",oni,retrospective,24,market_adjusted_log_return,19,0.37527965441208055,0.10976581953461718,3.4189117887807274
44,False,Coconut oil,oni,observable,6,seasonal_adjusted_log_return,19,0.05468940125575398,0.07859118261053048,0.6958719723912911
44,False,Palm oil,oni,observable,6,seasonal_adjusted_log_return,19,-0.0018415412703049444,0.052389735321223124,-0.035150803091744856
44,False,"Rubber, RSS3",oni,observable,6,seasonal_adjusted_log_return,19,0.009107985113344584,0.04064851466942434,0.22406686166556478
44,False,Coconut oil,oni,observable,6,market_adjusted_log_return,19,0.20765828154508756,0.07413900281635755,2.8009316777493964
44,False,Palm oil,oni,observable,6,market_adjusted_log_return,19,0.06921509735689328,0.047073676183167795,1.4703567464663536
44,False,"Rubber, RSS3",oni,observable,6,market_adjusted_log_return,19,0.09925854492367389,0.03832141005307926,2.5901589943112784
44,False,Coconut oil,oni,observable,12,seasonal_adjusted_log_return,19,0.1906863905375429,0.11975181428327927,1.592346568432476
44,False,Palm oil,oni,observable,12,seasonal_adjusted_log_return,19,0.11631024820385899,0.08196849125191644,1.418962901810635
44,False,"Rubber, RSS3",oni,observable,12,seasonal_adjusted_log_return,19,0.04529652295266496,0.08231771567397254,0.5502645764863826
44,False,Coconut oil,oni,observable,12,market_adjusted_log_return,19,0.47538879149970836,0.10652227821235642,4.462810967598738
44,False,Palm oil,oni,observable,12,market_adjusted_log_return,19,0.24889124409703853,0.06637694465004344,3.7496640649740365
44,False,"Rubber, RSS3",oni,observable,12,market_adjusted_log_return,19,0.2130723402388709,0.07411636164920037,2.874835400681999
44,False,Coconut oil,oni,observable,18,seasonal_adjusted_log_return,19,0.15939275334861655,0.14730119868056313,1.0820872795086693
44,False,Palm oil,oni,observable,18,seasonal_adjusted_log_return,19,0.06053529736976019,0.09757907539682786,0.6203717049334544
44,False,"Rubber, RSS3",oni,observable,18,seasonal_adjusted_log_return,19,0.033160966749488915,0.1021027721749947,0.32478027817554345
44,False,Coconut oil,oni,observable,18,market_adjusted_log_return,19,0.5700404473629003,0.13197830784266182,4.319198030955777
44,False,Palm oil,oni,observable,18,market_adjusted_log_return,19,0.24883995786667476,0.08023483030971236,3.1013957019181593
44,False,"Rubber, RSS3",oni,observable,18,market_adjusted_log_return,19,0.27524900025741184,0.09137050282636727,3.012449223142305
44,False,Coconut oil,oni,observable,24,seasonal_adjusted_log_return,19,0.1671026873874498,0.13826948921055993,1.2085289989968937
44,False,Palm oil,oni,observable,24,seasonal_adjusted_log_return,19,0.04820472259089582,0.09747634730494466,0.494527379448189
44,False,"Rubber, RSS3",oni,observable,24,seasonal_adjusted_log_return,19,0.04795188571141734,0.09784359290536246,0.4900871307720474
44,False,Coconut oil,oni,observable,24,market_adjusted_log_return,19,0.7207721627796293,0.12459111630324804,5.785100769346258
44,False,Palm oil,oni,observable,24,market_adjusted_log_return,19,0.3093463105103389,0.07844114193633774,3.9436742361731825
44,False,"Rubber, RSS3",oni,observable,24,market_adjusted_log_return,19,0.37412630363323723,0.0878793577270418,4.257271711011981
45,False,Coconut oil,roni,retrospective,6,seasonal_adjusted_log_return,19,0.08100895778646464,0.07122370556072036,1.13738757550886
45,False,Palm oil,roni,retrospective,6,seasonal_adjusted_log_return,19,0.07847210915701334,0.06566816755165009,1.1949794258427047
45,False,"Rubber, RSS3",roni,retrospective,6,seasonal_adjusted_log_return,19,-0.012974405814811976,0.06307821616914945,-0.2056875828577656
45,False,Coconut oil,roni,retrospective,6,market_adjusted_log_return,19,0.25004530841921935,0.05388816383264285,4.640078463162516
45,False,Palm oil,roni,retrospective,6,market_adjusted_log_return,19,0.16563081968415067,0.05026609257144707,3.2950804650018664
45,False,"Rubber, RSS3",roni,retrospective,6,market_adjusted_log_return,19,0.08637278474086793,0.053411248275397706,1.617127244349632
45,False,Coconut oil,roni,retrospective,12,seasonal_adjusted_log_return,19,0.10385480142199477,0.1164431361837433,0.8918928571119507
45,False,Palm oil,roni,retrospective,12,seasonal_adjusted_log_return,19,0.038868461900479524,0.0709453920956311,0.54786450187049
45,False,"Rubber, RSS3",roni,retrospective,12,seasonal_adjusted_log_return,19,0.007672961489476916,0.08486377669387048,0.09041503676127481
45,False,Coconut oil,roni,retrospective,12,market_adjusted_log_return,19,0.3948805359180749,0.09994626293036966,3.9509284723649887
45,False,Palm oil,roni,retrospective,12,market_adjusted_log_return,19,0.1777864087283206,0.052244875866284034,3.4029444185751077
45,False,"Rubber, RSS3",roni,retrospective,12,market_adjusted_log_return,19,0.1790681016901276,0.07508457571805553,2.3848853106999344
45,False,Coconut oil,roni,retrospective,18,seasonal_adjusted_log_return,19,0.06304771006601147,0.11553880075419905,0.5456843039261
45,False,Palm oil,roni,retrospective,18,seasonal_adjusted_log_return,19,0.019781502548826053,0.08097083861224198,0.24430403448773577
45,False,"Rubber, RSS3",roni,retrospective,18,seasonal_adjusted_log_return,19,0.0018481933777125435,0.08476342075798758,0.02180413863887603
45,False,Coconut oil,roni,retrospective,18,market_adjusted_log_return,19,0.48758978769757855,0.09640339635272982,5.057807153531595
45,False,Palm oil,roni,retrospective,18,market_adjusted_log_return,19,0.22201046844222988,0.0629664567212073,3.5258529700219903
45,False,"Rubber, RSS3",roni,retrospective,18,market_adjusted_log_return,19,0.25188903543802355,0.07812346337429384,3.2242430706279523
45,False,Coconut oil,roni,retrospective,24,seasonal_adjusted_log_return,19,0.07423213797177404,0.10238826741554587,0.7250062907159145
45,False,Palm oil,roni,retrospective,24,seasonal_adjusted_log_return,19,0.04557679831062992,0.08810378593858612,0.5173080569136929
45,False,"Rubber, RSS3",roni,retrospective,24,seasonal_adjusted_log_return,19,0.028485914651245513,0.0936895984762911,0.3040456476975307
45,False,Coconut oil,roni,retrospective,24,market_adjusted_log_return,19,0.6350295906780798,0.08928658086231427,7.112262386408736
45,False,Palm oil,roni,retrospective,24,market_adjusted_log_return,19,0.31386171375830413,0.07182621733909458,4.369737477285624
45,False,"Rubber, RSS3",roni,retrospective,24,market_adjusted_log_return,19,0.35874021409256657,0.08344825366341899,4.298954122389581
45,False,Coconut oil,roni,observable,6,seasonal_adjusted_log_return,20,0.025071535799544735,0.06446776188130479,0.3889003599303687
45,False,Palm oil,roni,observable,6,seasonal_adjusted_log_return,20,-0.008697911262586348,0.039769759423599345,-0.21870666025263943
45,False,"Rubber, RSS3",roni,observable,6,seasonal_adjusted_log_return,20,0.023046783328180446,0.05033377145300111,0.45787912693369814
45,False,Coconut oil,roni,observable,6,market_adjusted_log_return,20,0.16519850305415212,0.05923173747034154,2.789020044142216
45,False,Palm oil,roni,observable,6,market_adjusted_log_return,20,0.04948915906305324,0.03505457508848366,1.4117746096803128
45,False,"Rubber, RSS3",roni,observable,6,market_adjusted_log_return,20,0.1058469432485458,0.04591557169865723,2.3052515591707468
45,False,Coconut oil,roni,observable,12,seasonal_adjusted_log_return,20,-0.017764372263196687,0.07916845816245832,-0.22438699294538683
45,False,Palm oil,roni,observable,12,seasonal_adjusted_log_return,20,-0.026451003422066306,0.06246996994296005,-0.42341949974072557
45,False,"Rubber, RSS3",roni,observable,12,seasonal_adjusted_log_return,20,0.012276934486968882,0.07504786550572888,0.1635880568253031
45,False,Coconut oil,roni,observable,12,market_adjusted_log_return,20,0.2558576998389084,0.06885817211258438,3.715720182356516
45,False,Palm oil,roni,observable,12,market_adjusted_log_return,20,0.09502580194415104,0.0549741338507287,1.7285547818211136
45,False,"Rubber, RSS3",roni,observable,12,market_adjusted_log_return,20,0.17371063998550623,0.0692492370401077,2.5084845322540765
45,False,Coconut oil,roni,observable,18,seasonal_adjusted_log_return,20,-0.010570396907823599,0.09163004704857845,-0.11535950540568436
45,False,Palm oil,roni,observable,18,seasonal_adjusted_log_return,20,-0.0011514081954287297,0.07926286349432612,-0.014526452170266987
45,False,"Rubber, RSS3",roni,observable,18,seasonal_adjusted_log_return,20,0.03562065630535656,0.08569217612880206,0.4156815466071946
45,False,Coconut oil,roni,observable,18,market_adjusted_log_return,20,0.4000111215948037,0.08462253360203638,4.72700478900785
45,False,Palm oil,roni,observable,18,market_adjusted_log_return,20,0.18708693427979772,0.0723644987621228,2.585341396404769
45,False,"Rubber, RSS3",roni,observable,18,market_adjusted_log_return,20,0.27767081255369336,0.07668652427443987,3.620855361236432
45,False,Coconut oil,roni,observable,24,seasonal_adjusted_log_return,20,0.017541474084877176,0.11679753850618865,0.15018701857272207
45,False,Palm oil,roni,observable,24,seasonal_adjusted_log_return,20,-0.028602006266127807,0.09440482869984516,-0.30297185705475166
45,False,"Rubber, RSS3",roni,observable,24,seasonal_adjusted_log_return,20,0.06216185991675579,0.10434574441800366,0.5957297086092805
45,False,Coconut oil,roni,observable,24,market_adjusted_log_return,20,0.5702109608135988,0.113146145462858,5.039596872531371
45,False,Palm oil,roni,observable,24,market_adjusted_log_return,20,0.231537439498143,0.08879666674071239,2.607501474962296
45,False,"Rubber, RSS3",roni,observable,24,market_adjusted_log_return,20,0.38776390855512316,0.09352779700744647,4.145975003818921
45,False,Coconut oil,oni,retrospective,6,seasonal_adjusted_log_return,19,0.14399524344727752,0.0866275087768916,1.6622346120807425
45,False,Palm oil,oni,retrospective,6,seasonal_adjusted_log_return,19,0.10815173089136024,0.07536761604353821,1.434989410158381
45,False,"Rubber, RSS3",oni,retrospective,6,seasonal_adjusted_log_return,19,0.03305165996566836,0.0661924213310553,0.49932695165151203
45,False,Coconut oil,oni,retrospective,6,market_adjusted_log_return,19,0.2994769897476443,0.06960461221578933,4.302545193689191
45,False,Palm oil,oni,retrospective,6,market_adjusted_log_return,19,0.18172664702707347,0.05829697276067714,3.1172570104644084
45,False,"Rubber, RSS3",oni,retrospective,6,market_adjusted_log_return,19,0.12464052339953455,0.0560260804866077,2.224687544032787
45,False,Coconut oil,oni,retrospective,12,seasonal_adjusted_log_return,19,0.1127016062583512,0.12698437561970113,0.8875234115091084
45,False,Palm oil,oni,retrospective,12,seasonal_adjusted_log_return,19,0.05237678005726138,0.08886804172699257,0.589377002569334
45,False,"Rubber, RSS3",oni,retrospective,12,seasonal_adjusted_log_return,19,0.020916103762492325,0.08195506582603178,0.255214287874425
45,False,Coconut oil,oni,retrospective,12,market_adjusted_log_return,19,0.3941286456108363,0.10934767015568708,3.6043625351110236
45,False,Palm oil,oni,retrospective,12,market_adjusted_log_return,19,0.18167536079670965,0.07204756187262537,2.5216031753843096
45,False,"Rubber, RSS3",oni,retrospective,12,market_adjusted_log_return,19,0.1868171834180755,0.0714521158175467,2.6145787466268184
45,False,Coconut oil,oni,retrospective,18,seasonal_adjusted_log_return,19,0.12041154029718448,0.12799175107951494,0.9407757865768924
45,False,Palm oil,oni,retrospective,18,seasonal_adjusted_log_return,19,0.040046205278397015,0.09131248517775652,0.4385622097617837
45,False,"Rubber, RSS3",oni,retrospective,18,seasonal_adjusted_log_return,19,0.03570702272442077,0.08204259886437354,0.4352253977649934
45,False,Coconut oil,oni,retrospective,18,market_adjusted_log_return,19,0.5448603610275653,0.11063195611127359,4.924981715767051
45,False,Palm oil,oni,retrospective,18,market_adjusted_log_return,19,0.2421817134403738,0.07424661608272705,3.2618552362107676
45,False,"Rubber, RSS3",oni,retrospective,18,market_adjusted_log_return,19,0.2856944867939009,0.07510187037036864,3.8040928326416403
45,False,Coconut oil,oni,retrospective,24,seasonal_adjusted_log_return,19,0.0923894136348708,0.10399425365098458,0.8884088340586508
45,False,Palm oil,oni,retrospective,24,seasonal_adjusted_log_return,19,0.0442646499206617,0.0909996528087547,0.4864265802605698
45,False,"Rubber, RSS3",oni,retrospective,24,seasonal_adjusted_log_return,19,0.025308523435815234,0.08765200596354057,0.2887386678445497
45,False,Coconut oil,oni,retrospective,24,market_adjusted_log_return,19,0.6568163077755964,0.09599500467350446,6.842192570431574
45,False,Palm oil,oni,retrospective,24,market_adjusted_log_return,19,0.3161868228634196,0.07962789159282267,3.97080490941844
45,False,"Rubber, RSS3",oni,retrospective,24,market_adjusted_log_return,19,0.3576402272208698,0.07926285492199786,4.512078546411451
45,False,Coconut oil,oni,observable,6,seasonal_adjusted_log_return,20,-0.011873393427330932,0.06962880726339551,-0.17052415363680776
45,False,Palm oil,oni,observable,6,seasonal_adjusted_log_return,20,-0.010668421575628589,0.04867412488060396,-0.2191805523324329
45,False,"Rubber, RSS3",oni,observable,6,seasonal_adjusted_log_return,20,-0.004156412150071705,0.04854808629201978,-0.08561433554910126
45,False,Coconut oil,oni,observable,6,market_adjusted_log_return,20,0.12990965240749974,0.06218256923325499,2.089165082905976
45,False,Palm oil,oni,observable,6,market_adjusted_log_return,20,0.049178293722165714,0.04514832949864014,1.089260538945233
45,False,"Rubber, RSS3",oni,observable,6,market_adjusted_log_return,20,0.07959164702649697,0.043476120819524525,1.8306979906715473
45,False,Coconut oil,oni,observable,12,seasonal_adjusted_log_return,20,-0.0074388217191659976,0.08380602342894831,-0.08876237548095471
45,False,Palm oil,oni,observable,12,seasonal_adjusted_log_return,20,-0.020496990481948345,0.06312389611494935,-0.3247104780196565
45,False,"Rubber, RSS3",oni,observable,12,seasonal_adjusted_log_return,20,0.008408254017175824,0.07885491937984095,0.10662941618992222
45,False,Coconut oil,oni,observable,12,market_adjusted_log_return,20,0.2767415854593389,0.07036557106366186,3.9329118100805642
45,False,Palm oil,oni,observable,12,market_adjusted_log_return,20,0.11156088750553891,0.05563465188252545,2.0052410454747465
45,False,"Rubber, RSS3",oni,observable,12,market_adjusted_log_return,20,0.17588529470836783,0.07187935938352571,2.4469513392558087
45,False,Coconut oil,oni,observable,18,seasonal_adjusted_log_return,20,-0.037587304010237,0.08931417044074151,-0.4208436782736012
45,False,Palm oil,oni,observable,18,seasonal_adjusted_log_return,20,-0.017201361727883547,0.07027291882189378,-0.24477938324264398
45,False,"Rubber, RSS3",oni,observable,18,seasonal_adjusted_log_return,20,-0.0070611269437049155,0.0936859349071404,-0.07537019244888532
45,False,Coconut oil,oni,observable,18,market_adjusted_log_return,20,0.3866385204173291,0.08079687220967358,4.78531544406787
45,False,Palm oil,oni,observable,18,market_adjusted_log_return,20,0.184710669905144,0.06598951581348456,2.79909115301312
45,False,"Rubber, RSS3",oni,observable,18,market_adjusted_log_return,20,0.24279869944475072,0.0854418147566041,2.8416847200215156
45,False,Coconut oil,oni,observable,24,seasonal_adjusted_log_return,20,-0.0068220871682130755,0.10959073073749555,-0.06225058563168204
45,False,Palm oil,oni,observable,24,seasonal_adjusted_log_return,20,-0.04434063152157523,0.08513864289573483,-0.5208050071443711
45,False,"Rubber, RSS3",oni,observable,24,seasonal_adjusted_log_return,20,0.060153961259854324,0.10685417789253028,0.5629537604075229
45,False,Coconut oil,oni,observable,24,market_adjusted_log_return,20,0.5416456866311142,0.10953378580487404,4.945010187048717
45,False,Palm oil,oni,observable,24,market_adjusted_log_return,20,0.21158805285674337,0.08536158403117759,2.4787268799916204
45,False,"Rubber, RSS3",oni,observable,24,market_adjusted_log_return,20,0.3833510512156356,0.09691181338770939,3.955668951131743
46,False,Coconut oil,roni,retrospective,6,seasonal_adjusted_log_return,20,-0.06538398029633945,0.05372353082099123,-1.2170454789019967
46,False,Palm oil,roni,retrospective,6,seasonal_adjusted_log_return,20,-0.048290019631355284,0.04524772605219818,-1.0672363861036351
46,False,"Rubber, RSS3",roni,retrospective,6,seasonal_adjusted_log_return,20,-0.009517608500101003,0.05896828552214711,-0.1614021573770601
46,False,Coconut oil,roni,retrospective,6,market_adjusted_log_return,20,0.09397146137656265,0.047079716468483496,1.9960073769660407
46,False,Palm oil,roni,retrospective,6,market_adjusted_log_return,20,0.029166933942352268,0.04204181752037858,0.6937600623049758
46,False,"Rubber, RSS3",roni,retrospective,6,market_adjusted_log_return,20,0.08428846431394413,0.057873143477708874,1.4564348720129519
46,False,Coconut oil,roni,retrospective,12,seasonal_adjusted_log_return,20,-0.05819000494096634,0.08707669519963758,-0.6682615228742459
46,False,Palm oil,roni,retrospective,12,seasonal_adjusted_log_return,20,-0.022990424404717706,0.060220503947387156,-0.38177070761154286
46,False,"Rubber, RSS3",roni,retrospective,12,seasonal_adjusted_log_return,20,0.013826113318286657,0.072394293344341,0.19098346954673925
46,False,Coconut oil,roni,retrospective,12,market_adjusted_log_return,20,0.238124883132458,0.08561174732044001,2.781451034297546
46,False,Palm oil,roni,retrospective,12,market_adjusted_log_return,20,0.12122806627799898,0.058480170816682275,2.0729772944407507
46,False,"Rubber, RSS3",roni,retrospective,12,market_adjusted_log_return,20,0.18824863688213128,0.0682284735226581,2.7590920207179415
46,False,Coconut oil,roni,retrospective,18,seasonal_adjusted_log_return,20,-0.030078133948265567,0.12912545234465628,-0.232937297814704
46,False,Palm oil,roni,retrospective,18,seasonal_adjusted_log_return,20,-0.05044102247541678,0.07909601013253552,-0.6377189240126824
46,False,"Rubber, RSS3",roni,retrospective,18,seasonal_adjusted_log_return,20,0.04036731692968591,0.09476119984876596,0.4259899304157196
46,False,Coconut oil,roni,retrospective,18,market_adjusted_log_return,20,0.40832472235125306,0.127565955484681,3.200891027702822
46,False,Palm oil,roni,retrospective,18,market_adjusted_log_return,20,0.1656785714963442,0.07718562729019261,2.146495109425582
46,False,"Rubber, RSS3",roni,retrospective,18,market_adjusted_log_return,20,0.2983417328835611,0.08836714986741805,3.376161088494753
46,False,Coconut oil,roni,retrospective,24,seasonal_adjusted_log_return,20,-0.007885158103479572,0.1556242932279176,-0.05066791270133811
46,False,Palm oil,roni,retrospective,24,seasonal_adjusted_log_return,20,-0.08243677553762155,0.10225455888165058,-0.8061916890476626
46,False,"Rubber, RSS3",roni,retrospective,24,seasonal_adjusted_log_return,20,0.07724907684472171,0.10605384075890205,0.7283949010421624
46,False,Coconut oil,roni,retrospective,24,market_adjusted_log_return,20,0.5710417262284281,0.14841613957085237,3.8475716177472634
46,False,Palm oil,roni,retrospective,24,market_adjusted_log_return,20,0.20401661355904843,0.09480548334182547,2.151949511437617
46,False,"Rubber, RSS3",roni,retrospective,24,market_adjusted_log_return,20,0.41788022371255795,0.09653586000802471,4.3287564194054
46,False,Coconut oil,roni,observable,6,seasonal_adjusted_log_return,20,0.02167460117860106,0.06338607752456192,0.3419457714543421
46,False,Palm oil,roni,observable,6,seasonal_adjusted_log_return,20,0.03236377910767259,0.03027434650370543,1.0690166046593748
46,False,"Rubber, RSS3",roni,observable,6,seasonal_adjusted_log_return,20,0.01806186584066221,0.04098411992624611,0.4407040061654574
46,False,Coconut oil,roni,observable,6,market_adjusted_log_return,20,0.18340024909398173,0.06298614136657585,2.911755588052338
46,False,Palm oil,roni,observable,6,market_adjusted_log_return,20,0.11219604320122815,0.03163478862122065,3.5466032204168716
46,False,"Rubber, RSS3",roni,observable,6,market_adjusted_log_return,20,0.11322458728305385,0.03916511645583185,2.8909549499423033
46,False,Coconut oil,roni,observable,12,seasonal_adjusted_log_return,20,0.04978647217130183,0.1224470650162446,0.4065958801437735
46,False,Palm oil,roni,observable,12,seasonal_adjusted_log_return,20,0.004913181036973519,0.06912787762975292,0.07107380127144053
46,False,"Rubber, RSS3",roni,observable,12,seasonal_adjusted_log_return,20,0.04460306945206145,0.06558011964631763,0.6801309557318861
46,False,Coconut oil,roni,observable,12,market_adjusted_log_return,20,0.3536000883127767,0.11601551745351452,3.0478689064543314
46,False,Palm oil,roni,observable,12,market_adjusted_log_return,20,0.1566465484195734,0.06289955761527015,2.490423690699285
46,False,"Rubber, RSS3",roni,observable,12,market_adjusted_log_return,20,0.22331768328448365,0.05999439937470743,3.722308842358882
46,False,Coconut oil,roni,observable,18,seasonal_adjusted_log_return,20,0.07197944801608784,0.15547730400080922,0.46295791195165825
46,False,Palm oil,roni,observable,18,seasonal_adjusted_log_return,20,-0.027082572025231278,0.09209073584953034,-0.2940857381081443
46,False,"Rubber, RSS3",roni,observable,18,seasonal_adjusted_log_return,20,0.08148482936709726,0.08482239973736826,0.9606522524639133
46,False,Coconut oil,roni,observable,18,market_adjusted_log_return,20,0.5163170921899517,0.14424955637643053,3.579332270822253
46,False,Palm oil,roni,observable,18,market_adjusted_log_return,20,0.1949845904822776,0.08202358550435683,2.3771771165980136
46,False,"Rubber, RSS3",roni,observable,18,market_adjusted_log_return,20,0.34285617411348057,0.07702971344692047,4.4509600097335875
46,False,Coconut oil,roni,observable,24,seasonal_adjusted_log_return,20,0.15440454590427696,0.13352904952294156,1.156336740626232
46,False,Palm oil,roni,observable,24,seasonal_adjusted_log_return,20,0.04877502018089234,0.0825636232419893,0.5907567796284269
46,False,"Rubber, RSS3",roni,observable,24,seasonal_adjusted_log_return,20,0.14917019385135138,0.07569228896685784,1.9707449185037347
46,False,Coconut oil,roni,observable,24,market_adjusted_log_return,20,0.7029807855746284,0.12276217569382429,5.726363039768061
46,False,Palm oil,roni,observable,24,market_adjusted_log_return,20,0.30481240401323767,0.07247542094646936,4.205734855108649
46,False,"Rubber, RSS3",roni,observable,24,market_adjusted_log_return,20,0.47242936704381916,0.07182332564628399,6.577659316006092
46,False,Coconut oil,oni,retrospective,6,seasonal_adjusted_log_return,20,-0.02273225142455674,0.04566173660317718,-0.497840273183456
46,False,Palm oil,oni,retrospective,6,seasonal_adjusted_log_return,20,-0.033718587414091956,0.03466603208335195,-0.9726693650146653
46,False,"Rubber, RSS3",oni,retrospective,6,seasonal_adjusted_log_return,20,-0.0013966653628070425,0.05813991320709311,-0.024022487922060545
46,False,Coconut oil,oni,retrospective,6,market_adjusted_log_return,20,0.13991563072622526,0.04004963110611546,3.493556041889748
46,False,Palm oil,oni,retrospective,6,market_adjusted_log_return,20,0.04703789696116457,0.03161233491073965,1.4879602248293402
46,False,"Rubber, RSS3",oni,retrospective,6,market_adjusted_log_return,20,0.09429392061223518,0.05720317094498323,1.6484037345224276
46,False,Coconut oil,oni,retrospective,12,seasonal_adjusted_log_return,20,-0.052880733715627716,0.08272347855464622,-0.6392469784825995
46,False,Palm oil,oni,retrospective,12,seasonal_adjusted_log_return,20,-0.03042295866002715,0.0472503610020299,-0.6438672216434529
46,False,"Rubber, RSS3",oni,retrospective,12,seasonal_adjusted_log_return,20,-0.016866046323687767,0.07648974712478894,-0.22050074627873606
46,False,Coconut oil,oni,retrospective,12,market_adjusted_log_return,20,0.2498125656842154,0.08294433193255368,3.011809967766705
46,False,Palm oil,oni,retrospective,12,market_adjusted_log_return,20,0.12018767936076968,0.04693333420422025,2.5608169843164985
46,False,"Rubber, RSS3",oni,retrospective,12,market_adjusted_log_return,20,0.16120732534861806,0.0740111644218557,2.178148751041851
46,False,Coconut oil,oni,retrospective,18,seasonal_adjusted_log_return,20,-0.022115516873603802,0.12503815382880226,-0.17687014880180948
46,False,Palm oil,oni,retrospective,18,seasonal_adjusted_log_return,20,-0.05756222845371882,0.0760656050951625,-0.7567445020874431
46,False,"Rubber, RSS3",oni,retrospective,18,seasonal_adjusted_log_return,20,0.05034904187987146,0.09425819724170328,0.5341608831194068
46,False,Coconut oil,oni,retrospective,18,market_adjusted_log_return,20,0.4048197318980006,0.13092828894111583,3.091919516950731
46,False,Palm oil,oni,retrospective,18,market_adjusted_log_return,20,0.14706506231236904,0.08014453675454787,1.834997970763412
46,False,"Rubber, RSS3",oni,retrospective,18,market_adjusted_log_return,20,0.30175967711950297,0.08985438214677031,3.358318981333614
46,False,Coconut oil,oni,retrospective,24,seasonal_adjusted_log_return,20,0.01470621373573045,0.15028613325680848,0.09785476156073905
46,False,Palm oil,oni,retrospective,24,seasonal_adjusted_log_return,20,-0.08680227774563479,0.1042598649537398,-0.8325569746723634
46,False,"Rubber, RSS3",oni,retrospective,24,seasonal_adjusted_log_return,20,0.07636198146478028,0.10746310427547023,0.7105878987920772
46,False,Coconut oil,oni,retrospective,24,market_adjusted_log_return,20,0.5883937430683179,0.14721505387790734,3.9968313536488034
46,False,Palm oil,oni,retrospective,24,market_adjusted_log_return,20,0.19440047331622456,0.09694826673398953,2.0051980284457094
46,False,"Rubber, RSS3",oni,retrospective,24,market_adjusted_log_return,20,0.41399424846897437,0.09955013594434772,4.1586507596575535
46,False,Coconut oil,oni,observable,6,seasonal_adjusted_log_return,20,-0.014511982433813995,0.06304280070330757,-0.23019254017774968
46,False,Palm oil,oni,observable,6,seasonal_adjusted_log_return,20,0.007319689388044032,0.02746291182937656,0.26652998172663894
46,False,"Rubber, RSS3",oni,observable,6,seasonal_adjusted_log_return,20,-0.0020234555178760385,0.0400344202266013,-0.050542895498996925
46,False,Coconut oil,oni,observable,6,market_adjusted_log_return,20,0.1490273828819723,0.0617119973572045,2.414885099559563
46,False,Palm oil,oni,observable,6,market_adjusted_log_return,20,0.08896957675167835,0.029023908820919316,3.065389203798508
46,False,"Rubber, RSS3",oni,observable,6,market_adjusted_log_return,20,0.09417739382215182,0.03779465787435936,2.4918176038324087
46,False,Coconut oil,oni,observable,12,seasonal_adjusted_log_return,20,0.01625323440820996,0.12608913087670406,0.12890273963505344
46,False,Palm oil,oni,observable,12,seasonal_adjusted_log_return,20,-0.01981958040564764,0.06485761191043429,-0.3055860341114266
46,False,"Rubber, RSS3",oni,observable,12,seasonal_adjusted_log_return,20,0.06519163268568318,0.06329036949189905,1.0300403238130484
46,False,Coconut oil,oni,observable,12,market_adjusted_log_return,20,0.3040345490957575,0.12504143505408083,2.431470407903281
46,False,Palm oil,oni,observable,12,market_adjusted_log_return,20,0.1158469597032777,0.06388274914349118,1.8134310319530291
46,False,"Rubber, RSS3",oni,observable,12,market_adjusted_log_return,20,0.23472974559303675,0.05722647325813328,4.101768503787291
46,False,Coconut oil,oni,observable,18,seasonal_adjusted_log_return,20,0.053074965017544176,0.1600950228105319,0.331521643120392
46,False,Palm oil,oni,observable,18,seasonal_adjusted_log_return,20,-0.04905962969756361,0.09347470929013674,-0.5248438863317255
46,False,"Rubber, RSS3",oni,observable,18,seasonal_adjusted_log_return,20,0.091204572270592,0.0830807054944781,1.0977828333036224
46,False,Coconut oil,oni,observable,18,market_adjusted_log_return,20,0.4876085602660747,0.15029391844744994,3.244366540596693
46,False,Palm oil,oni,observable,18,market_adjusted_log_return,20,0.16318237070713326,0.08392999144954852,1.9442676913082308
46,False,"Rubber, RSS3",oni,observable,18,market_adjusted_log_return,20,0.34696431694250807,0.07495428919626423,4.629012170791167
46,False,Coconut oil,oni,observable,24,seasonal_adjusted_log_return,20,0.10973403396010102,0.15652526257749313,0.7010627687385189
46,False,Palm oil,oni,observable,24,seasonal_adjusted_log_return,20,0.007250471663995053,0.09792465372590525,0.07404133063660753
46,False,"Rubber, RSS3",oni,observable,24,seasonal_adjusted_log_return,20,0.15358735083719596,0.07481187136446703,2.0529810046984664
46,False,Coconut oil,oni,observable,24,market_adjusted_log_return,20,0.6573287409831176,0.14182104572375953,4.634916754622365
46,False,Palm oil,oni,observable,24,market_adjusted_log_return,20,0.26230420910261937,0.08454400129457791,3.102576233512641
46,False,"Rubber, RSS3",oni,observable,24,market_adjusted_log_return,20,0.47628471852269144,0.06937967051738626,6.864903147721585
47,False,Coconut oil,roni,retrospective,6,seasonal_adjusted_log_return,20,0.04358237414107706,0.0877939831865518,0.4964164121414754
47,False,Palm oil,roni,retrospective,6,seasonal_adjusted_log_return,20,-0.021962904791370214,0.07030075742653202,-0.3124134873557031
47,False,"Rubber, RSS3",roni,retrospective,6,seasonal_adjusted_log_return,20,0.04375929902601766,0.044013148256642376,0.9942324227945588
47,False,Coconut oil,roni,retrospective,6,market_adjusted_log_return,20,0.20438976632279743,0.08009978940121448,2.5516891848369636
47,False,Palm oil,roni,retrospective,6,market_adjusted_log_return,20,0.05694912608999314,0.06166454885964886,0.9235310586575729
47,False,"Rubber, RSS3",roni,retrospective,6,market_adjusted_log_return,20,0.138396433133765,0.03895075980975988,3.5531125402870076
47,False,Coconut oil,roni,retrospective,12,seasonal_adjusted_log_return,20,0.06577534998586307,0.12509501597518247,0.5258031223155382
47,False,Palm oil,roni,retrospective,12,seasonal_adjusted_log_return,20,-0.05395865785357501,0.09509915236581035,-0.5673936781898595
47,False,"Rubber, RSS3",roni,retrospective,12,seasonal_adjusted_log_return,20,0.08064105894105347,0.07038051564273734,1.1457867025356887
47,False,Coconut oil,roni,retrospective,12,market_adjusted_log_return,20,0.3671067701999725,0.11352095396186924,3.2338238658854177
47,False,Palm oil,roni,retrospective,12,market_adjusted_log_return,20,0.09528716815269735,0.08427261564877601,1.130701443394457
47,False,"Rubber, RSS3",roni,retrospective,12,market_adjusted_log_return,20,0.2579349239627619,0.06268780181052983,4.114595128767714
47,False,Coconut oil,roni,retrospective,18,seasonal_adjusted_log_return,20,0.14820044787405218,0.11029906066600201,1.3436238439311812
47,False,Palm oil,roni,retrospective,18,seasonal_adjusted_log_return,20,0.021898934352548593,0.09005177066631136,0.24318160754101698
47,False,"Rubber, RSS3",roni,retrospective,18,seasonal_adjusted_log_return,20,0.1483264234253076,0.06905350481637999,2.1479926879848033
47,False,Coconut oil,roni,retrospective,18,market_adjusted_log_return,20,0.5537704635846492,0.09953543750296855,5.5635508063963
47,False,Palm oil,roni,retrospective,18,market_adjusted_log_return,20,0.20511498168365744,0.08083309492936579,2.5375124120002166
47,False,"Rubber, RSS3",roni,retrospective,18,market_adjusted_log_return,20,0.3875081168931005,0.06563945357664329,5.903585355728629
47,False,Coconut oil,roni,retrospective,24,seasonal_adjusted_log_return,19,0.20258162109306804,0.11067274553677404,1.8304562709683097
47,False,Palm oil,roni,retrospective,24,seasonal_adjusted_log_return,19,0.06499228096142913,0.09929793639782705,0.6545179418537379
47,False,"Rubber, RSS3",roni,retrospective,24,seasonal_adjusted_log_return,19,0.11213421516738888,0.0840278805363587,1.3344882014353392
47,False,Coconut oil,roni,retrospective,24,market_adjusted_log_return,19,0.7458745941198929,0.09972821165955356,7.479073190103084
47,False,Palm oil,roni,retrospective,24,market_adjusted_log_return,19,0.3157350205503235,0.08526507418088909,3.702981831464715
47,False,"Rubber, RSS3",roni,retrospective,24,market_adjusted_log_return,19,0.4323693745349526,0.07856903083722806,5.503050883123337
47,False,Coconut oil,roni,observable,6,seasonal_adjusted_log_return,20,0.04170252154757337,0.06649379181338481,0.6271641368356872
47,False,Palm oil,roni,observable,6,seasonal_adjusted_log_return,20,-0.03331282300028271,0.05081219340491176,-0.6556068685092922
47,False,"Rubber, RSS3",roni,observable,6,seasonal_adjusted_log_return,20,0.06970464052000341,0.04644720417359645,1.500728445559011
47,False,Coconut oil,roni,observable,6,market_adjusted_log_return,20,0.20959325182096983,0.06112011926596257,3.4292022714964014
47,False,Palm oil,roni,observable,6,market_adjusted_log_return,20,0.05269780005557604,0.04568722272569113,1.1534472202868806
47,False,"Rubber, RSS3",roni,observable,6,market_adjusted_log_return,20,0.16839610573783084,0.04316470910170788,3.9012450041315807
47,False,Coconut oil,roni,observable,12,seasonal_adjusted_log_return,20,0.12412761943576248,0.06744578001996501,1.8404060179750126
47,False,Palm oil,roni,observable,12,seasonal_adjusted_log_return,20,0.042544769205840896,0.0558334909481161,0.7619937153020954
47,False,"Rubber, RSS3",roni,observable,12,seasonal_adjusted_log_return,20,0.13739000500425758,0.05715066482608995,2.4039966188028914
47,False,Coconut oil,roni,observable,12,market_adjusted_log_return,20,0.3962569452056465,0.06685156724287239,5.927414442896174
47,False,Palm oil,roni,observable,12,market_adjusted_log_return,20,0.16252561358653608,0.055612948334173615,2.922441957400516
47,False,"Rubber, RSS3",roni,observable,12,market_adjusted_log_return,20,0.2979692986681695,0.05616167030698372,5.305563332419566
47,False,Coconut oil,roni,observable,18,seasonal_adjusted_log_return,19,0.18677319127601896,0.09123463521057384,2.047174199194611
47,False,Palm oil,roni,observable,18,seasonal_adjusted_log_return,19,0.09252706118418598,0.06869597766828679,1.346906534047345
47,False,"Rubber, RSS3",roni,observable,18,seasonal_adjusted_log_return,19,0.09959278926059582,0.07551373456982333,1.3188698695401952
47,False,Coconut oil,roni,observable,18,market_adjusted_log_return,19,0.5968619696561004,0.0893872228483755,6.677262707540842
47,False,Palm oil,roni,observable,18,market_adjusted_log_return,19,0.28027160241306576,0.06374714394867667,4.396614264612618
47,False,"Rubber, RSS3",roni,observable,18,market_adjusted_log_return,19,0.3413609130007893,0.07222832257147545,4.726136518856388
47,False,Coconut oil,roni,observable,24,seasonal_adjusted_log_return,19,0.1269987595062614,0.10330189117313,1.2293943321271472
47,False,Palm oil,roni,observable,24,seasonal_adjusted_log_return,19,0.05886505908252055,0.08709809658687964,0.6758478243414094
47,False,"Rubber, RSS3",roni,observable,24,seasonal_adjusted_log_return,19,0.08386653264893709,0.07586057323097653,1.1055351822030717
47,False,Coconut oil,roni,observable,24,market_adjusted_log_return,19,0.6577080506821318,0.10387764684961989,6.331564784426367
47,False,Palm oil,roni,observable,24,market_adjusted_log_return,19,0.29699701765864694,0.08747556547036783,3.395199745913664
47,False,"Rubber, RSS3",roni,observable,24,market_adjusted_log_return,19,0.39689909739975815,0.06992009570504681,5.676466735315268
47,False,Coconut oil,oni,retrospective,6,seasonal_adjusted_log_return,20,0.03060472114545666,0.08349430383130516,0.36654861159500796
47,False,Palm oil,oni,retrospective,6,seasonal_adjusted_log_return,20,-0.01868020758108489,0.06330322318487874,-0.29509093915374335
47,False,"Rubber, RSS3",oni,retrospective,6,seasonal_adjusted_log_return,20,0.05958882474249374,0.04803549209100109,1.240516587809809
47,False,Coconut oil,oni,retrospective,6,market_adjusted_log_return,20,0.18300116420142037,0.07941952661784496,2.3042338829592244
47,False,Palm oil,oni,retrospective,6,market_adjusted_log_return,20,0.05180276105992918,0.05749839278899115,0.9009427663488974
47,False,"Rubber, RSS3",oni,retrospective,6,market_adjusted_log_return,20,0.14941173534932858,0.043805581750722265,3.4107921725492227
47,False,Coconut oil,oni,retrospective,12,seasonal_adjusted_log_return,20,0.0674264517547909,0.12017878356697105,0.5610512084873676
47,False,Palm oil,oni,retrospective,12,seasonal_adjusted_log_return,20,-0.04792025687300084,0.09804852760661517,-0.4887401987846653
47,False,"Rubber, RSS3",oni,retrospective,12,seasonal_adjusted_log_return,20,0.08560176432740259,0.07399146625380496,1.1569140153780988
47,False,Coconut oil,oni,retrospective,12,market_adjusted_log_return,20,0.36657517537173756,0.10838643882966383,3.382112922335549
47,False,Palm oil,oni,retrospective,12,market_adjusted_log_return,20,0.09913817206378474,0.0877603099209263,1.1296470141583377
47,False,"Rubber, RSS3",oni,retrospective,12,market_adjusted_log_return,20,0.2616463066987999,0.06765607929129884,3.867299279526088
47,False,Coconut oil,oni,retrospective,18,seasonal_adjusted_log_return,20,0.12408552069734771,0.12449384015950164,0.9967201633299223
47,False,Palm oil,oni,retrospective,18,seasonal_adjusted_log_return,20,0.008389844488557813,0.10191511922424511,0.08232188268452625
47,False,"Rubber, RSS3",oni,retrospective,18,seasonal_adjusted_log_return,20,0.14798454289400653,0.06919067241671259,2.1387932466206494
47,False,Coconut oil,oni,retrospective,18,market_adjusted_log_return,20,0.5362953560887803,0.1100733251737374,4.872164579768105
47,False,Palm oil,oni,retrospective,18,market_adjusted_log_return,20,0.1982600104592708,0.09093712953983518,2.1801876907982085
47,False,"Rubber, RSS3",oni,retrospective,18,market_adjusted_log_return,20,0.3909667082789833,0.06628835732587854,5.89796947836498
47,False,Coconut oil,oni,retrospective,24,seasonal_adjusted_log_return,19,0.16186785732952597,0.12166186726147475,1.33047322857244
47,False,Palm oil,oni,retrospective,24,seasonal_adjusted_log_return,19,0.05212423221433288,0.10649367987164138,0.4894584568507642
47,False,"Rubber, RSS3",oni,retrospective,24,seasonal_adjusted_log_return,19,0.10873560439149485,0.07755592691196317,1.402028300363491
47,False,Coconut oil,oni,retrospective,24,market_adjusted_log_return,19,0.7013494014450256,0.11289023755676678,6.212666538967575
47,False,Palm oil,oni,retrospective,24,market_adjusted_log_return,19,0.2990473349182712,0.09545253301433,3.132942892918055
47,False,"Rubber, RSS3",oni,retrospective,24,market_adjusted_log_return,19,0.4267891941926976,0.07346415042417852,5.809489277810157
47,False,Coconut oil,oni,observable,6,seasonal_adjusted_log_return,20,0.06186994932417752,0.06325099485973272,0.9781656314083621
47,False,Palm oil,oni,observable,6,seasonal_adjusted_log_return,20,-0.02374881723100144,0.05781946925608836,-0.41074083758561486
47,False,"Rubber, RSS3",oni,observable,6,seasonal_adjusted_log_return,20,0.06350995164489796,0.04795488952896336,1.3243686362063205
47,False,Coconut oil,oni,observable,6,market_adjusted_log_return,20,0.22594834949663428,0.05772057803662639,3.914519867650313
47,False,Palm oil,oni,observable,6,market_adjusted_log_return,20,0.05844126580956064,0.05321709253146352,1.0981672058654546
47,False,"Rubber, RSS3",oni,observable,6,market_adjusted_log_return,20,0.16001933147726313,0.04405511891747155,3.632252855270402
47,False,Coconut oil,oni,observable,12,seasonal_adjusted_log_return,20,0.11852901826673434,0.08607781761168469,1.3769984132432807
47,False,Palm oil,oni,observable,12,seasonal_adjusted_log_return,20,0.032561284130557235,0.06766836277654997,0.4811891819827084
47,False,"Rubber, RSS3",oni,observable,12,seasonal_adjusted_log_return,20,0.1258927302115019,0.05792775314409868,2.1732714179045813
47,False,Coconut oil,oni,observable,12,market_adjusted_log_return,20,0.395668530213677,0.0827988635654454,4.778671024885926
47,False,Palm oil,oni,observable,12,market_adjusted_log_return,20,0.1575631042050467,0.0644406364893482,2.445089198197031
47,False,"Rubber, RSS3",oni,observable,12,market_adjusted_log_return,20,0.28933973305744654,0.055455769871170534,5.217486543413112
47,False,Coconut oil,oni,observable,18,seasonal_adjusted_log_return,19,0.16993620021259195,0.10194270861435126,1.666977486888834
47,False,Palm oil,oni,observable,18,seasonal_adjusted_log_return,19,0.07956228084278409,0.07307671290015949,1.0887501323641289
47,False,"Rubber, RSS3",oni,observable,18,seasonal_adjusted_log_return,19,0.07784051821521751,0.07042853862151212,1.1052411385892569
47,False,Coconut oil,oni,observable,18,market_adjusted_log_return,19,0.5744385917874404,0.10417692117080694,5.5140676584749455
47,False,Palm oil,oni,observable,18,market_adjusted_log_return,19,0.26170840489234953,0.07222500369902639,3.62351528541185
47,False,"Rubber, RSS3",oni,observable,18,market_adjusted_log_return,19,0.31641112949387634,0.06672400220467348,4.742088589399907
47,False,Coconut oil,oni,observable,24,seasonal_adjusted_log_return,19,0.1293506023136813,0.10152532113274704,1.2740723286612605
47,False,Palm oil,oni,observable,24,seasonal_adjusted_log_return,19,0.06862819327315202,0.07938486819900574,0.8644996814898227
47,False,"Rubber, RSS3",oni,observable,24,seasonal_adjusted_log_return,19,0.06988056778934769,0.07506343375102063,0.9309535188749279
47,False,Coconut oil,oni,observable,24,market_adjusted_log_return,19,0.6624470662069415,0.10654943949819876,6.217274059129521
47,False,Palm oil,oni,observable,24,market_adjusted_log_return,19,0.30915246538161495,0.08247765853409272,3.7483176762810815
47,False,"Rubber, RSS3",oni,observable,24,market_adjusted_log_return,19,0.38427949236769426,0.06862248348909615,5.599906515023678
48,False,Coconut oil,roni,retrospective,6,seasonal_adjusted_log_return,20,0.10571328856145504,0.05224425791959738,2.0234432025840077
48,False,Palm oil,roni,retrospective,6,seasonal_adjusted_log_return,20,0.08245247581038963,0.03930914384928738,2.0975393441921626
48,False,"Rubber, RSS3",roni,retrospective,6,seasonal_adjusted_log_return,20,0.08345423235144697,0.04347287891146411,1.919684972357317
48,False,Coconut oil,roni,retrospective,6,market_adjusted_log_return,20,0.22932309962086422,0.05377693108202326,4.264339652835324
48,False,Palm oil,roni,retrospective,6,market_adjusted_log_return,20,0.12408681997857882,0.039311961993628075,3.1564646912990906
48,False,"Rubber, RSS3",roni,retrospective,6,market_adjusted_log_return,20,0.1568003722397969,0.04153994686339282,3.7746888014914055
48,False,Coconut oil,roni,retrospective,12,seasonal_adjusted_log_return,19,0.18669138265849694,0.08823687437306799,2.115797777119354
48,False,Palm oil,roni,retrospective,12,seasonal_adjusted_log_return,19,0.13402926549777017,0.0535611236173311,2.5023609746379836
48,False,"Rubber, RSS3",roni,retrospective,12,seasonal_adjusted_log_return,19,0.03894111331898877,0.06446480112371658,0.6040678422982422
48,False,Coconut oil,roni,retrospective,12,market_adjusted_log_return,19,0.4499585250777378,0.08533532538346168,5.272828375069881
48,False,Palm oil,roni,retrospective,12,market_adjusted_log_return,19,0.24512884167304883,0.049988114954342446,4.903742457520987
48,False,"Rubber, RSS3",roni,retrospective,12,market_adjusted_log_return,19,0.19444790794406902,0.05970383773181592,3.2568745214924193
48,False,Coconut oil,roni,retrospective,18,seasonal_adjusted_log_return,19,0.12691695088873936,0.11694457737932788,1.0852743558776952
48,False,Palm oil,roni,retrospective,18,seasonal_adjusted_log_return,19,0.10036726339610476,0.08969802799888354,1.1189461533909533
48,False,"Rubber, RSS3",roni,retrospective,18,seasonal_adjusted_log_return,19,0.023214856707330055,0.06861448845250849,0.33833753236239916
48,False,Coconut oil,roni,retrospective,18,market_adjusted_log_return,19,0.5108046061037693,0.11377388208579066,4.489647331525521
48,False,Palm oil,roni,retrospective,18,market_adjusted_log_return,19,0.26185425691863007,0.08539338906894184,3.066446475232686
48,False,"Rubber, RSS3",roni,retrospective,18,market_adjusted_log_return,19,0.24998609234303784,0.060999621633258116,4.098158081143586
48,False,Coconut oil,roni,retrospective,24,seasonal_adjusted_log_return,19,0.14546597212673468,0.12238517214066641,1.188591473806482
48,False,Palm oil,roni,retrospective,24,seasonal_adjusted_log_return,19,0.1133370536130353,0.1044977494688815,1.084588464240429
48,False,"Rubber, RSS3",roni,retrospective,24,seasonal_adjusted_log_return,19,0.05671291608250081,0.08448917733624388,0.6712447424691907
48,False,Coconut oil,roni,retrospective,24,market_adjusted_log_return,19,0.6605328960672696,0.11942352203765685,5.531011686784695
48,False,Palm oil,roni,retrospective,24,market_adjusted_log_return,19,0.3357929588637077,0.09443913015569903,3.5556549314896873
48,False,"Rubber, RSS3",roni,retrospective,24,market_adjusted_log_return,19,0.3607921688077326,0.07437586258845402,4.850930883371581
48,False,Coconut oil,roni,observable,6,seasonal_adjusted_log_return,19,0.09417052383656663,0.05923668622498503,1.589733150819755
48,False,Palm oil,roni,observable,6,seasonal_adjusted_log_return,19,0.046873568877188375,0.029539833753619175,1.586791898293791
48,False,"Rubber, RSS3",roni,observable,6,seasonal_adjusted_log_return,19,-0.028896466152490648,0.03930661878269725,-0.7351552244226831
48,False,Coconut oil,roni,observable,6,market_adjusted_log_return,19,0.24785097579018303,0.055553013396287924,4.46152171840141
48,False,Palm oil,roni,observable,6,market_adjusted_log_return,19,0.11864331154972456,0.027120675169836336,4.37464446614072
48,False,"Rubber, RSS3",roni,observable,6,market_adjusted_log_return,19,0.061661380038668556,0.037779549682552566,1.6321364483374228
48,False,Coconut oil,roni,observable,12,seasonal_adjusted_log_return,19,0.03439609206680906,0.10277300836542148,0.33468021043530927
48,False,Palm oil,roni,observable,12,seasonal_adjusted_log_return,19,0.01321156677552294,0.06979638189751512,0.1892872727259992
48,False,"Rubber, RSS3",roni,observable,12,seasonal_adjusted_log_return,19,-0.04462272276414938,0.05134813347098854,-0.8690232681848312
48,False,Coconut oil,roni,observable,12,market_adjusted_log_return,19,0.30869705681621457,0.09749801739061777,3.1661880423623927
48,False,Palm oil,roni,observable,12,market_adjusted_log_return,19,0.13536872679530576,0.06399478143434174,2.1153088386463708
48,False,"Rubber, RSS3",roni,observable,12,market_adjusted_log_return,19,0.11719956443763735,0.04659749681391533,2.515147217149189
48,False,Coconut oil,roni,observable,18,seasonal_adjusted_log_return,19,0.05294511330480438,0.11232127326592384,0.47137208976838524
48,False,Palm oil,roni,observable,18,seasonal_adjusted_log_return,19,0.026181356992453504,0.07991207938864826,0.32762702701204693
48,False,"Rubber, RSS3",roni,observable,18,seasonal_adjusted_log_return,19,-0.011124663388978625,0.06692055172337619,-0.1662368749582894
48,False,Coconut oil,roni,observable,18,market_adjusted_log_return,19,0.458425346779715,0.10886453468601727,4.21097052499133
48,False,Palm oil,roni,observable,18,market_adjusted_log_return,19,0.2093074287403834,0.0706071714306415,2.964393339931331
48,False,"Rubber, RSS3",roni,observable,18,market_adjusted_log_return,19,0.22800564090233214,0.060918016204813484,3.7428277397568324
48,False,Coconut oil,roni,observable,24,seasonal_adjusted_log_return,18,0.06649940624490915,0.11150902180426293,0.5963589776766108
48,False,Palm oil,roni,observable,24,seasonal_adjusted_log_return,18,0.03883945264603192,0.08064307514478959,0.4816216714987383
48,False,"Rubber, RSS3",roni,observable,24,seasonal_adjusted_log_return,18,-0.03167366957414349,0.0755809129830506,-0.4190696873593796
48,False,Coconut oil,roni,observable,24,market_adjusted_log_return,18,0.6261536120832101,0.11439654657120274,5.473535966345621
48,False,Palm oil,roni,observable,24,market_adjusted_log_return,18,0.30597865922513295,0.07696053425523697,3.975786579266267
48,False,"Rubber, RSS3",roni,observable,24,market_adjusted_log_return,18,0.2979262630582713,0.06938843822524737,4.293600932350559
48,False,Coconut oil,oni,retrospective,6,seasonal_adjusted_log_return,20,0.06860223562089032,0.05950744757894149,1.1528344503414274
48,False,Palm oil,oni,retrospective,6,seasonal_adjusted_log_return,20,0.06545621172161764,0.04274351895013238,1.531371616782032
48,False,"Rubber, RSS3",oni,retrospective,6,seasonal_adjusted_log_return,20,0.07891510750115985,0.04865056698171281,1.6220799139056927
48,False,Coconut oil,oni,retrospective,6,market_adjusted_log_return,20,0.20165883899718162,0.058049573904035326,3.473907307753094
48,False,Palm oil,oni,retrospective,6,market_adjusted_log_return,20,0.11655769202629954,0.03917721774619992,2.9751396023421113
48,False,"Rubber, RSS3",oni,retrospective,6,market_adjusted_log_return,20,0.15766836243683593,0.04487585281345579,3.513434342791139
48,False,Coconut oil,oni,retrospective,12,seasonal_adjusted_log_return,19,0.12576561335393502,0.09261033803108831,1.3580083609209679
48,False,Palm oil,oni,retrospective,12,seasonal_adjusted_log_return,19,0.11530420510348267,0.054938988782926114,2.098768245609151
48,False,"Rubber, RSS3",oni,retrospective,12,seasonal_adjusted_log_return,19,0.024700868064882715,0.06648128018373993,0.3715462156657459
48,False,Coconut oil,oni,retrospective,12,market_adjusted_log_return,19,0.3873001316002744,0.09211011233872551,4.204751484571181
48,False,Palm oil,oni,retrospective,12,market_adjusted_log_return,19,0.22466742587175997,0.05033092587247916,4.46380474782022
48,False,"Rubber, RSS3",oni,retrospective,12,market_adjusted_log_return,19,0.17921595059104078,0.06143558559263678,2.9171358726744243
48,False,Coconut oil,oni,retrospective,18,seasonal_adjusted_log_return,19,0.08518001545502438,0.11426397591009105,0.7454669310828859
48,False,Palm oil,oni,retrospective,18,seasonal_adjusted_log_return,19,0.10437011753385061,0.07864171455414276,1.3271597411828364
48,False,"Rubber, RSS3",oni,retrospective,18,seasonal_adjusted_log_return,19,0.0167409176390129,0.07610767754962124,0.2199635855147207
48,False,Coconut oil,oni,retrospective,18,market_adjusted_log_return,19,0.47530860601977554,0.11397190456804031,4.170401537301855
48,False,Palm oil,oni,retrospective,18,market_adjusted_log_return,19,0.27211148636102545,0.07396352487167239,3.6789956513449322
48,False,"Rubber, RSS3",oni,retrospective,18,market_adjusted_log_return,19,0.24708431346485865,0.06778343714471242,3.645201894046073
48,False,Coconut oil,oni,retrospective,24,seasonal_adjusted_log_return,18,0.08402106020076626,0.12171869069301851,0.6902888925470959
48,False,Palm oil,oni,retrospective,24,seasonal_adjusted_log_return,18,0.10914882585803465,0.10012176215331489,1.0901608552484
48,False,"Rubber, RSS3",oni,retrospective,24,seasonal_adjusted_log_return,18,0.03447296041666589,0.09333462200627568,0.3693480476553275
48,False,Coconut oil,oni,retrospective,24,market_adjusted_log_return,18,0.6099259546217516,0.12149768130413174,5.020062507160044
48,False,Palm oil,oni,retrospective,24,market_adjusted_log_return,18,0.34246604133337993,0.08953185340750061,3.8250748565949997
48,False,"Rubber, RSS3",oni,retrospective,24,market_adjusted_log_return,18,0.3447556048648843,0.0826855625406342,4.169477648476552
48,False,Coconut oil,oni,observable,6,seasonal_adjusted_log_return,19,0.08072734989974573,0.05979620781319708,1.3500412961293027
48,False,Palm oil,oni,observable,6,seasonal_adjusted_log_return,19,0.05417728039152718,0.03239281578120559,1.67250913775026
48,False,"Rubber, RSS3",oni,observable,6,seasonal_adjusted_log_return,19,-0.0724914392198684,0.03397174999482539,-2.1338741522267877
48,False,Coconut oil,oni,observable,6,market_adjusted_log_return,19,0.22092399370550828,0.05877903516529712,3.758550869102064
48,False,Palm oil,oni,observable,6,market_adjusted_log_return,19,0.11243417731789858,0.03203009837280088,3.5102663753719447
48,False,"Rubber, RSS3",oni,observable,6,market_adjusted_log_return,19,0.010348601870269657,0.03356922133615537,0.3082764943112877
48,False,Coconut oil,oni,observable,12,seasonal_adjusted_log_return,19,0.040141752000835085,0.10370923419396533,0.3870605381750169
48,False,Palm oil,oni,observable,12,seasonal_adjusted_log_return,19,0.0432431928218951,0.062282208655452614,0.6943105223053019
48,False,"Rubber, RSS3",oni,observable,12,seasonal_adjusted_log_return,19,-0.08045138964573824,0.052802990315791894,-1.5236142719303054
48,False,Coconut oil,oni,observable,12,market_adjusted_log_return,19,0.3089324681250095,0.09871672504859905,3.1294845728818452
48,False,Palm oil,oni,observable,12,market_adjusted_log_return,19,0.15987823780716404,0.057080034471835565,2.8009485153000595
48,False,"Rubber, RSS3",oni,observable,12,market_adjusted_log_return,19,0.07821696474408751,0.048194202236486725,1.6229538225423978
48,False,Coconut oil,oni,observable,18,seasonal_adjusted_log_return,18,0.046541582234781026,0.12050326335414822,0.38622673726270396
48,False,Palm oil,oni,observable,18,seasonal_adjusted_log_return,18,0.05075063461577799,0.0826427932007671,0.6140963131835059
48,False,"Rubber, RSS3",oni,observable,18,seasonal_adjusted_log_return,18,-0.06920551526213067,0.07031042334180777,-0.9842852876264777
48,False,Coconut oil,oni,observable,18,market_adjusted_log_return,18,0.45203061477549805,0.11697951419894051,3.864186117295332
48,False,Palm oil,oni,observable,18,market_adjusted_log_return,18,0.2338855243784445,0.07478239621177524,3.1275478752527173
48,False,"Rubber, RSS3",oni,observable,18,market_adjusted_log_return,18,0.16992982540126583,0.06623887839447748,2.5654091603011406
48,False,Coconut oil,oni,observable,24,seasonal_adjusted_log_return,18,0.08266956862772094,0.12079705957908728,0.6843673920191425
48,False,Palm oil,oni,observable,24,seasonal_adjusted_log_return,18,0.06627493377010449,0.09667314032817856,0.6855568521423782
48,False,"Rubber, RSS3",oni,observable,24,seasonal_adjusted_log_return,18,-0.04566319060303288,0.08898903382183125,-0.5131327832422263
48,False,Coconut oil,oni,observable,24,market_adjusted_log_return,18,0.6451074402960414,0.12007038507100112,5.37274399440437
48,False,Palm oil,oni,observable,24,market_adjusted_log_return,18,0.3362038008484844,0.09035343436583111,3.720985297440186
48,False,"Rubber, RSS3",oni,observable,24,market_adjusted_log_return,18,0.2855300449084267,0.08266991237664467,3.453856871258674
49,False,Coconut oil,roni,retrospective,6,seasonal_adjusted_log_return,19,-0.034425274711258905,0.06808828736656125,-0.50559760044964
49,False,Palm oil,roni,retrospective,6,seasonal_adjusted_log_return,19,-0.02029086087977738,0.060585301904720244,-0.33491391875356
49,False,"Rubber, RSS3",roni,retrospective,6,seasonal_adjusted_log_return,19,-0.024475743076995588,0.03665274793277531,-0.667773753877512
49,False,Coconut oil,roni,retrospective,6,market_adjusted_log_return,19,0.1071295857316105,0.06405728191048655,1.672402926513695
49,False,Palm oil,roni,retrospective,6,market_adjusted_log_return,19,0.03932717762513395,0.05453805861254272,0.7210960313884265
49,False,"Rubber, RSS3",roni,retrospective,6,market_adjusted_log_return,19,0.05914170830964118,0.0348350795388463,1.697762976073856
49,False,Coconut oil,roni,retrospective,12,seasonal_adjusted_log_return,19,-0.015876253473263574,0.08708228066026598,-0.18231324849198183
49,False,Palm oil,roni,retrospective,12,seasonal_adjusted_log_return,19,-0.007321070662846811,0.0727519981582343,-0.10063050978921037
49,False,"Rubber, RSS3",roni,retrospective,12,seasonal_adjusted_log_return,19,0.009022316298175168,0.05757878831254971,0.15669514004358945
49,False,Coconut oil,roni,retrospective,12,market_adjusted_log_return,19,0.2568578756951109,0.08551089651381591,3.003802862172199
49,False,Palm oil,roni,retrospective,12,market_adjusted_log_return,19,0.11326587957021157,0.06363266618503506,1.7799958159988132
49,False,"Rubber, RSS3",roni,retrospective,12,market_adjusted_log_return,19,0.16994778477433595,0.05487939772455125,3.0967501798640704
49,False,Coconut oil,roni,retrospective,18,seasonal_adjusted_log_return,18,0.012397546876724973,0.10225149328623372,0.12124563151386342
49,False,Palm oil,roni,retrospective,18,seasonal_adjusted_log_return,18,-0.009088622982543378,0.07665676438484983,-0.1185625698589963
49,False,"Rubber, RSS3",roni,retrospective,18,seasonal_adjusted_log_return,18,-0.01775440847438859,0.07567311757320491,-0.23461975723695105
49,False,Coconut oil,roni,retrospective,18,market_adjusted_log_return,18,0.44111064016484874,0.10335937497285827,4.267737109291562
49,False,Palm oil,roni,retrospective,18,market_adjusted_log_return,18,0.19732034091690298,0.07092430550472213,2.782125810224048
49,False,"Rubber, RSS3",roni,retrospective,18,market_adjusted_log_return,18,0.2346738218932632,0.07193393479607205,3.262352081233259
49,False,Coconut oil,roni,retrospective,24,seasonal_adjusted_log_return,18,0.1174176099847099,0.10702798314988313,1.0970739289768456
49,False,Palm oil,roni,retrospective,24,seasonal_adjusted_log_return,18,0.07115086954511783,0.08885021210534086,0.8007957196631261
49,False,"Rubber, RSS3",roni,retrospective,24,seasonal_adjusted_log_return,18,-0.029122164153766658,0.0908494424366337,-0.32055413189881693
49,False,Coconut oil,roni,retrospective,24,market_adjusted_log_return,18,0.6815639126733463,0.1049387671571794,6.494872496953258
49,False,Palm oil,roni,retrospective,24,market_adjusted_log_return,18,0.3427918467775692,0.07877694672584748,4.351423367175207
49,False,"Rubber, RSS3",roni,retrospective,24,market_adjusted_log_return,18,0.30304893588222165,0.0855140110287176,3.5438512617593245
49,False,Coconut oil,roni,observable,6,seasonal_adjusted_log_return,19,0.01959816189156239,0.04364023997792325,0.4490846498891097
49,False,Palm oil,roni,observable,6,seasonal_adjusted_log_return,19,-0.009294428334245269,0.03366397634172194,-0.27609419160404064
49,False,"Rubber, RSS3",roni,observable,6,seasonal_adjusted_log_return,19,0.03195192926854863,0.03442517860143709,0.9281558024281329
49,False,Coconut oil,roni,observable,6,market_adjusted_log_return,19,0.17487262680907772,0.04436699164847615,3.941502912674585
49,False,Palm oil,roni,observable,6,market_adjusted_log_return,19,0.0640727600348155,0.028795344646596648,2.2251082882033963
49,False,"Rubber, RSS3",roni,observable,6,market_adjusted_log_return,19,0.1234221498608395,0.03294968659115885,3.745776140218477
49,False,Coconut oil,roni,observable,12,seasonal_adjusted_log_return,18,0.04153617843639043,0.07990219293827569,0.5198377780254049
49,False,Palm oil,roni,observable,12,seasonal_adjusted_log_return,18,-0.009081763103853932,0.049274943924092665,-0.1843079338221928
49,False,"Rubber, RSS3",roni,observable,12,seasonal_adjusted_log_return,18,0.006474172968777776,0.05176588063056999,0.12506641227609092
49,False,Coconut oil,roni,observable,12,market_adjusted_log_return,18,0.3549751077961387,0.08091964835777253,4.386760385149925
49,False,Palm oil,roni,observable,12,market_adjusted_log_return,18,0.1522976457642703,0.048710197036534404,3.126607056219493
49,False,"Rubber, RSS3",roni,observable,12,market_adjusted_log_return,18,0.19069808288731646,0.048342032413408495,3.944767593892537
49,False,Coconut oil,roni,observable,18,seasonal_adjusted_log_return,18,0.1465562415443754,0.09697881385352455,1.5112191593282622
49,False,Palm oil,roni,observable,18,seasonal_adjusted_log_return,18,0.07115772942380726,0.07701345066544647,0.923964954289907
49,False,"Rubber, RSS3",roni,observable,18,seasonal_adjusted_log_return,18,-0.0048935827106002805,0.07007564054700459,-0.06983286449330157
49,False,Coconut oil,roni,observable,18,market_adjusted_log_return,18,0.5954283803046363,0.09355570029666771,6.364426522558396
49,False,Palm oil,roni,observable,18,market_adjusted_log_return,18,0.29776915162493656,0.07173362661884346,4.151039974698792
49,False,"Rubber, RSS3",roni,observable,18,market_adjusted_log_return,18,0.2590731968762749,0.06606859615590747,3.9212759457597475
49,False,Coconut oil,roni,observable,24,seasonal_adjusted_log_return,18,0.1298951166259225,0.10277437089570228,1.2638862733369876
49,False,Palm oil,roni,observable,24,seasonal_adjusted_log_return,18,-0.004796158541843985,0.06902195361590098,-0.0694874353822849
49,False,"Rubber, RSS3",roni,observable,24,seasonal_adjusted_log_return,18,-0.007701200549876852,0.08554872609541161,-0.09002121833220265
49,False,Coconut oil,roni,observable,24,market_adjusted_log_return,18,0.7280777242584352,0.10098208901536967,7.209968929714064
49,False,Palm oil,roni,observable,24,market_adjusted_log_return,18,0.30095442136611195,0.06955733972578115,4.326709769990878
49,False,"Rubber, RSS3",roni,observable,24,market_adjusted_log_return,18,0.34395145581169356,0.07476943472207825,4.60016124356401
49,False,Coconut oil,oni,retrospective,6,seasonal_adjusted_log_return,19,-0.06995248896860762,0.06334704944940002,-1.1042738308511726
49,False,Palm oil,oni,retrospective,6,seasonal_adjusted_log_return,19,-0.019733655258882463,0.05299795495099907,-0.37234748542897245
49,False,"Rubber, RSS3",oni,retrospective,6,seasonal_adjusted_log_return,19,-0.010513256952772483,0.03328809546905452,-0.3158263278398093
49,False,Coconut oil,oni,retrospective,6,market_adjusted_log_return,19,0.07349310199948578,0.062409304523719074,1.17759847766857
49,False,Palm oil,oni,retrospective,6,market_adjusted_log_return,19,0.0417791854899323,0.04801482045204222,0.8701310365548872
49,False,"Rubber, RSS3",oni,retrospective,6,market_adjusted_log_return,19,0.07418640277828907,0.030291642576004214,2.449071640540763
49,False,Coconut oil,oni,retrospective,12,seasonal_adjusted_log_return,18,-0.04929499135778462,0.09000229014253741,-0.5477081891995828
49,False,Palm oil,oni,retrospective,12,seasonal_adjusted_log_return,18,-0.016258941143535828,0.06775905083011573,-0.23995231551132487
49,False,"Rubber, RSS3",oni,retrospective,12,seasonal_adjusted_log_return,18,0.0005254920340930232,0.05289904654813701,0.009933865889526697
49,False,Coconut oil,oni,retrospective,12,market_adjusted_log_return,18,0.23392858746004308,0.09100834937700773,2.570407979722601
49,False,Palm oil,oni,retrospective,12,market_adjusted_log_return,18,0.1148400479379679,0.06100674126298091,1.8824157062074256
49,False,"Rubber, RSS3",oni,retrospective,12,market_adjusted_log_return,18,0.1674548673534656,0.051743423648320346,3.2362541081856184
49,False,Coconut oil,oni,retrospective,18,seasonal_adjusted_log_return,18,-0.013167004964844698,0.09873066822840021,-0.13336286688939036
49,False,Palm oil,oni,retrospective,18,seasonal_adjusted_log_return,18,-0.0007346419892093383,0.08375271663003439,-0.008771560120903467
49,False,"Rubber, RSS3",oni,retrospective,18,seasonal_adjusted_log_return,18,0.024067816693190806,0.07537115171001814,0.3193239873232795
49,False,Coconut oil,oni,retrospective,18,market_adjusted_log_return,18,0.42700541298058625,0.09957884332035133,4.2881138075372425
49,False,Palm oil,oni,retrospective,18,market_adjusted_log_return,18,0.2171583244080078,0.07816646185462717,2.778152154460767
49,False,"Rubber, RSS3",oni,retrospective,18,market_adjusted_log_return,18,0.28305508686062647,0.07146890767553944,3.9605346725832686
49,False,Coconut oil,oni,retrospective,24,seasonal_adjusted_log_return,18,0.11198903807044117,0.10526889545223524,1.0638378752748967
49,False,Palm oil,oni,retrospective,24,seasonal_adjusted_log_return,18,0.0908351160993635,0.08550099683979262,1.0623866323987505
49,False,"Rubber, RSS3",oni,retrospective,24,seasonal_adjusted_log_return,18,0.047585416442917236,0.08348329507495626,0.5699992603333663
49,False,Coconut oil,oni,retrospective,24,market_adjusted_log_return,18,0.6769151819184929,0.10116566157663817,6.691155589445683
49,False,Palm oil,oni,retrospective,24,market_adjusted_log_return,18,0.36325761389174405,0.07520988230979325,4.829918658767046
49,False,"Rubber, RSS3",oni,retrospective,24,market_adjusted_log_return,18,0.38020287866473057,0.07853853843214427,4.840972167991365
49,False,Coconut oil,oni,observable,6,seasonal_adjusted_log_return,18,3.961645821128839e-05,0.04425711784246937,0.0008951432027792878
49,False,Palm oil,oni,observable,6,seasonal_adjusted_log_return,18,-0.005405092748513844,0.03532545355619738,-0.15300844587643214
49,False,"Rubber, RSS3",oni,observable,6,seasonal_adjusted_log_return,18,0.00884772367573225,0.03088794522421982,0.28644584842097504
49,False,Coconut oil,oni,observable,6,market_adjusted_log_return,18,0.16242203863180293,0.046330592817037566,3.5057189808301787
49,False,Palm oil,oni,observable,6,market_adjusted_log_return,18,0.07508535997721014,0.03356076242404008,2.2372960133773767
49,False,"Rubber, RSS3",oni,observable,6,market_adjusted_log_return,18,0.10438636679133807,0.03050400626962154,3.4220543317713257
49,False,Coconut oil,oni,observable,12,seasonal_adjusted_log_return,18,0.03616760285115123,0.07429969525107022,0.4867799622721908
49,False,Palm oil,oni,observable,12,seasonal_adjusted_log_return,18,0.010119206405812646,0.06457260721573214,0.1567105130509157
49,False,"Rubber, RSS3",oni,observable,12,seasonal_adjusted_log_return,18,0.03239004833483003,0.056755789231604875,0.5706915324999726
49,False,Coconut oil,oni,observable,12,market_adjusted_log_return,18,0.35549886415234616,0.07390346890049392,4.8103136353586
49,False,Palm oil,oni,observable,12,market_adjusted_log_return,18,0.17740363644725,0.06273912964291427,2.8276394246614465
49,False,"Rubber, RSS3",oni,observable,12,market_adjusted_log_return,18,0.2199865862984989,0.051947201527806325,4.234811112601405
49,False,Coconut oil,oni,observable,18,seasonal_adjusted_log_return,18,0.16132364588643713,0.09745199890058709,1.6554164892092866
49,False,Palm oil,oni,observable,18,seasonal_adjusted_log_return,18,0.10168896449438551,0.07122902354959908,1.42763384119082
49,False,"Rubber, RSS3",oni,observable,18,seasonal_adjusted_log_return,18,0.05590764808455647,0.0706142226487295,0.7917335345128573
49,False,Coconut oil,oni,observable,18,market_adjusted_log_return,18,0.6054086330902526,0.09065078259224477,6.67847111495368
49,False,Palm oil,oni,observable,18,market_adjusted_log_return,18,0.3235029259309863,0.06269427523842332,5.160007428121949
49,False,"Rubber, RSS3",oni,observable,18,market_adjusted_log_return,18,0.31713437810260303,0.0649418905730455,4.883356109657692
49,False,Coconut oil,oni,observable,24,seasonal_adjusted_log_return,18,0.16912927945478262,0.10867553354325563,1.556277424554487
49,False,Palm oil,oni,observable,24,seasonal_adjusted_log_return,18,0.08637657509956258,0.07065795656721229,1.2224607007619617
49,False,"Rubber, RSS3",oni,observable,24,seasonal_adjusted_log_return,18,0.03958168606519797,0.08446414138442396,0.46862118546909465
49,False,Coconut oil,oni,observable,24,market_adjusted_log_return,18,0.7671274875108947,0.10509432351233046,7.29941886367335
49,False,Palm oil,oni,observable,24,market_adjusted_log_return,18,0.39194235832365615,0.06999075019545717,5.5999165208132835
49,False,"Rubber, RSS3",oni,observable,24,market_adjusted_log_return,18,0.3911287965768301,0.07431029875183409,5.263453426328426
50,False,Coconut oil,roni,retrospective,6,seasonal_adjusted_log_return,18,0.005346177947896023,0.07818050629979534,0.06838249329564675
50,False,Palm oil,roni,retrospective,6,seasonal_adjusted_log_return,18,0.005428823144959232,0.060838013838321825,0.08923406275863037
50,False,"Rubber, RSS3",roni,retrospective,6,seasonal_adjusted_log_return,18,0.005643233974653754,0.04384386806314825,0.12871204626667093
50,False,Coconut oil,roni,retrospective,6,market_adjusted_log_return,18,0.17854173211470417,0.07409931162063507,2.409492452895934
50,False,Palm oil,roni,retrospective,6,market_adjusted_log_return,18,0.09675569411803944,0.05587650443117635,1.731598909112405
50,False,"Rubber, RSS3",roni,retrospective,6,market_adjusted_log_return,18,0.10737105186493509,0.04117426107976071,2.6077226172181036
50,False,Coconut oil,roni,retrospective,12,seasonal_adjusted_log_return,18,0.11036624105588098,0.10568987716061197,1.044246090741146
50,False,Palm oil,roni,retrospective,12,seasonal_adjusted_log_return,18,0.08566831567262044,0.085030518713472,1.0075008005219588
50,False,"Rubber, RSS3",roni,retrospective,12,seasonal_adjusted_log_return,18,-0.0057245217047242935,0.06204148658020126,-0.09226925433716329
50,False,Coconut oil,roni,retrospective,12,market_adjusted_log_return,18,0.41899500462320177,0.09583971092870104,4.371830847183051
50,False,Palm oil,roni,retrospective,12,market_adjusted_log_return,18,0.24222719997870568,0.0752201840669646,3.2202420531577465
50,False,"Rubber, RSS3",roni,retrospective,12,market_adjusted_log_return,18,0.17574616585389355,0.05736741342816909,3.063519084295981
50,False,Coconut oil,roni,retrospective,18,seasonal_adjusted_log_return,18,0.0937051161374281,0.11733100616890406,0.79863898893473
50,False,Palm oil,roni,retrospective,18,seasonal_adjusted_log_return,18,0.009714427706969168,0.0861066162515913,0.11281859780188076
50,False,"Rubber, RSS3",roni,retrospective,18,seasonal_adjusted_log_return,18,-0.008532139544000884,0.07872102315880733,-0.10838451028245186
50,False,Coconut oil,roni,retrospective,18,market_adjusted_log_return,18,0.5516443485770007,0.10858494580706796,5.080302287548716
50,False,Palm oil,roni,retrospective,18,market_adjusted_log_return,18,0.24541246971988098,0.07837886730958021,3.1311050815592014
50,False,"Rubber, RSS3",roni,retrospective,18,market_adjusted_log_return,18,0.2606244247893123,0.06886174468928503,3.7847490789739715
50,False,Coconut oil,roni,retrospective,24,seasonal_adjusted_log_return,18,0.08259808249148745,0.09705948122518797,0.8510047802527546
50,False,Palm oil,roni,retrospective,24,seasonal_adjusted_log_return,18,0.029272909783977414,0.0767667328309149,0.3813228556756926
50,False,"Rubber, RSS3",roni,retrospective,24,seasonal_adjusted_log_return,18,0.014622738855600627,0.09056686388643018,0.16145793536516154
50,False,Coconut oil,roni,retrospective,24,market_adjusted_log_return,18,0.6868189788933797,0.09493964509006822,7.234269500816039
50,False,Palm oil,roni,retrospective,24,market_adjusted_log_return,18,0.34107478201356234,0.07604968215310899,4.484894247511577
50,False,"Rubber, RSS3",roni,retrospective,24,market_adjusted_log_return,18,0.36973156541439933,0.08357126792197386,4.424146894116749
50,False,Coconut oil,roni,observable,6,seasonal_adjusted_log_return,19,0.0968072731194981,0.050342609306954826,1.9229689214008259
50,False,Palm oil,roni,observable,6,seasonal_adjusted_log_return,19,0.08840533193424939,0.048607792612616454,1.8187481303420316
50,False,"Rubber, RSS3",roni,observable,6,seasonal_adjusted_log_return,19,-0.022241550531146216,0.04384890970095475,-0.5072315522285822
50,False,Coconut oil,roni,observable,6,market_adjusted_log_return,19,0.2606556877358177,0.04297751033513705,6.064932233236273
50,False,Palm oil,roni,observable,6,market_adjusted_log_return,19,0.1703649341410701,0.044946300887720246,3.790410573868058
50,False,"Rubber, RSS3",roni,observable,6,market_adjusted_log_return,19,0.0741361911409268,0.04060821824045982,1.8256450135766247
50,False,Coconut oil,roni,observable,12,seasonal_adjusted_log_return,19,0.07863008875517886,0.07492925445466361,1.0493910466272485
50,False,Palm oil,roni,observable,12,seasonal_adjusted_log_return,19,0.01999979040265482,0.05173447384987626,0.3865853639623447
50,False,"Rubber, RSS3",roni,observable,12,seasonal_adjusted_log_return,19,-0.02323501401573533,0.06667613932913043,-0.34847569534644735
50,False,Coconut oil,roni,observable,12,market_adjusted_log_return,19,0.3909905424422577,0.06967004387070375,5.612032384648307
50,False,Palm oil,roni,observable,12,market_adjusted_log_return,19,0.18029840108335507,0.05294079375257971,3.40566108483346
50,False,"Rubber, RSS3",roni,observable,12,market_adjusted_log_return,19,0.16037160255684452,0.057223414097189194,2.802552156088882
50,False,Coconut oil,roni,observable,18,seasonal_adjusted_log_return,19,0.06711252850989397,0.07593259605341085,0.8838434611492426
50,False,Palm oil,roni,observable,18,seasonal_adjusted_log_return,19,0.03825568876162863,0.05338923422111437,0.716543125589527
50,False,"Rubber, RSS3",roni,observable,18,seasonal_adjusted_log_return,19,-0.0040863111326395725,0.08142859653843165,-0.05018275282088359
50,False,Coconut oil,roni,observable,18,market_adjusted_log_return,19,0.5259128783887609,0.0742285847321028,7.085045205789989
50,False,Palm oil,roni,observable,18,market_adjusted_log_return,19,0.27481670264412816,0.05751388825079859,4.778266797851427
50,False,"Rubber, RSS3",roni,observable,18,market_adjusted_log_return,19,0.265563135959957,0.07444907042490859,3.5670443491676824
50,False,Coconut oil,roni,observable,24,seasonal_adjusted_log_return,19,0.10457588318873011,0.08777883529177428,1.1913564681181168
50,False,Palm oil,roni,observable,24,seasonal_adjusted_log_return,19,0.056629921218753494,0.07926424637573139,0.7144447062590389
50,False,"Rubber, RSS3",roni,observable,24,seasonal_adjusted_log_return,19,0.05567974502372704,0.10185184067485398,0.5466739202237482
50,False,Coconut oil,roni,observable,24,market_adjusted_log_return,19,0.6853723869061245,0.0860866154617569,7.9614279552039555
50,False,Palm oil,roni,observable,24,market_adjusted_log_return,19,0.34495695595640996,0.0746567038094776,4.6205757601719615
50,False,"Rubber, RSS3",roni,observable,24,market_adjusted_log_return,19,0.3973810167310788,0.09073352002985058,4.379649512113535
50,False,Coconut oil,oni,retrospective,6,seasonal_adjusted_log_return,19,0.017942999038927425,0.05960335235010891,0.3010400981060697
50,False,Palm oil,oni,retrospective,6,seasonal_adjusted_log_return,19,0.019471921415633357,0.05389094271241877,0.3613208534788945
50,False,"Rubber, RSS3",oni,retrospective,6,seasonal_adjusted_log_return,19,0.02252974147638284,0.042512586087994256,0.5299546216678015
50,False,Coconut oil,oni,retrospective,6,market_adjusted_log_return,19,0.19851243283836795,0.05725302689106934,3.467282755478786
50,False,Palm oil,oni,retrospective,6,market_adjusted_log_return,19,0.11818855179005941,0.05076186137961603,2.3282942858655553
50,False,"Rubber, RSS3",oni,retrospective,6,market_adjusted_log_return,19,0.1284781894156095,0.038771974211770546,3.3136870646273566
50,False,Coconut oil,oni,retrospective,12,seasonal_adjusted_log_return,19,0.13316300324427313,0.09445786946254231,1.4097608171977616
50,False,Palm oil,oni,retrospective,12,seasonal_adjusted_log_return,19,0.10565844505018374,0.07235635794386479,1.4602510139075164
50,False,"Rubber, RSS3",oni,retrospective,12,seasonal_adjusted_log_return,19,0.03196140366892119,0.05983676018927162,0.5341432852952437
50,False,Coconut oil,oni,retrospective,12,market_adjusted_log_return,19,0.43964944605123507,0.08568965053535743,5.130718159129684
50,False,Palm oil,oni,retrospective,12,market_adjusted_log_return,19,0.2600703950736017,0.06227598594638643,4.176094382471874
50,False,"Rubber, RSS3",oni,retrospective,12,market_adjusted_log_return,19,0.2122058787279973,0.055829924975496235,3.8009343344296895
50,False,Coconut oil,oni,retrospective,18,seasonal_adjusted_log_return,19,0.13641325547642913,0.11295430533579237,1.2076853119577657
50,False,Palm oil,oni,retrospective,18,seasonal_adjusted_log_return,19,0.09224462066329935,0.08225446661247506,1.1214542439122588
50,False,"Rubber, RSS3",oni,retrospective,18,seasonal_adjusted_log_return,19,0.022135960178336408,0.07235108323357226,0.3059520215733952
50,False,Coconut oil,oni,retrospective,18,market_adjusted_log_return,19,0.5961986497006542,0.10612063250945791,5.618121901483375
50,False,Palm oil,oni,retrospective,18,market_adjusted_log_return,19,0.3297928002000415,0.07572083815983231,4.355377043026274
50,False,"Rubber, RSS3",oni,retrospective,18,market_adjusted_log_return,19,0.29234922278877307,0.06445236088932876,4.535896261283063
50,False,Coconut oil,oni,retrospective,24,seasonal_adjusted_log_return,19,0.12028778397131958,0.09034777411432716,1.3313862477575371
50,False,Palm oil,oni,retrospective,24,seasonal_adjusted_log_return,19,0.10261642725314038,0.07437380143640447,1.3797389036364587
50,False,"Rubber, RSS3",oni,retrospective,24,seasonal_adjusted_log_return,19,0.05111742003190702,0.08953316142850198,0.5709328165824635
50,False,Coconut oil,oni,retrospective,24,market_adjusted_log_return,19,0.723936560286654,0.08807310406498023,8.21972346691147
50,False,Palm oil,oni,retrospective,24,market_adjusted_log_return,19,0.413844947326334,0.0719476281576114,5.752030441083456
50,False,"Rubber, RSS3",oni,retrospective,24,market_adjusted_log_return,19,0.40589877891436277,0.08188340519103579,4.957033454671212
50,False,Coconut oil,oni,observable,6,seasonal_adjusted_log_return,19,0.12441311402135902,0.05464568391428788,2.276723523425964
50,False,Palm oil,oni,observable,6,seasonal_adjusted_log_return,19,0.0965410331188147,0.04132781288905157,2.335982147857383
50,False,"Rubber, RSS3",oni,observable,6,seasonal_adjusted_log_return,19,0.01898995471775597,0.04552252200626509,0.4171551548735032
50,False,Coconut oil,oni,observable,6,market_adjusted_log_return,19,0.27426708231279157,0.04731048023172666,5.797173923609141
50,False,Palm oil,oni,observable,6,market_adjusted_log_return,19,0.16447605173488772,0.03654014734266228,4.501242159548012
50,False,"Rubber, RSS3",oni,observable,6,market_adjusted_log_return,19,0.10735761436790625,0.04254883235050187,2.523162409805588
50,False,Coconut oil,oni,observable,12,seasonal_adjusted_log_return,19,0.127663366253515,0.08323319442877058,1.5338035158889272
50,False,Palm oil,oni,observable,12,seasonal_adjusted_log_return,19,0.0831272087319303,0.06981453713379997,1.1906862402112117
50,False,"Rubber, RSS3",oni,observable,12,seasonal_adjusted_log_return,19,0.00916451122717118,0.07217720835237285,0.12697237031431813
50,False,Coconut oil,oni,observable,12,market_adjusted_log_return,19,0.4308162859622107,0.07717515847909365,5.582318124800698
50,False,Palm oil,oni,observable,12,market_adjusted_log_return,19,0.23419845686132748,0.0677116620124671,3.4587610154688972
50,False,"Rubber, RSS3",oni,observable,12,market_adjusted_log_return,19,0.18750095842868197,0.06376245033983169,2.940617203845948
50,False,Coconut oil,oni,observable,18,seasonal_adjusted_log_return,19,0.11153789474840543,0.07627476567185533,1.462317107970636
50,False,Palm oil,oni,observable,18,seasonal_adjusted_log_return,19,0.09349901532177135,0.06742104061929262,1.3867928240641318
50,False,"Rubber, RSS3",oni,observable,18,seasonal_adjusted_log_return,19,0.03814597108074179,0.08812229578682514,0.43287536644551267
50,False,Coconut oil,oni,observable,18,market_adjusted_log_return,19,0.5585541965482107,0.07269298051058218,7.6837432256186
50,False,Palm oil,oni,observable,18,market_adjusted_log_return,19,0.31825060398761995,0.0680183649744151,4.6788922977982335
50,False,"Rubber, RSS3",oni,observable,18,market_adjusted_log_return,19,0.3010505145542717,0.08064848505263271,3.7328725314282156
50,False,Coconut oil,oni,observable,24,seasonal_adjusted_log_return,19,0.1391978384369972,0.0906878506487629,1.534911649589261
50,False,Palm oil,oni,observable,24,seasonal_adjusted_log_return,19,0.10810011277197128,0.0813959433191621,1.3280773999767939
50,False,"Rubber, RSS3",oni,observable,24,seasonal_adjusted_log_return,19,0.08018588279979545,0.10487723711548605,0.7645689856560428
50,False,Coconut oil,oni,observable,24,market_adjusted_log_return,19,0.6992631688589546,0.09193882725057408,7.605743838271423
50,False,Palm oil,oni,observable,24,market_adjusted_log_return,19,0.37565132929815004,0.0803894516239324,4.672893292710514
50,False,"Rubber, RSS3",oni,observable,24,market_adjusted_log_return,19,0.410021133183257,0.09376304037764632,4.3729504880796135
51,False,Coconut oil,roni,retrospective,6,seasonal_adjusted_log_return,19,0.0009790184093979774,0.05057355092573841,0.019358308670782406
51,False,Palm oil,roni,retrospective,6,seasonal_adjusted_log_return,19,-0.06264518477485542,0.044682156154015024,-1.4020179455737005
51,False,"Rubber, RSS3",roni,retrospective,6,seasonal_adjusted_log_return,19,-0.029986542967691425,0.03256065837774837,-0.920943999958672
51,False,Coconut oil,roni,retrospective,6,market_adjusted_log_return,19,0.16977228256268032,0.05045930041004368,3.3645389686950153
51,False,Palm oil,roni,retrospective,6,market_adjusted_log_return,19,0.024269915782155437,0.04577179282191727,0.5302373860814577
51,False,"Rubber, RSS3",roni,retrospective,6,market_adjusted_log_return,19,0.0692215107765855,0.026048337996981172,2.6574252370576508
51,False,Coconut oil,roni,retrospective,12,seasonal_adjusted_log_return,19,-0.010538541835886936,0.07327653717751503,-0.14381877531080572
51,False,Palm oil,roni,retrospective,12,seasonal_adjusted_log_return,19,-0.0443892864158816,0.061721873342615544,-0.7191824228904804
51,False,"Rubber, RSS3",roni,retrospective,12,seasonal_adjusted_log_return,19,-0.010837840084595702,0.06623561473590397,-0.16362556802422026
51,False,Coconut oil,roni,retrospective,12,market_adjusted_log_return,19,0.3046946185091834,0.07073670689811597,4.307447036628995
51,False,Palm oil,roni,retrospective,12,market_adjusted_log_return,19,0.1187882173429286,0.05823979491339627,2.039640035126652
51,False,"Rubber, RSS3",roni,retrospective,12,market_adjusted_log_return,19,0.17441304417969802,0.059001803071489695,2.956062952319779
51,False,Coconut oil,roni,retrospective,18,seasonal_adjusted_log_return,19,0.026924812842949206,0.09164120955078407,0.2938068252801541
51,False,Palm oil,roni,retrospective,18,seasonal_adjusted_log_return,19,-0.026015053958756747,0.08893143707463674,-0.2925293328716066
51,False,"Rubber, RSS3",roni,retrospective,18,seasonal_adjusted_log_return,19,0.04892821607177095,0.08200075473296178,0.5966800699713963
51,False,Coconut oil,roni,retrospective,18,market_adjusted_log_return,19,0.46415412702654707,0.08907750841081938,5.210677030680966
51,False,Palm oil,roni,retrospective,18,market_adjusted_log_return,19,0.18892847065521032,0.08010451697065642,2.3585245601620426
51,False,"Rubber, RSS3",roni,retrospective,18,market_adjusted_log_return,19,0.30623092495081966,0.0720675775681487,4.249219070271106
51,False,Coconut oil,roni,retrospective,24,seasonal_adjusted_log_return,19,0.13883824023319316,0.11715270029237,1.1851049091203536
51,False,Palm oil,roni,retrospective,24,seasonal_adjusted_log_return,19,0.0008710655939338551,0.10646546267779129,0.00818167292965289
51,False,"Rubber, RSS3",roni,retrospective,24,seasonal_adjusted_log_return,19,0.14039284703860772,0.0864050714073088,1.6248218391812153
51,False,Coconut oil,roni,retrospective,24,market_adjusted_log_return,19,0.6877966092081284,0.11046762513926493,6.226227895648459
51,False,Palm oil,roni,retrospective,24,market_adjusted_log_return,19,0.2572914016524833,0.09138074853497063,2.8155974401328097
51,False,"Rubber, RSS3",roni,retrospective,24,market_adjusted_log_return,19,0.4638707417868724,0.07661751299171929,6.054369603944295
51,False,Coconut oil,roni,observable,6,seasonal_adjusted_log_return,19,-0.05020802094443077,0.05878574722509276,-0.8540849323932624
51,False,Palm oil,roni,observable,6,seasonal_adjusted_log_return,19,-0.014148454061138576,0.04289147331440102,-0.3298663572927015
51,False,"Rubber, RSS3",roni,observable,6,seasonal_adjusted_log_return,19,0.021099738480033554,0.05610359839598903,0.37608529725861617
51,False,Coconut oil,roni,observable,6,market_adjusted_log_return,19,0.13074039066481138,0.05183725998059828,2.522131584766345
51,False,Palm oil,roni,observable,6,market_adjusted_log_return,19,0.08494797025791463,0.034551712221524956,2.458574837428575
51,False,"Rubber, RSS3",roni,observable,6,market_adjusted_log_return,19,0.1272651041357976,0.0484275088106271,2.6279506681514477
51,False,Coconut oil,roni,observable,12,seasonal_adjusted_log_return,19,-0.012744666265594621,0.09190177972183468,-0.1386770343748485
51,False,Palm oil,roni,observable,12,seasonal_adjusted_log_return,19,0.004225778395986287,0.07709459397414128,0.05481290163359156
51,False,"Rubber, RSS3",roni,observable,12,seasonal_adjusted_log_return,19,0.08086579463640016,0.0667363086371715,1.2117211198486735
51,False,Coconut oil,roni,observable,12,market_adjusted_log_return,19,0.29019989918217515,0.08413147951380952,3.4493616522521884
51,False,Palm oil,roni,observable,12,market_adjusted_log_return,19,0.1550882235701963,0.06856552500755611,2.2618979954299943
51,False,"Rubber, RSS3",roni,observable,12,market_adjusted_log_return,19,0.25908298490691933,0.05984718248762433,4.329075724834574
51,False,Coconut oil,roni,observable,18,seasonal_adjusted_log_return,19,0.09916876112464933,0.12953489505700605,0.7655756472493909
51,False,Palm oil,roni,observable,18,seasonal_adjusted_log_return,19,0.031111897948676893,0.09884127711804867,0.31476624802732117
51,False,"Rubber, RSS3",roni,observable,18,seasonal_adjusted_log_return,19,0.17233042560323694,0.07411276332182812,2.3252462582579376
51,False,Coconut oil,roni,observable,18,market_adjusted_log_return,19,0.5138423813637564,0.11847804920253542,4.337026013024193
51,False,Palm oil,roni,observable,18,market_adjusted_log_return,19,0.2234511545674693,0.0860993187484319,2.5952720394961193
51,False,"Rubber, RSS3",roni,observable,18,market_adjusted_log_return,19,0.416722801742972,0.06842533586569864,6.09018277324779
51,False,Coconut oil,roni,observable,24,seasonal_adjusted_log_return,19,0.20284022831605397,0.16730829689997992,1.2123739950405192
51,False,Palm oil,roni,observable,24,seasonal_adjusted_log_return,19,0.08363628655348616,0.11550478008290596,0.7240937257614315
51,False,"Rubber, RSS3",roni,observable,24,seasonal_adjusted_log_return,19,0.19447150484922976,0.08238241521817832,2.3605948470216505
51,False,Coconut oil,roni,observable,24,market_adjusted_log_return,19,0.727085058679597,0.1516025168316883,4.795995962829689
51,False,Palm oil,roni,observable,24,market_adjusted_log_return,19,0.315289862996668,0.09817144908288056,3.2116248251616084
51,False,"Rubber, RSS3",roni,observable,24,market_adjusted_log_return,19,0.503803968850644,0.07307573029556558,6.894272103924717
51,False,Coconut oil,oni,retrospective,6,seasonal_adjusted_log_return,19,0.015884153276822795,0.057666903923119746,0.2754466114220247
51,False,Palm oil,oni,retrospective,6,seasonal_adjusted_log_return,19,-0.005808053957781914,0.06178326549475384,-0.09400691127721453
51,False,"Rubber, RSS3",oni,retrospective,6,seasonal_adjusted_log_return,19,-0.006982054415385989,0.0500260185983425,-0.13956846079326657
51,False,Coconut oil,oni,retrospective,6,market_adjusted_log_return,19,0.18883458484346005,0.05477954346799941,3.4471733951885093
51,False,Palm oil,oni,retrospective,6,market_adjusted_log_return,19,0.08527316653965457,0.05773594357160368,1.4769511202999468
51,False,"Rubber, RSS3",oni,retrospective,6,market_adjusted_log_return,19,0.09460546123733526,0.043721319358515254,2.1638290569772045
51,False,Coconut oil,oni,retrospective,12,seasonal_adjusted_log_return,19,-0.00024131822828674828,0.06296336274827471,-0.003832676937086889
51,False,Palm oil,oni,retrospective,12,seasonal_adjusted_log_return,19,0.00456375263205912,0.06390520360045103,0.07141441345829481
51,False,"Rubber, RSS3",oni,retrospective,12,seasonal_adjusted_log_return,19,0.02199940543818463,0.07491616470560235,0.29365365304851865
51,False,Coconut oil,oni,retrospective,12,market_adjusted_log_return,19,0.3165724954294599,0.059508528241272986,5.319783647579719
51,False,Palm oil,oni,retrospective,12,market_adjusted_log_return,19,0.16932531366594705,0.05944834024814389,2.8482765533766736
51,False,"Rubber, RSS3",oni,retrospective,12,market_adjusted_log_return,19,0.208155017362925,0.06757483717362046,3.0803628402109346
51,False,Coconut oil,oni,retrospective,18,seasonal_adjusted_log_return,19,0.027418625460305004,0.08911360696267005,0.30768169300778886
51,False,Palm oil,oni,retrospective,18,seasonal_adjusted_log_return,19,0.019164850082259034,0.07710900175785049,0.24854231860559464
51,False,"Rubber, RSS3",oni,retrospective,18,seasonal_adjusted_log_return,19,0.06403931715723829,0.08324696319610493,0.7692691084283858
51,False,Coconut oil,oni,retrospective,18,market_adjusted_log_return,19,0.45728146774020384,0.08887631345570239,5.145144414300233
51,False,Palm oil,oni,retrospective,18,market_adjusted_log_return,19,0.22672603897647717,0.0703732441613403,3.2217647726553102
51,False,"Rubber, RSS3",oni,retrospective,18,market_adjusted_log_return,19,0.3171256359919103,0.07286597396634421,4.352177274654783
51,False,Coconut oil,oni,retrospective,24,seasonal_adjusted_log_return,19,0.11713040174534994,0.11215996905927882,1.0443155675572997
51,False,Palm oil,oni,retrospective,24,seasonal_adjusted_log_return,19,0.02867015058668815,0.08923197281489789,0.3212990779231261
51,False,"Rubber, RSS3",oni,retrospective,24,seasonal_adjusted_log_return,19,0.14765442837929732,0.0916120346184695,1.6117361544716675
51,False,Coconut oil,oni,retrospective,24,market_adjusted_log_return,19,0.6573735142657842,0.10833806026922992,6.067798450813604
51,False,Palm oil,oni,retrospective,24,market_adjusted_log_return,19,0.27635646174540357,0.07610541602481154,3.631232521681599
51,False,"Rubber, RSS3",oni,retrospective,24,market_adjusted_log_return,19,0.46614392148436884,0.08269036904263838,5.637221442850338
51,False,Coconut oil,oni,observable,6,seasonal_adjusted_log_return,19,-0.014372327021180608,0.05165621286025693,-0.2782303662109604
51,False,Palm oil,oni,observable,6,seasonal_adjusted_log_return,19,-0.01128928571907722,0.04197758967163168,-0.2689360157976503
51,False,"Rubber, RSS3",oni,observable,6,seasonal_adjusted_log_return,19,0.00884381812576128,0.05321671370812544,0.1661849729065655
51,False,Coconut oil,oni,observable,6,market_adjusted_log_return,19,0.16202427595878272,0.045859114429346926,3.5330877618320833
51,False,Palm oil,oni,observable,6,market_adjusted_log_return,19,0.08324552757740321,0.03934272182299797,2.11590667142764
51,False,"Rubber, RSS3",oni,observable,6,market_adjusted_log_return,19,0.11240383880236886,0.04762318015409371,2.3602757824795657
51,False,Coconut oil,oni,observable,12,seasonal_adjusted_log_return,19,0.013287616667411161,0.09202456289333318,0.1443920650056551
51,False,Palm oil,oni,observable,12,seasonal_adjusted_log_return,19,0.0033118117311226867,0.06621383326540622,0.050016915919183925
51,False,"Rubber, RSS3",oni,observable,12,seasonal_adjusted_log_return,19,0.05088372984481496,0.06882117102725144,0.7393615814044532
51,False,Coconut oil,oni,observable,12,market_adjusted_log_return,19,0.3027332482695266,0.0861103084323422,3.5156446862269384
51,False,Palm oil,oni,observable,12,market_adjusted_log_return,19,0.1406462528879333,0.05796235410118684,2.42651036295735
51,False,"Rubber, RSS3",oni,observable,12,market_adjusted_log_return,19,0.22137445743135414,0.06193810033300535,3.5741241052139427
51,False,Coconut oil,oni,observable,18,seasonal_adjusted_log_return,19,0.1029993929524561,0.12672450234335284,0.8127819880750851
51,False,Palm oil,oni,observable,18,seasonal_adjusted_log_return,19,0.012817112235551818,0.09622151116872622,0.13320422928171197
51,False,"Rubber, RSS3",oni,observable,18,seasonal_adjusted_log_return,19,0.13449884106687401,0.08452324369626033,1.5912645467110111
51,False,Coconut oil,oni,observable,18,market_adjusted_log_return,19,0.5028252947951067,0.11712202518313018,4.293174524679682
51,False,Palm oil,oni,observable,18,market_adjusted_log_return,19,0.19027667565685963,0.084301688455805,2.25709210743284
51,False,"Rubber, RSS3",oni,observable,18,market_adjusted_log_return,19,0.37039274292381263,0.07915477408972535,4.6793481149217415
51,False,Coconut oil,oni,observable,24,seasonal_adjusted_log_return,19,0.21116290775288352,0.15632314766656674,1.3508102344720474
51,False,Palm oil,oni,observable,24,seasonal_adjusted_log_return,19,0.049549152523744644,0.1230812850009072,0.4025725968280184
51,False,"Rubber, RSS3",oni,observable,24,seasonal_adjusted_log_return,19,0.1405657840609526,0.0893277037552243,1.5735967471651444
51,False,Coconut oil,oni,observable,24,market_adjusted_log_return,19,0.7372031922707902,0.13565870829648907,5.434248943750775
51,False,Palm oil,oni,observable,24,market_adjusted_log_return,19,0.2830020496607685,0.10222150826598479,2.7685176482075073
51,False,"Rubber, RSS3",oni,observable,24,market_adjusted_log_return,19,0.45092592252044655,0.07954986875055303,5.668468466421093
52,False,Coconut oil,roni,retrospective,6,seasonal_adjusted_log_return,19,0.04023547460232355,0.05717611989369634,0.7037111765739024
52,False,Palm oil,roni,retrospective,6,seasonal_adjusted_log_return,19,0.03815608710599001,0.060228823836286555,0.6335187153862665
52,False,"Rubber, RSS3",roni,retrospective,6,seasonal_adjusted_log_return,19,0.07102976381324586,0.05755475562670691,1.2341250178167065
52,False,Coconut oil,roni,retrospective,6,market_adjusted_log_return,19,0.18537711658846226,0.05277696006486483,3.512462945206146
52,False,Palm oil,roni,retrospective,6,market_adjusted_log_return,19,0.10136863134607102,0.05603698380822645,1.808959448870082
52,False,"Rubber, RSS3",roni,retrospective,6,market_adjusted_log_return,19,0.15670020205547638,0.05222943316144318,3.0002278901076727
52,False,Coconut oil,roni,retrospective,12,seasonal_adjusted_log_return,19,0.15214890199256748,0.10676679297048491,1.4250582766368958
52,False,Palm oil,roni,retrospective,12,seasonal_adjusted_log_return,19,0.0650422066586806,0.083034306573652,0.7833172738184755
52,False,"Rubber, RSS3",roni,retrospective,12,seasonal_adjusted_log_return,19,0.16249439478008262,0.0808058822684064,2.0109228464375657
52,False,Coconut oil,roni,retrospective,12,market_adjusted_log_return,19,0.4090195987700435,0.0987445850875814,4.142197756031524
52,False,Palm oil,roni,retrospective,12,market_adjusted_log_return,19,0.16973156234334402,0.07382716179386409,2.2990395163403226
52,False,"Rubber, RSS3",roni,retrospective,12,market_adjusted_log_return,19,0.314340018891529,0.07577236837040693,4.148478207186344
52,False,Coconut oil,roni,retrospective,18,seasonal_adjusted_log_return,19,0.2558203691839721,0.1534867726857941,1.6667258338128406
52,False,Palm oil,roni,retrospective,18,seasonal_adjusted_log_return,19,0.1175665952634899,0.10761299511476247,1.0924944068150184
52,False,"Rubber, RSS3",roni,retrospective,18,seasonal_adjusted_log_return,19,0.18463547402607547,0.09153907525365594,2.0170126638754895
52,False,Coconut oil,roni,retrospective,18,market_adjusted_log_return,19,0.6222622760858839,0.13878877638868142,4.483520153987257
52,False,Palm oil,roni,retrospective,18,market_adjusted_log_return,19,0.26157027077254275,0.09158035203638851,2.85618328556556
52,False,"Rubber, RSS3",roni,retrospective,18,market_adjusted_log_return,19,0.4014211859992009,0.08323705863366296,4.82262579418991
52,False,Coconut oil,roni,retrospective,24,seasonal_adjusted_log_return,19,0.21229307207293482,0.14036203621724605,1.512467885150634
52,False,Palm oil,roni,retrospective,24,seasonal_adjusted_log_return,19,0.12730479176534307,0.11547300305563855,1.1024636789259181
52,False,"Rubber, RSS3",roni,retrospective,24,seasonal_adjusted_log_return,19,0.16401235052721566,0.09879191404222118,1.6601799055853994
52,False,Coconut oil,roni,retrospective,24,market_adjusted_log_return,19,0.6989590530960516,0.12825739125676933,5.449659050812489
52,False,Palm oil,roni,retrospective,24,market_adjusted_log_return,19,0.32129859220997914,0.10350181398934795,3.104279817192828
52,False,"Rubber, RSS3",roni,retrospective,24,market_adjusted_log_return,19,0.45183559161846804,0.09089531905596551,4.970944558104984
52,False,Coconut oil,roni,observable,6,seasonal_adjusted_log_return,19,0.11285684666276193,0.0694763865646483,1.624391426254556
52,False,Palm oil,roni,observable,6,seasonal_adjusted_log_return,19,0.023672884840373783,0.05122752310388855,0.4621126184915397
52,False,"Rubber, RSS3",roni,observable,6,seasonal_adjusted_log_return,19,0.09727464025125761,0.04073651570690261,2.387897898562171
52,False,Coconut oil,roni,observable,6,market_adjusted_log_return,19,0.24795366172581793,0.06644169358032578,3.731898576998948
52,False,Palm oil,roni,observable,6,market_adjusted_log_return,19,0.07681897046059208,0.04511628826407244,1.7026881735252477
52,False,"Rubber, RSS3",roni,observable,6,market_adjusted_log_return,19,0.1771956629266269,0.03965329389033966,4.4686240547041995
52,False,Coconut oil,roni,observable,12,seasonal_adjusted_log_return,19,0.21652831385416657,0.1239609348347123,1.7467463773396212
52,False,Palm oil,roni,observable,12,seasonal_adjusted_log_return,19,0.07619727344518311,0.08594941969190661,0.8865362176768505
52,False,"Rubber, RSS3",roni,observable,12,seasonal_adjusted_log_return,19,0.11941571949725044,0.062233121102539174,1.9188451001918039
52,False,Coconut oil,roni,observable,12,market_adjusted_log_return,19,0.4611963390416584,0.11572061441272137,3.985429401513429
52,False,Palm oil,roni,observable,12,market_adjusted_log_return,19,0.1686576788897908,0.0750266543813105,2.2479701418194153
52,False,"Rubber, RSS3",roni,observable,12,market_adjusted_log_return,19,0.26427683003429886,0.05712244466424384,4.626497195413708
52,False,Coconut oil,roni,observable,18,seasonal_adjusted_log_return,19,0.17300101674312918,0.12312190473379551,1.4051197235551087
52,False,Palm oil,roni,observable,18,seasonal_adjusted_log_return,19,0.08593546994703627,0.09943283059063605,0.8642564979451477
52,False,"Rubber, RSS3",roni,observable,18,seasonal_adjusted_log_return,19,0.09879259599839067,0.07020734849307773,1.4071546372119632
52,False,Coconut oil,roni,observable,18,market_adjusted_log_return,19,0.5378931160518261,0.11882243125026713,4.526865090976808
52,False,Palm oil,roni,observable,18,market_adjusted_log_return,19,0.22838600032722714,0.09381170215851409,2.4345150452693227
52,False,"Rubber, RSS3",roni,observable,18,market_adjusted_log_return,19,0.3146912356535657,0.06768362202777833,4.649444374067509
52,False,Coconut oil,roni,observable,24,seasonal_adjusted_log_return,18,0.0952410553944481,0.10554114262933807,0.9024069004912708
52,False,Palm oil,roni,observable,24,seasonal_adjusted_log_return,18,0.06296379271660091,0.08140285488926045,0.7734838391387643
52,False,"Rubber, RSS3",roni,observable,24,seasonal_adjusted_log_return,18,0.10572316323848141,0.0727415832939569,1.453407507109685
52,False,Coconut oil,roni,observable,24,market_adjusted_log_return,18,0.6076231142251161,0.10663324497721922,5.69825211972989
52,False,Palm oil,roni,observable,24,market_adjusted_log_return,18,0.282729050957091,0.079608277471005,3.551503184578599
52,False,"Rubber, RSS3",roni,observable,24,market_adjusted_log_return,18,0.408265664223161,0.06733552527201596,6.0631540717011765
52,False,Coconut oil,oni,retrospective,6,seasonal_adjusted_log_return,19,0.037562030369252854,0.05978820920678467,0.6282514707764549
52,False,Palm oil,oni,retrospective,6,seasonal_adjusted_log_return,19,0.0348161224375782,0.05035601046914802,0.6913995392647169
52,False,"Rubber, RSS3",oni,retrospective,6,seasonal_adjusted_log_return,19,0.053511502526903766,0.06259888377127251,0.8548315769084197
52,False,Coconut oil,oni,retrospective,6,market_adjusted_log_return,19,0.17733771158748737,0.05641505481645903,3.1434465882278873
52,False,Palm oil,oni,retrospective,6,market_adjusted_log_return,19,0.09265115022670012,0.04472630627861662,2.0715135663012725
52,False,"Rubber, RSS3",oni,retrospective,6,market_adjusted_log_return,19,0.13611059483093202,0.05631085338651725,2.4171289661811723
52,False,Coconut oil,oni,retrospective,12,seasonal_adjusted_log_return,19,0.1272738066542978,0.10646016576005908,1.195506373164482
52,False,Palm oil,oni,retrospective,12,seasonal_adjusted_log_return,19,0.044321422942007305,0.07569004331354344,0.5855647718208763
52,False,"Rubber, RSS3",oni,retrospective,12,seasonal_adjusted_log_return,19,0.1371266137489628,0.08956084455351684,1.531100051954324
52,False,Coconut oil,oni,retrospective,12,market_adjusted_log_return,19,0.3774297581130675,0.09907118040817403,3.8096826600637437
52,False,Palm oil,oni,retrospective,12,market_adjusted_log_return,19,0.14228157299562644,0.06756195639571781,2.1059421690258286
52,False,"Rubber, RSS3",oni,retrospective,12,market_adjusted_log_return,19,0.2851288803233905,0.08372991667375006,3.405340547923661
52,False,Coconut oil,oni,retrospective,18,seasonal_adjusted_log_return,19,0.23543732145472523,0.14822316328161997,1.588397631262266
52,False,Palm oil,oni,retrospective,18,seasonal_adjusted_log_return,19,0.08105346323020014,0.10502459101524436,0.7717569994482073
52,False,"Rubber, RSS3",oni,retrospective,18,seasonal_adjusted_log_return,19,0.14319355674304146,0.09405292103340643,1.5224785702528143
52,False,Coconut oil,oni,retrospective,18,market_adjusted_log_return,19,0.611807655588751,0.12812975856933428,4.774906800887214
52,False,Palm oil,oni,retrospective,18,market_adjusted_log_return,19,0.23500694699953528,0.0863031008903151,2.723041751399082
52,False,"Rubber, RSS3",oni,retrospective,18,market_adjusted_log_return,19,0.36566205992002443,0.0846512401041626,4.3196302791321255
52,False,Coconut oil,oni,retrospective,24,seasonal_adjusted_log_return,19,0.18195588937256013,0.14894618403312315,1.2216216921146241
52,False,Palm oil,oni,retrospective,24,seasonal_adjusted_log_return,19,0.07472937263217364,0.1212821834879901,0.616161174568346
52,False,"Rubber, RSS3",oni,retrospective,24,seasonal_adjusted_log_return,19,0.16478874057045034,0.10603461319883982,1.554103283815755
52,False,Coconut oil,oni,retrospective,24,market_adjusted_log_return,19,0.6772639374782027,0.1349823033136939,5.017427624599547
52,False,Palm oil,oni,retrospective,24,market_adjusted_log_return,19,0.2773838509901754,0.10851342259303635,2.5562169578823695
52,False,"Rubber, RSS3",oni,retrospective,24,market_adjusted_log_return,19,0.4575584914815936,0.09673672202886249,4.729935870114307
52,False,Coconut oil,oni,observable,6,seasonal_adjusted_log_return,19,0.10523239462257673,0.06746821549932012,1.5597328882018104
52,False,Palm oil,oni,observable,6,seasonal_adjusted_log_return,19,0.006143227668357806,0.05139329360271741,0.11953364413354088
52,False,"Rubber, RSS3",oni,observable,6,seasonal_adjusted_log_return,19,0.09275197112890006,0.04475799783029227,2.072299379444659
52,False,Coconut oil,oni,observable,6,market_adjusted_log_return,19,0.23633707069872292,0.06500461150216096,3.6356969949872915
52,False,Palm oil,oni,observable,6,market_adjusted_log_return,19,0.05528857716597341,0.04897429980799568,1.1289304264222852
52,False,"Rubber, RSS3",oni,observable,6,market_adjusted_log_return,19,0.17038799016884887,0.0431088722147858,3.9525040070616355
52,False,Coconut oil,oni,observable,12,seasonal_adjusted_log_return,19,0.21339590942300413,0.11924761078204046,1.7895193708580621
52,False,Palm oil,oni,observable,12,seasonal_adjusted_log_return,19,0.04287526795655064,0.08526940377678756,0.5028212472176609
52,False,"Rubber, RSS3",oni,observable,12,seasonal_adjusted_log_return,19,0.09881891412297869,0.06213154393006837,1.5904789720693804
52,False,Coconut oil,oni,observable,12,market_adjusted_log_return,19,0.47071496817440633,0.10639169843015447,4.424358057254137
52,False,Palm oil,oni,observable,12,market_adjusted_log_return,19,0.14801395116988225,0.07235615288681492,2.0456304718330878
52,False,"Rubber, RSS3",oni,observable,12,market_adjusted_log_return,19,0.25092116976548284,0.05631684212197681,4.4555262743960675
52,False,Coconut oil,oni,observable,18,seasonal_adjusted_log_return,19,0.15991447734083905,0.13265769168605274,1.205467058173243
52,False,Palm oil,oni,observable,18,seasonal_adjusted_log_return,19,0.03655117735852412,0.10347589649966762,0.35323373456968815
52,False,"Rubber, RSS3",oni,observable,18,seasonal_adjusted_log_return,19,0.12041409795038764,0.07117678902543578,1.6917607495240672
52,False,Coconut oil,oni,observable,18,market_adjusted_log_return,19,0.536171250063858,0.12755104635776648,4.203581745303424
52,False,Palm oil,oni,observable,18,market_adjusted_log_return,19,0.19039085516052234,0.09745100304575771,1.9537085223342967
52,False,"Rubber, RSS3",oni,observable,18,market_adjusted_log_return,19,0.3428176013270518,0.06769346405473536,5.064264417756158
52,False,Coconut oil,oni,observable,24,seasonal_adjusted_log_return,18,0.08344302408004353,0.11098819999613031,0.7518188787902933
52,False,Palm oil,oni,observable,24,seasonal_adjusted_log_return,18,0.015906775611846873,0.08512131766620691,0.18687182069036332
52,False,"Rubber, RSS3",oni,observable,24,seasonal_adjusted_log_return,18,0.077439700883224,0.06966387933227772,1.111619129245699
52,False,Coconut oil,oni,observable,24,market_adjusted_log_return,18,0.5997631575329191,0.11311847269847136,5.302079697731139
52,False,Palm oil,oni,observable,24,market_adjusted_log_return,18,0.23961858918175613,0.08440101849528316,2.839048550049754
52,False,"Rubber, RSS3",oni,observable,24,market_adjusted_log_return,18,0.38223626037082836,0.06461626950815934,5.91548016127056
53,False,Coconut oil,roni,retrospective,6,seasonal_adjusted_log_return,19,0.12889041513439592,0.08304517825116929,1.55205176084478
53,False,Palm oil,roni,retrospective,6,seasonal_adjusted_log_return,19,0.04584764198833041,0.057348330105201815,0.7994590584281333
53,False,"Rubber, RSS3",roni,retrospective,6,seasonal_adjusted_log_return,19,0.028691668350946796,0.047530137202902834,0.6036521255653875
53,False,Coconut oil,roni,retrospective,6,market_adjusted_log_return,19,0.2618640926556018,0.07573033797557911,3.457849253756738
53,False,Palm oil,roni,retrospective,6,market_adjusted_log_return,19,0.09686601785576053,0.050433514714231624,1.9206676037675858
53,False,"Rubber, RSS3",roni,retrospective,6,market_adjusted_log_return,19,0.10739745853628181,0.04531106853740243,2.3702256866361386
53,False,Coconut oil,roni,retrospective,12,seasonal_adjusted_log_return,19,0.08536311802335857,0.09621747109904051,0.8871893747393431
53,False,Palm oil,roni,retrospective,12,seasonal_adjusted_log_return,19,0.05558583849018357,0.08346690033837219,0.6659626542358748
53,False,"Rubber, RSS3",roni,retrospective,12,seasonal_adjusted_log_return,19,0.008068544852087002,0.05637688191273713,0.1431179692515788
53,False,Coconut oil,roni,retrospective,12,market_adjusted_log_return,19,0.3385608696657694,0.09458587572411573,3.5794019675122546
53,False,Palm oil,roni,retrospective,12,market_adjusted_log_return,19,0.15659433929319694,0.08066186717253292,1.9413676472210484
53,False,"Rubber, RSS3",roni,retrospective,12,market_adjusted_log_return,19,0.1578118641555488,0.05633501581884451,2.8013103726290156
53,False,Coconut oil,roni,retrospective,18,seasonal_adjusted_log_return,18,0.01742486026749695,0.09945682517940378,0.1752002462984854
53,False,Palm oil,roni,retrospective,18,seasonal_adjusted_log_return,18,0.033033300128844464,0.0685497314219703,0.4818881043530572
53,False,"Rubber, RSS3",roni,retrospective,18,seasonal_adjusted_log_return,18,0.0018938657118732277,0.06526590599510884,0.029017688224770185
53,False,Coconut oil,roni,retrospective,18,market_adjusted_log_return,18,0.4195074727069422,0.103658601583571,4.047010728470319
53,False,Palm oil,roni,retrospective,18,market_adjusted_log_return,18,0.21275443400961294,0.07113500334455891,2.9908543474593996
53,False,"Rubber, RSS3",roni,retrospective,18,market_adjusted_log_return,18,0.23907945403931702,0.06318088420979481,3.7840472957840148
53,False,Coconut oil,roni,retrospective,24,seasonal_adjusted_log_return,18,-0.01713771186039329,0.1047078968103168,-0.16367162728365225
53,False,Palm oil,roni,retrospective,24,seasonal_adjusted_log_return,18,0.05127634321643799,0.08387255812016672,0.6113601917682401
53,False,"Rubber, RSS3",roni,retrospective,24,seasonal_adjusted_log_return,18,-0.008695866420418148,0.07436347992729522,-0.11693732500039065
53,False,Coconut oil,roni,retrospective,24,market_adjusted_log_return,18,0.52886277959626,0.10553829281504161,5.0110984884235785
53,False,Palm oil,roni,retrospective,24,market_adjusted_log_return,18,0.3047324319197658,0.08118313355136665,3.753642149412153
53,False,"Rubber, RSS3",roni,retrospective,24,market_adjusted_log_return,18,0.31308901089920377,0.06743710558389276,4.6426816244317655
53,False,Coconut oil,roni,observable,6,seasonal_adjusted_log_return,19,-0.04272403494040031,0.06818134730835956,-0.6266235066780795
53,False,Palm oil,roni,observable,6,seasonal_adjusted_log_return,19,0.026703594622909697,0.06715011642212308,0.3976701165347795
53,False,"Rubber, RSS3",roni,observable,6,seasonal_adjusted_log_return,19,-0.02308219234707966,0.04894346486457414,-0.4716092824843471
53,False,Coconut oil,roni,observable,6,market_adjusted_log_return,19,0.09925635121023829,0.06418718612333728,1.546357726595379
53,False,Palm oil,roni,observable,6,market_adjusted_log_return,19,0.08674807521206473,0.06488997444302921,1.336848657387376
53,False,"Rubber, RSS3",roni,observable,6,market_adjusted_log_return,19,0.06077881964513868,0.04467112928788696,1.3605839076385178
53,False,Coconut oil,roni,observable,12,seasonal_adjusted_log_return,18,-0.10892855104967085,0.10261733898179239,-1.0615023945319637
53,False,Palm oil,roni,observable,12,seasonal_adjusted_log_return,18,0.00372415433183676,0.06224924740852079,0.05982649569072527
53,False,"Rubber, RSS3",roni,observable,12,seasonal_adjusted_log_return,18,-0.034881962367776,0.0608369927652595,-0.5733676301583249
53,False,Coconut oil,roni,observable,12,market_adjusted_log_return,18,0.18493954104686805,0.09535984789239686,1.9393858645365296
53,False,Palm oil,roni,observable,12,market_adjusted_log_return,18,0.1454905798230702,0.05676724912530555,2.562931656278088
53,False,"Rubber, RSS3",roni,observable,12,market_adjusted_log_return,18,0.13814007445934726,0.05530746982203388,2.4976748150629335
53,False,Coconut oil,roni,observable,18,seasonal_adjusted_log_return,18,-0.14349112317756105,0.11752085269875888,-1.2209843604978918
53,False,Palm oil,roni,observable,18,seasonal_adjusted_log_return,18,0.021967197419430293,0.08784121971531728,0.25007846533351097
53,False,"Rubber, RSS3",roni,observable,18,seasonal_adjusted_log_return,18,-0.04547169450006737,0.0700807225506339,-0.6488473983300286
53,False,Coconut oil,roni,observable,18,market_adjusted_log_return,18,0.2942948479361858,0.10987160362065024,2.678534200267861
53,False,Palm oil,roni,observable,18,market_adjusted_log_return,18,0.23746857773322302,0.07913777038110008,3.0006983591988585
53,False,"Rubber, RSS3",roni,observable,18,market_adjusted_log_return,18,0.212149631319234,0.06324339481662127,3.3544946778138174
53,False,Coconut oil,roni,observable,24,seasonal_adjusted_log_return,18,-0.05480735597861351,0.12895240999583593,-0.4250200207997921
53,False,Palm oil,roni,observable,24,seasonal_adjusted_log_return,18,0.0794381770978953,0.09170030444781842,0.8662804074232838
53,False,"Rubber, RSS3",roni,observable,24,seasonal_adjusted_log_return,18,0.05010028325100652,0.07551860701135196,0.6634164113153654
53,False,Coconut oil,roni,observable,24,market_adjusted_log_return,18,0.5132756269182076,0.12047796004914588,4.260328002805077
53,False,Palm oil,roni,observable,24,market_adjusted_log_return,18,0.3550243122428498,0.07976397672124766,4.450935457788902
53,False,"Rubber, RSS3",roni,observable,24,market_adjusted_log_return,18,0.3845246436611164,0.0721486423960009,5.32961717492317
53,False,Coconut oil,oni,retrospective,6,seasonal_adjusted_log_return,19,0.12842370169888734,0.07717611215283086,1.664034350999329
53,False,Palm oil,oni,retrospective,6,seasonal_adjusted_log_return,19,0.03721053895020711,0.0487619979657272,0.7631052972103576
53,False,"Rubber, RSS3",oni,retrospective,6,seasonal_adjusted_log_return,19,0.025958579673116402,0.045803344510708346,0.5667398298184875
53,False,Coconut oil,oni,retrospective,6,market_adjusted_log_return,19,0.2696182103518869,0.06813998075901202,3.9568283898616725
53,False,Palm oil,oni,retrospective,6,market_adjusted_log_return,19,0.09646744964185734,0.03885090156867611,2.4830170149676807
53,False,"Rubber, RSS3",oni,retrospective,6,market_adjusted_log_return,19,0.10936977442575746,0.04266135951431601,2.5636729741126953
53,False,Coconut oil,oni,retrospective,12,seasonal_adjusted_log_return,19,0.07494226961672229,0.1043555452524833,0.718143625577376
53,False,Palm oil,oni,retrospective,12,seasonal_adjusted_log_return,19,0.0308864483521806,0.08250889657120049,0.3743408242713239
53,False,"Rubber, RSS3",oni,retrospective,12,seasonal_adjusted_log_return,19,0.0475537635005253,0.05380759254716566,0.8837742268220141
53,False,Coconut oil,oni,retrospective,12,market_adjusted_log_return,19,0.3350744922413385,0.10389108141638466,3.2252479007162775
53,False,Palm oil,oni,retrospective,12,market_adjusted_log_return,19,0.13884435363249745,0.07804321032088528,1.779070249181447
53,False,"Rubber, RSS3",oni,retrospective,12,market_adjusted_log_return,19,0.20126620598732647,0.05324187385864424,3.7802239365519497
53,False,Coconut oil,oni,retrospective,18,seasonal_adjusted_log_return,18,0.015383204219330223,0.10275301890178402,0.14971048426357367
53,False,Palm oil,oni,retrospective,18,seasonal_adjusted_log_return,18,-0.004938981321747358,0.06960859266893428,-0.07095361552901476
53,False,"Rubber, RSS3",oni,retrospective,18,seasonal_adjusted_log_return,18,-0.004475805904828872,0.06127909273227125,-0.07303968948077767
53,False,Coconut oil,oni,retrospective,18,market_adjusted_log_return,18,0.4193452151174111,0.10864035216496296,3.8599397623515066
53,False,Palm oil,oni,retrospective,18,market_adjusted_log_return,18,0.1766655983325479,0.07044643582419752,2.507800377203262
53,False,"Rubber, RSS3",oni,retrospective,18,market_adjusted_log_return,18,0.2337855045666753,0.05921029440009756,3.948392875518114
53,False,Coconut oil,oni,retrospective,24,seasonal_adjusted_log_return,18,0.0044379710814155355,0.10130951470327651,0.04380606396559912
53,False,Palm oil,oni,retrospective,24,seasonal_adjusted_log_return,18,0.07508131813895062,0.08164449722455058,0.9196127196723504
53,False,"Rubber, RSS3",oni,retrospective,24,seasonal_adjusted_log_return,18,0.01573709385571416,0.08638586345742592,0.1821720965198197
53,False,Coconut oil,oni,retrospective,24,market_adjusted_log_return,18,0.5501937964649007,0.10296656738641333,5.3434217574732905
53,False,Palm oil,oni,retrospective,24,market_adjusted_log_return,18,0.3282922138767758,0.07839994749775792,4.187403491388363
53,False,"Rubber, RSS3",oni,retrospective,24,market_adjusted_log_return,18,0.3373819302427718,0.07801493082718348,4.324581546962221
53,False,Coconut oil,oni,observable,6,seasonal_adjusted_log_return,19,-0.0417823624962111,0.07290323691173697,-0.5731208141937029
53,False,Palm oil,oni,observable,6,seasonal_adjusted_log_return,19,-0.0036381421589560194,0.06956395320278508,-0.05229924395398452
53,False,"Rubber, RSS3",oni,observable,6,seasonal_adjusted_log_return,19,0.027302040352236087,0.05349434229981201,0.5103724838641868
53,False,Coconut oil,oni,observable,6,market_adjusted_log_return,19,0.10131564860540641,0.07083500938776487,1.4303047247553042
53,False,Palm oil,oni,observable,6,market_adjusted_log_return,19,0.05752637020453469,0.06882047589392715,0.8358903285295493
53,False,"Rubber, RSS3",oni,observable,6,market_adjusted_log_return,19,0.11180275378881724,0.04958555739503299,2.2547443179496574
53,False,Coconut oil,oni,observable,12,seasonal_adjusted_log_return,18,-0.11378096972438453,0.10368901146185376,-1.0973291009360573
53,False,Palm oil,oni,observable,12,seasonal_adjusted_log_return,18,-0.0358308832774162,0.07398819781287404,-0.4842783624496066
53,False,"Rubber, RSS3",oni,observable,12,seasonal_adjusted_log_return,18,-0.02684056071210228,0.06213972244210115,-0.43193885742104887
53,False,Coconut oil,oni,observable,12,market_adjusted_log_return,18,0.1741057080247044,0.09826876430315161,1.7717299007403984
53,False,Palm oil,oni,observable,12,market_adjusted_log_return,18,0.09994124679410284,0.06853110704074186,1.4583340487216643
53,False,"Rubber, RSS3",oni,observable,12,market_adjusted_log_return,18,0.1427578594589639,0.05678632680648124,2.513947766783014
53,False,Coconut oil,oni,observable,18,seasonal_adjusted_log_return,18,-0.12472620286229923,0.11735357314861981,-1.062824075278411
53,False,Palm oil,oni,observable,18,seasonal_adjusted_log_return,18,0.044189416183281774,0.09217784795091848,0.4793930121563601
53,False,"Rubber, RSS3",oni,observable,18,seasonal_adjusted_log_return,18,-0.006627660951559251,0.09011505293945704,-0.07354665769338208
53,False,Coconut oil,oni,observable,18,market_adjusted_log_return,18,0.3049542893721941,0.10822127642277873,2.8178774031536595
53,False,Palm oil,oni,observable,18,market_adjusted_log_return,18,0.2515678623383307,0.08281461671298622,3.0377229566876953
53,False,"Rubber, RSS3",oni,observable,18,market_adjusted_log_return,18,0.24635428513506039,0.0808365369272315,3.047561096745483
53,False,Coconut oil,oni,observable,24,seasonal_adjusted_log_return,18,-0.054673763362400596,0.13119595608437135,-0.4167336021183475
53,False,Palm oil,oni,observable,24,seasonal_adjusted_log_return,18,0.06131561411649658,0.09281260737358679,0.6606388490918118
53,False,"Rubber, RSS3",oni,observable,24,seasonal_adjusted_log_return,18,0.0464661413833071,0.08911701497422142,0.521405944720525
53,False,Coconut oil,oni,observable,24,market_adjusted_log_return,18,0.5201888400688154,0.1240170600035563,4.194494209537773
53,False,Palm oil,oni,observable,24,market_adjusted_log_return,18,0.34369596981800743,0.08458260942533224,4.063435405376268
53,False,"Rubber, RSS3",oni,observable,24,market_adjusted_log_return,18,0.3847709923321131,0.08235704044865312,4.671986635702445
54,False,Coconut oil,roni,retrospective,6,seasonal_adjusted_log_return,18,-0.11594277044099036,0.061726395727770035,-1.8783337188895506
54,False,Palm oil,roni,retrospective,6,seasonal_adjusted_log_return,18,-0.026714938454302124,0.044887221004077535,-0.5951568811059912
54,False,"Rubber, RSS3",roni,retrospective,6,seasonal_adjusted_log_return,18,-0.017857052731074224,0.03601871371713025,-0.49577152785946194
54,False,Coconut oil,roni,retrospective,6,market_adjusted_log_return,18,0.05144462813285175,0.06121845368018191,0.8403451090354114
54,False,Palm oil,roni,retrospective,6,market_adjusted_log_return,18,0.058791268969069624,0.044014102041048594,1.3357370988561688
54,False,"Rubber, RSS3",roni,retrospective,6,market_adjusted_log_return,18,0.0805463176165407,0.03399006201843016,2.3697019903307828
54,False,Coconut oil,roni,retrospective,12,seasonal_adjusted_log_return,18,-0.15050534256888057,0.08458874789918765,-1.7792596096617002
54,False,Palm oil,roni,retrospective,12,seasonal_adjusted_log_return,18,-0.008471895366708589,0.06717564945888442,-0.1261155706710942
54,False,"Rubber, RSS3",roni,retrospective,12,seasonal_adjusted_log_return,18,-0.028446784863365587,0.06167351452347834,-0.46124799410509104
54,False,Coconut oil,roni,retrospective,12,market_adjusted_log_return,18,0.16079993502216955,0.08669656747827265,1.8547439616045724
54,False,Palm oil,roni,retrospective,12,market_adjusted_log_return,18,0.15076926687922243,0.06416220844170398,2.3498141747444254
54,False,"Rubber, RSS3",roni,retrospective,12,market_adjusted_log_return,18,0.15455587447642746,0.056224310786832474,2.7489154124522215
54,False,Coconut oil,roni,retrospective,18,seasonal_adjusted_log_return,18,-0.06182157536993303,0.1183905681620415,-0.5221832814022622
54,False,Palm oil,roni,retrospective,18,seasonal_adjusted_log_return,18,0.04899908431175642,0.09288124715235498,0.5275455036836686
54,False,"Rubber, RSS3",roni,retrospective,18,seasonal_adjusted_log_return,18,0.0671251928877083,0.08624236594337265,0.7783319967332898
54,False,Coconut oil,roni,retrospective,18,market_adjusted_log_return,18,0.37978071400419133,0.11658656548781468,3.2574998021009978
54,False,Palm oil,roni,retrospective,18,market_adjusted_log_return,18,0.26832500138884924,0.0880252700589826,3.0482724018802125
54,False,"Rubber, RSS3",roni,retrospective,18,market_adjusted_log_return,18,0.32693088681830984,0.08266877346877348,3.954708326981549
54,False,Coconut oil,roni,retrospective,24,seasonal_adjusted_log_return,18,-0.022371278604597294,0.1506362716626688,-0.14851189794908753
54,False,Palm oil,roni,retrospective,24,seasonal_adjusted_log_return,18,0.1026581433254349,0.11402164670732116,0.9003390697289707
54,False,"Rubber, RSS3",roni,retrospective,24,seasonal_adjusted_log_return,18,0.08271947598904182,0.11390534970033131,0.7262123877997384
54,False,Coconut oil,roni,retrospective,24,market_adjusted_log_return,18,0.5627544578476387,0.1417844016199791,3.969085819157838
54,False,Palm oil,roni,retrospective,24,market_adjusted_log_return,18,0.3953237338704484,0.10511300269069433,3.760940357052957
54,False,"Rubber, RSS3",roni,retrospective,24,market_adjusted_log_return,18,0.42689869562609506,0.10638984181628146,4.012588874446134
54,False,Coconut oil,roni,observable,6,seasonal_adjusted_log_return,19,-0.03682055013355868,0.04890448172322254,-0.752907480789726
54,False,Palm oil,roni,observable,6,seasonal_adjusted_log_return,19,0.0276533511355755,0.041359552724741684,0.6686085635310315
54,False,"Rubber, RSS3",roni,observable,6,seasonal_adjusted_log_return,19,-0.016779068354576092,0.03368268656961974,-0.4981511293612207
54,False,Coconut oil,roni,observable,6,market_adjusted_log_return,19,0.13041923686532178,0.05038203368208118,2.5886060433425206
54,False,Palm oil,roni,observable,6,market_adjusted_log_return,19,0.11301162910007827,0.04337729680196468,2.605317468629342
54,False,"Rubber, RSS3",roni,observable,6,market_adjusted_log_return,19,0.08153981270383234,0.030463093504604646,2.6766753905511007
54,False,Coconut oil,roni,observable,12,seasonal_adjusted_log_return,19,0.042912312186962925,0.10009647208251911,0.4287095368514706
54,False,Palm oil,roni,observable,12,seasonal_adjusted_log_return,19,0.08249903633053272,0.06580428040540079,1.2537031910732928
54,False,"Rubber, RSS3",roni,observable,12,seasonal_adjusted_log_return,19,0.06825089042535136,0.07262411232931384,0.9397827833800967
54,False,Coconut oil,roni,observable,12,market_adjusted_log_return,19,0.34059619336852953,0.09548818480600427,3.5668935801899644
54,False,Palm oil,roni,observable,12,market_adjusted_log_return,19,0.2280894682701289,0.06318756480116816,3.6097208206686924
54,False,"Rubber, RSS3",roni,observable,12,market_adjusted_log_return,19,0.24345699247662536,0.06918544821039152,3.5189046074584596
54,False,Coconut oil,roni,observable,18,seasonal_adjusted_log_return,19,0.07667445527506898,0.15182333491186575,0.50502418037108
54,False,Palm oil,roni,observable,18,seasonal_adjusted_log_return,19,0.1341697914518322,0.09182642270282187,1.4611240153179688
54,False,"Rubber, RSS3",roni,observable,18,seasonal_adjusted_log_return,19,0.08095903926717402,0.10094547341401186,0.8020076238102658
54,False,Coconut oil,roni,observable,18,market_adjusted_log_return,19,0.5182403811406576,0.1367912210425464,3.788550004824275
54,False,Palm oil,roni,observable,18,market_adjusted_log_return,19,0.3534592667109872,0.0791315030969282,4.466732627055433
54,False,"Rubber, RSS3",roni,observable,18,market_adjusted_log_return,19,0.3407439196064969,0.0923680660126816,3.6889796908783903
54,False,Coconut oil,roni,observable,24,seasonal_adjusted_log_return,19,0.18459899170047023,0.16834142323933646,1.0965749733386765
54,False,Palm oil,roni,observable,24,seasonal_adjusted_log_return,19,0.1901314058834397,0.11171019496425286,1.7020058549202386
54,False,"Rubber, RSS3",roni,observable,24,seasonal_adjusted_log_return,19,0.06229601013204072,0.09328937998284989,0.6677717243216009
54,False,Coconut oil,roni,observable,24,market_adjusted_log_return,19,0.747934200478837,0.1493418528855084,5.008202228830212
54,False,Palm oil,roni,observable,24,market_adjusted_log_return,19,0.46095954250180454,0.09370705468465301,4.91915516983268
54,False,"Rubber, RSS3",roni,observable,24,market_adjusted_log_return,19,0.3940028596647998,0.08366184619699245,4.709468862748618
54,False,Coconut oil,oni,retrospective,6,seasonal_adjusted_log_return,18,-0.09620161799225387,0.06508135471311614,-1.47817479240127
54,False,Palm oil,oni,retrospective,6,seasonal_adjusted_log_return,18,-0.005841562807960529,0.051615784300120045,-0.1131739619414626
54,False,"Rubber, RSS3",oni,retrospective,6,seasonal_adjusted_log_return,18,-0.018592216410030046,0.035530257624985004,-0.5232784013633477
54,False,Coconut oil,oni,retrospective,6,market_adjusted_log_return,18,0.06443717426494128,0.06332338483674886,1.0175889117592787
54,False,Palm oil,oni,retrospective,6,market_adjusted_log_return,18,0.07290150506622102,0.04837464640101135,1.5070188722805196
54,False,"Rubber, RSS3",oni,retrospective,6,market_adjusted_log_return,18,0.07594841518572187,0.032264616885550594,2.353922733845777
54,False,Coconut oil,oni,retrospective,12,seasonal_adjusted_log_return,18,-0.10714685113016856,0.0905053802243504,-1.1838727251856878
54,False,Palm oil,oni,retrospective,12,seasonal_adjusted_log_return,18,0.07417873665273747,0.07008785391115185,1.0583679270130242
54,False,"Rubber, RSS3",oni,retrospective,12,seasonal_adjusted_log_return,18,0.0016206833505130061,0.0759379213700758,0.021342213761880172
54,False,Coconut oil,oni,retrospective,12,market_adjusted_log_return,18,0.19528575561243097,0.08762206242004858,2.228728133289729
54,False,Palm oil,oni,retrospective,12,market_adjusted_log_return,18,0.22452812061044888,0.06340743384826436,3.541037808717358
54,False,"Rubber, RSS3",oni,retrospective,12,market_adjusted_log_return,18,0.17954484086181835,0.06814414601129429,2.6347801149648333
54,False,Coconut oil,oni,retrospective,18,seasonal_adjusted_log_return,18,-0.03709441163026998,0.12878098417057704,-0.28804261645598644
54,False,Palm oil,oni,retrospective,18,seasonal_adjusted_log_return,18,0.09130493458595229,0.10310084336953246,0.885588629558524
54,False,"Rubber, RSS3",oni,retrospective,18,seasonal_adjusted_log_return,18,0.05471448568537932,0.08978846861506587,0.6093709641039431
54,False,Coconut oil,oni,retrospective,18,market_adjusted_log_return,18,0.4105203063090524,0.12386375780818815,3.3142891316503764
54,False,Palm oil,oni,retrospective,18,market_adjusted_log_return,18,0.3166562280901256,0.09589112471242983,3.3022475128929134
54,False,"Rubber, RSS3",oni,retrospective,18,market_adjusted_log_return,18,0.31796154805887106,0.08415889493520498,3.7781098278877563
54,False,Coconut oil,oni,retrospective,24,seasonal_adjusted_log_return,18,0.04466887195859346,0.16628358287151176,0.2686306801141598
54,False,Palm oil,oni,retrospective,24,seasonal_adjusted_log_return,18,0.15317225438343215,0.12712882748917298,1.204858547102365
54,False,"Rubber, RSS3",oni,retrospective,24,seasonal_adjusted_log_return,18,0.05491156309689357,0.11116799588409751,0.49395118316375647
54,False,Coconut oil,oni,retrospective,24,market_adjusted_log_return,18,0.6279378261088611,0.14854127193872096,4.227362657618213
54,False,Palm oil,oni,retrospective,24,market_adjusted_log_return,18,0.44397706401584425,0.10907804527153193,4.070269712943939
54,False,"Rubber, RSS3",oni,retrospective,24,market_adjusted_log_return,18,0.3980280055300234,0.09908576880944034,4.017004765795403
54,False,Coconut oil,oni,observable,6,seasonal_adjusted_log_return,19,-0.01827098774836371,0.05374227688457399,-0.3399742029465104
54,False,Palm oil,oni,observable,6,seasonal_adjusted_log_return,19,0.07661108102034782,0.039055720692590445,1.9615841075717821
54,False,"Rubber, RSS3",oni,observable,6,seasonal_adjusted_log_return,19,0.011016320124904536,0.049831130694631784,0.2210730515511121
54,False,Coconut oil,oni,observable,6,market_adjusted_log_return,19,0.14225239291430308,0.0509418195142506,2.7924482138787567
54,False,Palm oil,oni,observable,6,market_adjusted_log_return,19,0.15523848875927082,0.03776678859318734,4.110449803700649
54,False,"Rubber, RSS3",oni,observable,6,market_adjusted_log_return,19,0.10549089292011575,0.044467324815889414,2.372323798584369
54,False,Coconut oil,oni,observable,12,seasonal_adjusted_log_return,19,0.04381114306779574,0.10525440647727441,0.41624046473774046
54,False,Palm oil,oni,observable,12,seasonal_adjusted_log_return,19,0.09323539403559429,0.07054452192708349,1.3216532125905485
54,False,"Rubber, RSS3",oni,observable,12,seasonal_adjusted_log_return,19,0.05580379693158275,0.07506606325259754,0.7433958104849964
54,False,Coconut oil,oni,observable,12,market_adjusted_log_return,19,0.3488802910418683,0.0987880210906172,3.5316052208581454
54,False,Palm oil,oni,observable,12,market_adjusted_log_return,19,0.24622699705884243,0.06566543155528233,3.749720229152064
54,False,"Rubber, RSS3",oni,observable,12,market_adjusted_log_return,19,0.23523704676622806,0.0700872636732399,3.356345139438568
54,False,Coconut oil,oni,observable,18,seasonal_adjusted_log_return,19,0.11765927367292803,0.15284998905403163,0.769769591748784
54,False,Palm oil,oni,observable,18,seasonal_adjusted_log_return,19,0.15268239621523194,0.0932115695341929,1.6380197970942145
54,False,"Rubber, RSS3",oni,observable,18,seasonal_adjusted_log_return,19,0.05392511933041868,0.09557243801573112,0.5642329572208116
54,False,Coconut oil,oni,observable,18,market_adjusted_log_return,19,0.5591554244568652,0.13262504222804947,4.216062178479042
54,False,Palm oil,oni,observable,18,market_adjusted_log_return,19,0.3719019461309718,0.07600856010829796,4.892895558093473
54,False,"Rubber, RSS3",oni,observable,18,market_adjusted_log_return,19,0.3136700621035,0.08395368294154926,3.73622753777086
54,False,Coconut oil,oni,observable,24,seasonal_adjusted_log_return,19,0.1933259906888816,0.1551044439793437,1.2464245751374352
54,False,Palm oil,oni,observable,24,seasonal_adjusted_log_return,19,0.17833132865161708,0.11046630684362711,1.614350418214467
54,False,"Rubber, RSS3",oni,observable,24,seasonal_adjusted_log_return,19,0.02022868022386468,0.09207346056120633,0.21970153071869777
54,False,Coconut oil,oni,observable,24,market_adjusted_log_return,19,0.7631200066125038,0.13571104147548452,5.623123942721767
54,False,Palm oil,oni,observable,24,market_adjusted_log_return,19,0.45563218156059127,0.08924106831560953,5.105633428201517
54,False,"Rubber, RSS3",oni,observable,24,market_adjusted_log_return,19,0.35563239448397455,0.0831295966236033,4.278047878593922
55,False,Coconut oil,roni,retrospective,6,seasonal_adjusted_log_return,19,0.06879956035424364,0.07101504327481574,0.9688026252128219
55,False,Palm oil,roni,retrospective,6,seasonal_adjusted_log_return,19,0.05830537833522868,0.05034036171196379,1.1582232696069792
55,False,"Rubber, RSS3",roni,retrospective,6,seasonal_adjusted_log_return,19,0.07020456787105618,0.06504074557528833,1.0793936516270473
55,False,Coconut oil,roni,retrospective,6,market_adjusted_log_return,19,0.21885563517663006,0.0627471581552044,3.4878971671560497
55,False,Palm oil,roni,retrospective,6,market_adjusted_log_return,19,0.12644293872192944,0.04183849856850013,3.022167215558909
55,False,"Rubber, RSS3",roni,retrospective,6,market_adjusted_log_return,19,0.15868790840293073,0.05953905874522904,2.665274052819094
55,False,Coconut oil,roni,retrospective,12,seasonal_adjusted_log_return,19,0.10256170344234973,0.13288350469692886,0.7718166651027536
55,False,Palm oil,roni,retrospective,12,seasonal_adjusted_log_return,19,0.10997613345652815,0.09419968738424972,1.1674787518978145
55,False,"Rubber, RSS3",roni,retrospective,12,seasonal_adjusted_log_return,19,0.0829127167128788,0.0991082926459346,0.8365870756051195
55,False,Coconut oil,roni,retrospective,12,market_adjusted_log_return,19,0.3964998229487581,0.11326290125931027,3.5007033948476187
55,False,Palm oil,roni,retrospective,12,market_adjusted_log_return,19,0.2518127371627877,0.07613390340875013,3.30749805130636
55,False,"Rubber, RSS3",roni,retrospective,12,market_adjusted_log_return,19,0.25597483553280237,0.0882555571226819,2.9003820708647043
55,False,Coconut oil,roni,retrospective,18,seasonal_adjusted_log_return,19,0.21048623986775095,0.152694940793161,1.3784755328133198
55,False,Palm oil,roni,retrospective,18,seasonal_adjusted_log_return,19,0.16593774788813564,0.11791878233261338,1.4072206700716703
55,False,"Rubber, RSS3",roni,retrospective,18,seasonal_adjusted_log_return,19,0.06424968757774552,0.09225576147291929,0.6964300825440083
55,False,Coconut oil,roni,retrospective,18,market_adjusted_log_return,19,0.6261936422869375,0.13168725275534265,4.755157611574765
55,False,Palm oil,roni,retrospective,18,market_adjusted_log_return,19,0.359313012953605,0.09639310806344016,3.7275799086914674
55,False,"Rubber, RSS3",roni,retrospective,18,market_adjusted_log_return,19,0.3092337755911052,0.08189989951260833,3.7757528083840843
55,False,Coconut oil,roni,retrospective,24,seasonal_adjusted_log_return,19,0.23445391311209987,0.11886010161667855,1.9725198777652828
55,False,Palm oil,roni,retrospective,24,seasonal_adjusted_log_return,19,0.18893704272770503,0.12105851330071583,1.5607084340972808
55,False,"Rubber, RSS3",roni,retrospective,24,seasonal_adjusted_log_return,19,0.08131576842648458,0.1021139712774798,0.7963236314208254
55,False,Coconut oil,roni,retrospective,24,market_adjusted_log_return,19,0.7786780244963939,0.0971249503260253,8.017281057880158
55,False,Palm oil,roni,retrospective,24,market_adjusted_log_return,19,0.44061292589553847,0.09077754253274066,4.85376573987584
55,False,"Rubber, RSS3",roni,retrospective,24,market_adjusted_log_return,19,0.40208388883044327,0.09029384216836903,4.453059911668017
55,False,Coconut oil,roni,observable,6,seasonal_adjusted_log_return,19,0.02625696144338024,0.08951846674329926,0.2933133508494286
55,False,Palm oil,roni,observable,6,seasonal_adjusted_log_return,19,0.03900057304927778,0.07473991531984428,0.5218171961043512
55,False,"Rubber, RSS3",roni,observable,6,seasonal_adjusted_log_return,19,0.030980794806123656,0.06931837186582754,0.4469348308712444
55,False,Coconut oil,roni,observable,6,market_adjusted_log_return,19,0.19297776142353787,0.07392563977544306,2.610430724843616
55,False,Palm oil,roni,observable,6,market_adjusted_log_return,19,0.12383874634814278,0.060989234073261116,2.0305017472327322
55,False,"Rubber, RSS3",roni,observable,6,market_adjusted_log_return,19,0.1290026202689213,0.059195536012698106,2.1792626430690447
55,False,Coconut oil,roni,observable,12,seasonal_adjusted_log_return,19,0.13418149786878145,0.1149710323134861,1.1670896152599124
55,False,Palm oil,roni,observable,12,seasonal_adjusted_log_return,19,0.09496218748088528,0.1023100087594012,0.9281808166413559
55,False,"Rubber, RSS3",roni,observable,12,seasonal_adjusted_log_return,19,0.01231776567099037,0.06826243636067662,0.1804472024102287
55,False,Coconut oil,roni,observable,12,market_adjusted_log_return,19,0.4226715807617172,0.09928457486477883,4.257172691099066
55,False,Palm oil,roni,observable,12,market_adjusted_log_return,19,0.23133902213896013,0.08654117484537427,2.6731671086312447
55,False,"Rubber, RSS3",roni,observable,12,market_adjusted_log_return,19,0.18226156032722418,0.062332999969512706,2.9239978890213685
55,False,Coconut oil,roni,observable,18,seasonal_adjusted_log_return,19,0.1581491711131304,0.09104719772202602,1.7370020722216162
55,False,Palm oil,roni,observable,18,seasonal_adjusted_log_return,19,0.11796148232045466,0.10150947174454705,1.1620736498098403
55,False,"Rubber, RSS3",roni,observable,18,seasonal_adjusted_log_return,19,0.029383846519729445,0.0779983073040543,0.3767241563997645
55,False,Coconut oil,roni,observable,18,market_adjusted_log_return,19,0.5751559629711737,0.07777566774991941,7.39506300120155
55,False,Palm oil,roni,observable,18,market_adjusted_log_return,19,0.31263893508089363,0.0797032787648648,3.922535432992911
55,False,"Rubber, RSS3",roni,observable,18,market_adjusted_log_return,19,0.2751116735665622,0.07174276363615481,3.8346957884393444
55,False,Coconut oil,roni,observable,24,seasonal_adjusted_log_return,19,0.15587692489763036,0.10454148192377768,1.4910533314544163
55,False,Palm oil,roni,observable,24,seasonal_adjusted_log_return,19,0.037828757330218926,0.08284186679248098,0.45663815646477435
55,False,"Rubber, RSS3",roni,observable,24,seasonal_adjusted_log_return,19,0.058183077071041714,0.10235800853937789,0.568427208591678
55,False,Coconut oil,roni,observable,24,market_adjusted_log_return,19,0.694266664348224,0.09891965635971134,7.018490458798133
55,False,Palm oil,roni,observable,24,market_adjusted_log_return,19,0.28365770415029695,0.071349584489455,3.975604149344692
55,False,"Rubber, RSS3",roni,observable,24,market_adjusted_log_return,19,0.37561174433406147,0.09796299191155658,3.834220831813437
55,False,Coconut oil,oni,retrospective,6,seasonal_adjusted_log_return,19,0.06806633215751791,0.08257391560914183,0.8243079143746239
55,False,Palm oil,oni,retrospective,6,seasonal_adjusted_log_return,19,0.042590646251972085,0.07170614207573932,0.5939609218828966
55,False,"Rubber, RSS3",oni,retrospective,6,seasonal_adjusted_log_return,19,0.03948249430000199,0.06628408621052904,0.5956557079869693
55,False,Coconut oil,oni,retrospective,6,market_adjusted_log_return,19,0.23550346565866007,0.07317913692540087,3.218177687702621
55,False,Palm oil,oni,retrospective,6,market_adjusted_log_return,19,0.12814669570761192,0.06100329969670029,2.100651872025596
55,False,"Rubber, RSS3",oni,retrospective,6,market_adjusted_log_return,19,0.1379143317150363,0.060221575106051084,2.290114987397243
55,False,Coconut oil,oni,retrospective,12,seasonal_adjusted_log_return,19,0.1419144627626502,0.13153255982377654,1.0789302888409003
55,False,Palm oil,oni,retrospective,12,seasonal_adjusted_log_return,19,0.10203764843160973,0.10042959539628127,1.0160117446354664
55,False,"Rubber, RSS3",oni,retrospective,12,seasonal_adjusted_log_return,19,0.03760381669883792,0.08468723019102177,0.44403172253972883
55,False,Coconut oil,oni,retrospective,12,market_adjusted_log_return,19,0.44577859907365674,0.10928331024327387,4.079109592135487
55,False,Palm oil,oni,retrospective,12,market_adjusted_log_return,19,0.2538216447797413,0.08077334616473425,3.1423935844143616
55,False,"Rubber, RSS3",oni,retrospective,12,market_adjusted_log_return,19,0.2163473470523083,0.07312544490849691,2.958578198368944
55,False,Coconut oil,oni,retrospective,18,seasonal_adjusted_log_return,19,0.21758117977860378,0.13919378647903896,1.5631529630912735
55,False,Palm oil,oni,retrospective,18,seasonal_adjusted_log_return,19,0.12768658086799486,0.11709536995882878,1.0904494423040807
55,False,"Rubber, RSS3",oni,retrospective,18,seasonal_adjusted_log_return,19,0.003907377592283913,0.07993230986921758,0.048883581603947464
55,False,Coconut oil,oni,retrospective,18,market_adjusted_log_return,19,0.6497431812292955,0.12035998448840618,5.39833221141602
55,False,Palm oil,oni,retrospective,18,market_adjusted_log_return,19,0.3375518802093608,0.09603962871249382,3.514714547885883
55,False,"Rubber, RSS3",oni,retrospective,18,market_adjusted_log_return,19,0.25830967943278277,0.07191566248753857,3.5918417559949787
55,False,Coconut oil,oni,retrospective,24,seasonal_adjusted_log_return,19,0.19308957902145774,0.105658112151508,1.8274941231637545
55,False,Palm oil,oni,retrospective,24,seasonal_adjusted_log_return,19,0.10193443739562713,0.11436360630807531,0.8913188442224689
55,False,"Rubber, RSS3",oni,retrospective,24,seasonal_adjusted_log_return,19,0.05215965253264038,0.09977027131077659,0.5227975412652446
55,False,Coconut oil,oni,retrospective,24,market_adjusted_log_return,19,0.7557039613726179,0.08915872414493099,8.475939607931037
55,False,Palm oil,oni,retrospective,24,market_adjusted_log_return,19,0.37204019527544885,0.0929292491517255,4.00347790035427
55,False,"Rubber, RSS3",oni,retrospective,24,market_adjusted_log_return,19,0.3834539184824944,0.09181309818009534,4.176462030835002
55,False,Coconut oil,oni,observable,6,seasonal_adjusted_log_return,19,0.06903650449822334,0.07161914892331891,0.9639391913486607
55,False,Palm oil,oni,observable,6,seasonal_adjusted_log_return,19,0.05050250875019403,0.06635249601702829,0.7611244758182628
55,False,"Rubber, RSS3",oni,observable,6,seasonal_adjusted_log_return,19,-0.006072661058388022,0.04513959289719103,-0.1345307006250363
55,False,Coconut oil,oni,observable,6,market_adjusted_log_return,19,0.2308273959064476,0.05752241794411667,4.012824984698968
55,False,Palm oil,oni,observable,6,market_adjusted_log_return,19,0.13040015683950723,0.06377733647816991,2.0446159096678707
55,False,"Rubber, RSS3",oni,observable,6,market_adjusted_log_return,19,0.08912740417860192,0.039774384592535066,2.2408242161798153
55,False,Coconut oil,oni,observable,12,seasonal_adjusted_log_return,19,0.14470322151417686,0.09228384294050157,1.5680233603565013
55,False,Palm oil,oni,observable,12,seasonal_adjusted_log_return,19,0.07615144118657911,0.08909444056616318,0.8547271940051931
55,False,"Rubber, RSS3",oni,observable,12,seasonal_adjusted_log_return,19,-0.03976910016494204,0.05715378449018291,-0.6958261910332995
55,False,Coconut oil,oni,observable,12,market_adjusted_log_return,19,0.43479197806208636,0.08210579908305413,5.29550875721059
55,False,Palm oil,oni,observable,12,market_adjusted_log_return,19,0.21413039226912678,0.08141699469827299,2.630045398539734
55,False,"Rubber, RSS3",oni,observable,12,market_adjusted_log_return,19,0.13108973655907644,0.05666296896333131,2.313499256346935
55,False,Coconut oil,oni,observable,18,seasonal_adjusted_log_return,19,0.12021162075703089,0.07726865829763518,1.555761720282258
55,False,Palm oil,oni,observable,18,seasonal_adjusted_log_return,19,0.050399297714211415,0.09268840674919261,0.5437497469407137
55,False,"Rubber, RSS3",oni,observable,18,seasonal_adjusted_log_return,19,0.008483174775414415,0.08605010414902561,0.09858413141165819
55,False,Coconut oil,oni,observable,18,market_adjusted_log_return,19,0.5407527582054087,0.0752176368730797,7.189175048371448
55,False,Palm oil,oni,observable,18,market_adjusted_log_return,19,0.2486187073352149,0.08712734985052317,2.8535093488066425
55,False,"Rubber, RSS3",oni,observable,18,market_adjusted_log_return,19,0.256233975608788,0.0835214036372391,3.0678839728519933
55,False,Coconut oil,oni,observable,24,seasonal_adjusted_log_return,19,0.07768245254752192,0.09418872475747238,0.8247532042454906
55,False,Palm oil,oni,observable,24,seasonal_adjusted_log_return,19,-0.027947687085053147,0.08895866353762343,-0.31416487134199345
55,False,"Rubber, RSS3",oni,observable,24,seasonal_adjusted_log_return,19,-0.035057078660866076,0.08626713481528842,-0.40637815010233996
55,False,Coconut oil,oni,observable,24,market_adjusted_log_return,19,0.6377478883369142,0.09936712653671698,6.41809731814335
55,False,Palm oil,oni,observable,24,market_adjusted_log_return,19,0.23960363503547105,0.09074789725075204,2.640321619501607
55,False,"Rubber, RSS3",oni,observable,24,market_adjusted_log_return,19,0.29477823203236236,0.08506905011722249,3.4651642592243266
56,False,Coconut oil,roni,retrospective,6,seasonal_adjusted_log_return,19,0.14032299833774847,0.05591014002602084,2.509795151155792
56,False,Palm oil,roni,retrospective,6,seasonal_adjusted_log_return,19,0.08023616741209517,0.05124115854900584,1.5658538894150722
56,False,"Rubber, RSS3",roni,retrospective,6,seasonal_adjusted_log_return,19,-0.019392270642158375,0.04319214461197869,-0.44897679465492946
56,False,Coconut oil,roni,retrospective,6,market_adjusted_log_return,19,0.2862767173606609,0.04904539545430285,5.836974392986473
56,False,Palm oil,roni,retrospective,6,market_adjusted_log_return,19,0.1442625375099457,0.04103199925682813,3.515854458052979
56,False,"Rubber, RSS3",roni,retrospective,6,market_adjusted_log_return,19,0.06674298082109328,0.042063094436248914,1.5867349208520396
56,False,Coconut oil,roni,retrospective,12,seasonal_adjusted_log_return,19,0.1642906715820974,0.06425476698118571,2.556863549597853
56,False,Palm oil,roni,retrospective,12,seasonal_adjusted_log_return,19,0.10323546225166454,0.06666880915789024,1.5484821696330937
56,False,"Rubber, RSS3",roni,retrospective,12,seasonal_adjusted_log_return,19,-0.0023261897934193144,0.07715670766471865,-0.030148899088951256
56,False,Coconut oil,roni,retrospective,12,market_adjusted_log_return,19,0.4387610995701173,0.0617120369235267,7.109813926800507
56,False,Palm oil,roni,retrospective,12,market_adjusted_log_return,19,0.22556245045187917,0.04990569065294278,4.519774148012487
56,False,"Rubber, RSS3",roni,retrospective,12,market_adjusted_log_return,19,0.1595930940604313,0.0709899399941471,2.24810859219756
56,False,Coconut oil,roni,retrospective,18,seasonal_adjusted_log_return,19,0.16201842536659736,0.12582001755588582,1.287699910665115
56,False,Palm oil,roni,retrospective,18,seasonal_adjusted_log_return,19,0.023102737261428818,0.06875819428628271,0.3359997670275908
56,False,"Rubber, RSS3",roni,retrospective,18,seasonal_adjusted_log_return,19,0.02647304075789296,0.10212785774099742,0.25921468777921725
56,False,Coconut oil,roni,retrospective,18,market_adjusted_log_return,19,0.5578718009471676,0.12079590504041259,4.618300601833565
56,False,Palm oil,roni,retrospective,18,market_adjusted_log_return,19,0.19658121952128255,0.06040532967938311,3.254368787732608
56,False,"Rubber, RSS3",roni,retrospective,18,market_adjusted_log_return,19,0.2600931648279306,0.09638253548189864,2.6985507646951046
56,False,Coconut oil,roni,retrospective,24,seasonal_adjusted_log_return,18,0.22015203170357378,0.15037853064329773,1.4639857881427292
56,False,Palm oil,roni,retrospective,24,seasonal_adjusted_log_return,18,0.07594487978489987,0.09965774436840054,0.762056980781721
56,False,"Rubber, RSS3",roni,retrospective,24,seasonal_adjusted_log_return,18,0.0544330052351725,0.1173710596075009,0.46376854240901666
56,False,Coconut oil,roni,retrospective,24,market_adjusted_log_return,18,0.7619618209180244,0.13551463915208975,5.62272700341153
56,False,Palm oil,roni,retrospective,24,market_adjusted_log_return,18,0.3252012415011595,0.08427039847018533,3.85902104896555
56,False,"Rubber, RSS3",roni,retrospective,24,market_adjusted_log_return,18,0.37381922612279234,0.10464526100246899,3.5722518396124263
56,False,Coconut oil,roni,observable,6,seasonal_adjusted_log_return,19,0.04945761973261875,0.07214880555190509,0.6854946433872435
56,False,Palm oil,roni,observable,6,seasonal_adjusted_log_return,19,0.02142079663897827,0.06060389630842758,0.35345576677055157
56,False,"Rubber, RSS3",roni,observable,6,seasonal_adjusted_log_return,19,0.025590974491997327,0.05576659121293465,0.458894365522232
56,False,Coconut oil,roni,observable,6,market_adjusted_log_return,19,0.19650344038207623,0.06272186451035856,3.132933657442909
56,False,Palm oil,roni,observable,6,market_adjusted_log_return,19,0.08654162022183982,0.0485657847132912,1.7819462968165656
56,False,"Rubber, RSS3",roni,observable,6,market_adjusted_log_return,19,0.11235131846707952,0.04980844272018631,2.255668162488965
56,False,Coconut oil,roni,observable,12,seasonal_adjusted_log_return,19,0.04718537351711872,0.13994571904395875,0.33716910984820614
56,False,Palm oil,roni,observable,12,seasonal_adjusted_log_return,19,-0.058711928351257485,0.07676962700132463,-0.7647806905489385
56,False,"Rubber, RSS3",roni,observable,12,seasonal_adjusted_log_return,19,0.0543902050433096,0.08117960119552192,0.669998426234076
56,False,Coconut oil,roni,observable,12,market_adjusted_log_return,19,0.3156141417591265,0.12877451697666573,2.450905265801281
56,False,Palm oil,roni,observable,12,market_adjusted_log_return,19,0.057560389291243214,0.06655805387897239,0.8648147885439932
56,False,"Rubber, RSS3",roni,observable,12,market_adjusted_log_return,19,0.2128513892345788,0.07411153068519945,2.872041465972401
56,False,Coconut oil,roni,observable,18,seasonal_adjusted_log_return,18,0.11362984160637524,0.16966211772625944,0.6697419738076756
56,False,Palm oil,roni,observable,18,seasonal_adjusted_log_return,18,-0.008309815522903163,0.11046100700067119,-0.07522849690165029
56,False,"Rubber, RSS3",roni,observable,18,seasonal_adjusted_log_return,18,0.07583610177538021,0.097363099979679,0.7788998274624394
56,False,Coconut oil,roni,observable,18,market_adjusted_log_return,18,0.5285360214422005,0.15061857174579152,3.5091025981460247
56,False,Palm oil,roni,observable,18,market_adjusted_log_return,18,0.18426250151344967,0.0939926509466465,1.9603926440806898
56,False,"Rubber, RSS3",roni,observable,18,market_adjusted_log_return,18,0.3203615893938727,0.0848487158310115,3.7756798822025686
56,False,Coconut oil,roni,observable,24,seasonal_adjusted_log_return,18,0.12338745551448937,0.1703378476568574,0.7243689949813811
56,False,Palm oil,roni,observable,24,seasonal_adjusted_log_return,18,-0.003452482851537477,0.1361384809087182,-0.025360080621528246
56,False,"Rubber, RSS3",roni,observable,24,seasonal_adjusted_log_return,18,0.11702875803263074,0.08902715366041578,1.3145288063350198
56,False,Coconut oil,roni,observable,24,market_adjusted_log_return,18,0.6564717205187232,0.15407438394980427,4.260745386024677
56,False,Palm oil,roni,observable,24,market_adjusted_log_return,18,0.23705956409739498,0.11531314948333489,2.0557895188844437
56,False,"Rubber, RSS3",roni,observable,24,market_adjusted_log_return,18,0.4314207002624506,0.07411451880285516,5.821001164563059
56,False,Coconut oil,oni,retrospective,6,seasonal_adjusted_log_return,19,0.07791638871404687,0.05685339369055211,1.3704791157787122
56,False,Palm oil,oni,retrospective,6,seasonal_adjusted_log_return,19,0.03219723827775098,0.05377699557329938,0.5987176846624936
56,False,"Rubber, RSS3",oni,retrospective,6,seasonal_adjusted_log_return,19,-0.030850425014768874,0.05439922708943932,-0.5671114584780187
56,False,Coconut oil,oni,retrospective,6,market_adjusted_log_return,19,0.22992924469193454,0.05248476844414846,4.380875661795349
56,False,Palm oil,oni,retrospective,6,market_adjusted_log_return,19,0.10229579377972994,0.05051199316425248,2.025178326404373
56,False,"Rubber, RSS3",oni,retrospective,6,market_adjusted_log_return,19,0.058752929642040645,0.05277231330606875,1.1133286748542846
56,False,Coconut oil,oni,retrospective,12,seasonal_adjusted_log_return,19,0.05342478795690089,0.08214642353055591,0.650360486321459
56,False,Palm oil,oni,retrospective,12,seasonal_adjusted_log_return,19,0.006445094805383256,0.06728539239335223,0.09578742987341231
56,False,"Rubber, RSS3",oni,retrospective,12,seasonal_adjusted_log_return,19,0.017401849925587586,0.09104699871926691,0.19113040704663112
56,False,Coconut oil,oni,retrospective,12,market_adjusted_log_return,19,0.3358900248352568,0.08126924527348874,4.133052099904627
56,False,Palm oil,oni,retrospective,12,market_adjusted_log_return,19,0.13678410884581813,0.0633860360035088,2.157953351716872
56,False,"Rubber, RSS3",oni,retrospective,12,market_adjusted_log_return,19,0.18389716869175227,0.08521155580711942,2.1581247631249996
56,False,Coconut oil,oni,retrospective,18,seasonal_adjusted_log_return,19,0.010895619747391927,0.12271080659688346,0.08879103682518412
56,False,Palm oil,oni,retrospective,18,seasonal_adjusted_log_return,19,-0.07190188999388132,0.07911966802037458,-0.908773909103934
56,False,"Rubber, RSS3",oni,retrospective,18,seasonal_adjusted_log_return,19,-0.026138403510692913,0.09617422882441094,-0.2717817842700337
56,False,Coconut oil,oni,retrospective,18,market_adjusted_log_return,19,0.4328851549667624,0.12168882297859178,3.5573123674876705
56,False,Palm oil,oni,retrospective,18,market_adjusted_log_return,19,0.1277690365460743,0.07712514941022494,1.6566455627395542
56,False,"Rubber, RSS3",oni,retrospective,18,market_adjusted_log_return,19,0.22244142511532655,0.08984088123390974,2.4759488337628612
56,False,Coconut oil,oni,retrospective,24,seasonal_adjusted_log_return,18,0.03819331036706344,0.15635961265675152,0.2442658287399785
56,False,Palm oil,oni,retrospective,24,seasonal_adjusted_log_return,18,-0.07362070279973548,0.10213929921906346,-0.7207872323642767
56,False,"Rubber, RSS3",oni,retrospective,24,seasonal_adjusted_log_return,18,0.04621526800849465,0.11406960411405276,0.40514971860765125
56,False,Coconut oil,oni,retrospective,24,market_adjusted_log_return,18,0.5868510196902286,0.15058375616543734,3.897173470991722
56,False,Palm oil,oni,retrospective,24,market_adjusted_log_return,18,0.18249832613163477,0.09737167289670857,1.8742445385038025
56,False,"Rubber, RSS3",oni,retrospective,24,market_adjusted_log_return,18,0.36952107245640364,0.1041375782373193,3.548393180551035
56,False,Coconut oil,oni,observable,6,seasonal_adjusted_log_return,19,-0.04385803486880666,0.07624953488177942,-0.5751908511547783
56,False,Palm oil,oni,observable,6,seasonal_adjusted_log_return,19,-0.04227240290931964,0.05313603326660113,-0.795550595529496
56,False,"Rubber, RSS3",oni,observable,6,seasonal_adjusted_log_return,19,0.03014094272109651,0.04853289512006313,0.6210415151730042
56,False,Coconut oil,oni,observable,6,market_adjusted_log_return,19,0.11090474539943668,0.07073454239827494,1.5679007969682066
56,False,Palm oil,oni,observable,6,market_adjusted_log_return,19,0.030581998889324627,0.044586177651326435,0.6859076175688905
56,False,"Rubber, RSS3",oni,observable,6,market_adjusted_log_return,19,0.12131828741713004,0.04399641533642251,2.757458454045834
56,False,Coconut oil,oni,observable,12,seasonal_adjusted_log_return,19,-0.08638720307831566,0.12319567640362995,-0.7012194388647414
56,False,Palm oil,oni,observable,12,seasonal_adjusted_log_return,19,-0.12061938770858424,0.06984952529566066,-1.7268462054398188
56,False,"Rubber, RSS3",oni,observable,12,seasonal_adjusted_log_return,19,-0.013399310715183977,0.06971729304801567,-0.19219493656983508
56,False,Coconut oil,oni,observable,12,market_adjusted_log_return,19,0.2078998755309423,0.11655627859157089,1.7836866279803927
56,False,Palm oil,oni,observable,12,market_adjusted_log_return,19,0.02156692658958079,0.06173434459307454,0.34935053950504247
56,False,"Rubber, RSS3",oni,observable,12,market_adjusted_log_return,19,0.15986254384070436,0.06191706917606807,2.581881635678159
56,False,Coconut oil,oni,observable,18,seasonal_adjusted_log_return,18,-0.049803637982821156,0.15948672278721002,-0.3122745085763035
56,False,Palm oil,oni,observable,18,seasonal_adjusted_log_return,18,-0.12293949865966715,0.0966063569235185,-1.2725818732301035
56,False,"Rubber, RSS3",oni,observable,18,seasonal_adjusted_log_return,18,0.05159706686491089,0.08072714218583842,0.639153888863445
56,False,Coconut oil,oni,observable,18,market_adjusted_log_return,18,0.37165717661952674,0.14964243103991953,2.483634982649949
56,False,Palm oil,oni,observable,18,market_adjusted_log_return,18,0.07620156865488999,0.08871374652205397,0.8589601007995589
56,False,"Rubber, RSS3",oni,observable,18,market_adjusted_log_return,18,0.2998742686194763,0.07092096901850789,4.228287807816326
56,False,Coconut oil,oni,observable,24,seasonal_adjusted_log_return,18,0.00641947179321546,0.16776565084176714,0.038264518159740364
56,False,Palm oil,oni,observable,24,seasonal_adjusted_log_return,18,-0.09146010713624153,0.11495832681246085,-0.7955935831029142
56,False,"Rubber, RSS3",oni,observable,24,seasonal_adjusted_log_return,18,0.09549352420602061,0.07237479294311809,1.3194307067803615
56,False,Coconut oil,oni,observable,24,market_adjusted_log_return,18,0.5676052206700295,0.1537276687376072,3.6922775537490033
56,False,Palm oil,oni,observable,24,market_adjusted_log_return,18,0.1772139406840065,0.09955231301519603,1.7801087219033869
56,False,"Rubber, RSS3",oni,observable,24,market_adjusted_log_return,18,0.4259700749677843,0.059663405386647765,7.1395535036475355
57,False,Coconut oil,roni,retrospective,6,seasonal_adjusted_log_return,19,-0.014470145189053409,0.10464012326030506,-0.13828486376164867
57,False,Palm oil,roni,retrospective,6,seasonal_adjusted_log_return,19,-0.09677320760563769,0.07561731628407607,-1.2797757492752588
57,False,"Rubber, RSS3",roni,retrospective,6,seasonal_adjusted_log_return,19,0.04395605773984117,0.05717279717979127,0.7688281824241093
57,False,Coconut oil,roni,retrospective,6,market_adjusted_log_return,19,0.12773817701409765,0.09679501759636443,1.3196771919270298
57,False,Palm oil,roni,retrospective,6,market_adjusted_log_return,19,-0.03650030010000504,0.06626894752893914,-0.5507903997428907
57,False,"Rubber, RSS3",roni,retrospective,6,market_adjusted_log_return,19,0.12794753480613186,0.051945845926792245,2.463094642571602
57,False,Coconut oil,roni,retrospective,12,seasonal_adjusted_log_return,18,0.0573987108944379,0.14421479907132725,0.3980084655947761
57,False,Palm oil,roni,retrospective,12,seasonal_adjusted_log_return,18,-0.04730794311741202,0.10386361618345409,-0.45548137890608487
57,False,"Rubber, RSS3",roni,retrospective,12,seasonal_adjusted_log_return,18,0.060927785252301324,0.06776410409908515,0.8991159266742801
57,False,Coconut oil,roni,retrospective,12,market_adjusted_log_return,18,0.3482537853654341,0.1265219498539387,2.752516743280279
57,False,Palm oil,roni,retrospective,12,market_adjusted_log_return,18,0.09143897616622877,0.08917780253090482,1.025355790018938
57,False,"Rubber, RSS3",roni,retrospective,12,market_adjusted_log_return,18,0.23222524378930848,0.05736290773520807,4.0483520267361515
57,False,Coconut oil,roni,retrospective,18,seasonal_adjusted_log_return,18,0.06715632480255208,0.15547520032143913,0.43194235906246725
57,False,Palm oil,roni,retrospective,18,seasonal_adjusted_log_return,18,-0.04245061044604634,0.12526250227002703,-0.33889320169044695
57,False,"Rubber, RSS3",roni,retrospective,18,seasonal_adjusted_log_return,18,0.10212044150955185,0.0634321847898829,1.609915248037295
57,False,Coconut oil,roni,retrospective,18,market_adjusted_log_return,18,0.476189484441957,0.14045737459828161,3.3902775543391286
57,False,Palm oil,roni,retrospective,18,market_adjusted_log_return,18,0.14423603875017407,0.10791070583306459,1.3366239951511758
57,False,"Rubber, RSS3",roni,retrospective,18,market_adjusted_log_return,18,0.3432843546578864,0.05377441184401003,6.383786319294259
57,False,Coconut oil,roni,retrospective,24,seasonal_adjusted_log_return,18,0.10250555811707368,0.12320948528978058,0.8319615805226958
57,False,Palm oil,roni,retrospective,24,seasonal_adjusted_log_return,18,-0.07204843508427655,0.10516320341640094,-0.6851106921780978
57,False,"Rubber, RSS3",roni,retrospective,24,seasonal_adjusted_log_return,18,0.13448739493859962,0.07029984198272345,1.913054014711023
57,False,Coconut oil,roni,retrospective,24,market_adjusted_log_return,18,0.6372646871274203,0.116485343181552,5.47077142687549
57,False,Palm oil,roni,retrospective,24,market_adjusted_log_return,18,0.17014208271741763,0.0929370131804891,1.830724669265966
57,False,"Rubber, RSS3",roni,retrospective,24,market_adjusted_log_return,18,0.4498379887472727,0.061625137489145325,7.299585965654151
57,False,Coconut oil,roni,observable,6,seasonal_adjusted_log_return,18,0.07678393106942266,0.07249923170338433,1.0590999278939712
57,False,Palm oil,roni,observable,6,seasonal_adjusted_log_return,18,0.04952507301708686,0.05436499165539271,0.910973615723424
57,False,"Rubber, RSS3",roni,observable,6,seasonal_adjusted_log_return,18,0.014622613921622642,0.059910014357316486,0.24407628805445047
57,False,Coconut oil,roni,observable,6,market_adjusted_log_return,18,0.2399569747276113,0.061800034124543136,3.882796799821107
57,False,Palm oil,roni,observable,6,market_adjusted_log_return,18,0.13080784984352592,0.04945707646281852,2.644876308891132
57,False,"Rubber, RSS3",roni,observable,6,market_adjusted_log_return,18,0.1106137896200041,0.05500242441879059,2.011071162568879
57,False,Coconut oil,roni,observable,12,seasonal_adjusted_log_return,18,0.08654154497753681,0.1045788830644159,0.8275240893922257
57,False,Palm oil,roni,observable,12,seasonal_adjusted_log_return,18,0.05438240568845256,0.08240254298276911,0.6599602842332701
57,False,"Rubber, RSS3",roni,observable,12,seasonal_adjusted_log_return,18,0.05581527017887319,0.06480945865036052,0.8612210523156824
57,False,Coconut oil,roni,observable,12,market_adjusted_log_return,18,0.3678926738041341,0.09707598239542381,3.7897393848210665
57,False,Palm oil,roni,observable,12,market_adjusted_log_return,18,0.1836049124274712,0.06964588747663299,2.6362635193509854
57,False,"Rubber, RSS3",roni,observable,12,market_adjusted_log_return,18,0.22167290048858204,0.06161044321354315,3.5979760723398613
57,False,Coconut oil,roni,observable,18,seasonal_adjusted_log_return,18,0.12189077829205844,0.11934506493936983,1.0213306964471627
57,False,Palm oil,roni,observable,18,seasonal_adjusted_log_return,18,0.024784581050222312,0.07725491182676596,0.3208156020655165
57,False,"Rubber, RSS3",roni,observable,18,seasonal_adjusted_log_return,18,0.08818222360792094,0.08205027992418862,1.074733976403225
57,False,Coconut oil,roni,observable,18,market_adjusted_log_return,18,0.5289678764895975,0.1186455173807311,4.458389058156746
57,False,Palm oil,roni,observable,18,market_adjusted_log_return,18,0.2095109563947148,0.07177155964726643,2.9191361790713772
57,False,"Rubber, RSS3",roni,observable,18,market_adjusted_log_return,18,0.32822653457796835,0.07865491890321082,4.172994380451515
57,False,Coconut oil,roni,observable,24,seasonal_adjusted_log_return,18,0.1251372034121195,0.13131717594022746,0.9529385818430871
57,False,Palm oil,roni,observable,24,seasonal_adjusted_log_return,18,0.12273395458701558,0.08138767686410474,1.5080164383110217
57,False,"Rubber, RSS3",roni,observable,24,seasonal_adjusted_log_return,18,0.1303313258121439,0.09649071922388414,1.350713590492994
57,False,Coconut oil,roni,observable,24,market_adjusted_log_return,18,0.667378049609409,0.12613595945704922,5.2909420317737315
57,False,Palm oil,roni,observable,24,market_adjusted_log_return,18,0.3724223015742785,0.07585810036015928,4.909459896913988
57,False,"Rubber, RSS3",roni,observable,24,market_adjusted_log_return,18,0.4499642732731845,0.08884495501772952,5.064601284151605
57,False,Coconut oil,oni,retrospective,6,seasonal_adjusted_log_return,19,-0.05734954346007368,0.08696724036215406,-0.6594384646592828
57,False,Palm oil,oni,retrospective,6,seasonal_adjusted_log_return,19,-0.10057499139299877,0.06625728477416078,-1.5179461660074143
57,False,"Rubber, RSS3",oni,retrospective,6,seasonal_adjusted_log_return,19,-0.044028498738516705,0.06433402214671001,-0.6843734818586699
57,False,Coconut oil,oni,retrospective,6,market_adjusted_log_return,19,0.10498636532471214,0.07781442955502445,1.3491889091145206
57,False,Palm oil,oni,retrospective,6,market_adjusted_log_return,19,-0.02013115222341355,0.05381501497711487,-0.37408058386631377
57,False,"Rubber, RSS3",oni,retrospective,6,market_adjusted_log_return,19,0.05148352124025307,0.054417356235839306,0.946086410687221
57,False,Coconut oil,oni,retrospective,12,seasonal_adjusted_log_return,18,-0.010303080463432498,0.12651142003956425,-0.0814399242393326
57,False,Palm oil,oni,retrospective,12,seasonal_adjusted_log_return,18,-0.10060385759699002,0.09270152076357552,-1.0852449535705946
57,False,"Rubber, RSS3",oni,retrospective,12,seasonal_adjusted_log_return,18,0.015371762915308609,0.0688594160415229,0.2232340005038568
57,False,Coconut oil,oni,retrospective,12,market_adjusted_log_return,18,0.28105753144482576,0.11357556150789024,2.4746303492877764
57,False,Palm oil,oni,retrospective,12,market_adjusted_log_return,18,0.03864968780693715,0.08204079370227134,0.47110328975117066
57,False,"Rubber, RSS3",oni,retrospective,12,market_adjusted_log_return,18,0.18695857883335198,0.058606202225074684,3.190081795700485
57,False,Coconut oil,oni,retrospective,18,seasonal_adjusted_log_return,18,0.04592002931260413,0.14595581635742508,0.31461596021738863
57,False,Palm oil,oni,retrospective,18,seasonal_adjusted_log_return,18,-0.06912446607356434,0.11124424854931382,-0.6213756394149397
57,False,"Rubber, RSS3",oni,retrospective,18,seasonal_adjusted_log_return,18,0.05926822025641834,0.0624878256839409,0.9484762769022065
57,False,Coconut oil,oni,retrospective,18,market_adjusted_log_return,18,0.47700557549532846,0.12955444947447925,3.6818926515472024
57,False,Palm oil,oni,retrospective,18,market_adjusted_log_return,18,0.13966205983605365,0.09543600045557833,1.4634106539393463
57,False,"Rubber, RSS3",oni,retrospective,18,market_adjusted_log_return,18,0.3130543851816599,0.0520583712645475,6.01352630858919
57,False,Coconut oil,oni,retrospective,24,seasonal_adjusted_log_return,18,0.1571179442949066,0.11781187292932378,1.3336342118010707
57,False,Palm oil,oni,retrospective,24,seasonal_adjusted_log_return,18,-0.021602484592347076,0.10131786885265909,-0.21321495247558317
57,False,"Rubber, RSS3",oni,retrospective,24,seasonal_adjusted_log_return,18,0.12966405299075962,0.06903301479390392,1.8782904582375248
57,False,Coconut oil,oni,retrospective,24,market_adjusted_log_return,18,0.7004019293693023,0.10874428145446463,6.4408161974254
57,False,Palm oil,oni,retrospective,24,market_adjusted_log_return,18,0.22913124768841753,0.09118992380554677,2.5126816442682482
57,False,"Rubber, RSS3",oni,retrospective,24,market_adjusted_log_return,18,0.44989406787211106,0.059552208530680155,7.554616007907319
57,False,Coconut oil,oni,observable,6,seasonal_adjusted_log_return,18,0.04179919330676954,0.05582356326108678,0.7487732933004425
57,False,Palm oil,oni,observable,6,seasonal_adjusted_log_return,18,-0.008776095980106431,0.058785463155034405,-0.1492902413129128
57,False,"Rubber, RSS3",oni,observable,6,seasonal_adjusted_log_return,18,0.06012529593713331,0.04457908677272101,1.3487332354669364
57,False,Coconut oil,oni,observable,6,market_adjusted_log_return,18,0.1861660798160077,0.05183689422347182,3.5913818257211756
57,False,Palm oil,oni,observable,6,market_adjusted_log_return,18,0.053660024334659426,0.05529579985396525,0.9704177256929846
57,False,"Rubber, RSS3",oni,observable,6,market_adjusted_log_return,18,0.14535228291499547,0.04318818571998793,3.365556586641355
57,False,Coconut oil,oni,observable,12,seasonal_adjusted_log_return,18,0.09802230308280614,0.09628670744757999,1.0180252880302407
57,False,Palm oil,oni,observable,12,seasonal_adjusted_log_return,18,0.02270329554331925,0.0814120292051885,0.2788690536885959
57,False,"Rubber, RSS3",oni,observable,12,seasonal_adjusted_log_return,18,0.10402175327824305,0.054555331341078823,1.9067202181928133
57,False,Coconut oil,oni,observable,12,market_adjusted_log_return,18,0.3821141238665104,0.08746827160640218,4.368602658412903
57,False,Palm oil,oni,observable,12,market_adjusted_log_return,18,0.15467239636377594,0.07011965516068297,2.205835097296697
57,False,"Rubber, RSS3",oni,observable,12,market_adjusted_log_return,18,0.2714480892633033,0.05040681840496815,5.385146253082086
57,False,Coconut oil,oni,observable,18,seasonal_adjusted_log_return,18,0.20922021806510865,0.1036582177206199,2.018365959455332
57,False,Palm oil,oni,observable,18,seasonal_adjusted_log_return,18,0.07022527702453651,0.06900453700757941,1.0176907210727755
57,False,"Rubber, RSS3",oni,observable,18,seasonal_adjusted_log_return,18,0.17441758601258434,0.07574962372476853,2.3025538271492887
57,False,Coconut oil,oni,observable,18,market_adjusted_log_return,18,0.6055104777404843,0.10279951433291286,5.890207572183254
57,False,Palm oil,oni,observable,18,market_adjusted_log_return,18,0.2441415842161398,0.06731816937791155,3.6266818672025205
57,False,"Rubber, RSS3",oni,observable,18,market_adjusted_log_return,18,0.40828777195375443,0.07274740668338482,5.612403116041325
57,False,Coconut oil,oni,observable,24,seasonal_adjusted_log_return,18,0.18459725064886007,0.11935661369398885,1.5466026132589326
57,False,Palm oil,oni,observable,24,seasonal_adjusted_log_return,18,0.12260245880385384,0.0862570824119442,1.4213610682811226
57,False,"Rubber, RSS3",oni,observable,24,seasonal_adjusted_log_return,18,0.23204568575371307,0.09862980950967838,2.3526932365305115
57,False,Coconut oil,oni,observable,24,market_adjusted_log_return,18,0.7106005287735204,0.11277732956259431,6.300916430009268
57,False,Palm oil,oni,observable,24,market_adjusted_log_return,18,0.3560182698537668,0.07890604561330249,4.511926394062598
57,False,"Rubber, RSS3",oni,observable,24,market_adjusted_log_return,18,0.5423846426502958,0.09132008470535312,5.939379539564769
58,False,Coconut oil,roni,retrospective,6,seasonal_adjusted_log_return,18,0.02290784576913106,0.06784070533092501,0.3376711025834305
58,False,Palm oil,roni,retrospective,6,seasonal_adjusted_log_return,18,0.012187972971728396,0.03830430189227453,0.31818809819339244
58,False,"Rubber, RSS3",roni,retrospective,6,seasonal_adjusted_log_return,18,0.042359135428289604,0.05957874014216849,0.710977360837289
58,False,Coconut oil,roni,retrospective,6,market_adjusted_log_return,18,0.1682986307256388,0.06341844381791932,2.6537805186270567
58,False,Palm oil,roni,retrospective,6,market_adjusted_log_return,18,0.0756501967155833,0.028759754763783757,2.630418699218089
58,False,"Rubber, RSS3",roni,retrospective,6,market_adjusted_log_return,18,0.128172177070577,0.05540523030808822,2.3133587994826192
58,False,Coconut oil,roni,retrospective,12,seasonal_adjusted_log_return,18,0.05825707908365268,0.11504275794243624,0.5063950145632173
58,False,Palm oil,roni,retrospective,12,seasonal_adjusted_log_return,18,-0.017409851666501858,0.05868702726221371,-0.29665587913858066
58,False,"Rubber, RSS3",roni,retrospective,12,seasonal_adjusted_log_return,18,0.07472608885733738,0.09550775511257853,0.782408598854145
58,False,Coconut oil,roni,retrospective,12,market_adjusted_log_return,18,0.32937383341110216,0.10969711550460275,3.002575153375679
58,False,Palm oil,roni,retrospective,12,market_adjusted_log_return,18,0.1015562406828269,0.04766837181410468,2.1304742918191564
58,False,"Rubber, RSS3",roni,retrospective,12,market_adjusted_log_return,18,0.23472581115996333,0.08742589521966816,2.6848545338905168
58,False,Coconut oil,roni,retrospective,18,seasonal_adjusted_log_return,18,0.061503504203713755,0.14906842385470687,0.41258572817312156
58,False,Palm oil,roni,retrospective,18,seasonal_adjusted_log_return,18,0.08053952187029145,0.08125905776887915,0.9911451606953869
58,False,"Rubber, RSS3",roni,retrospective,18,seasonal_adjusted_log_return,18,0.11687519106156034,0.11426695768868608,1.0228257881861198
58,False,Coconut oil,roni,retrospective,18,market_adjusted_log_return,18,0.4677840065309138,0.13444602358326682,3.479344305346449
58,False,Palm oil,roni,retrospective,18,market_adjusted_log_return,18,0.2644675858623906,0.0676015088241945,3.9121550755644967
58,False,"Rubber, RSS3",roni,retrospective,18,market_adjusted_log_return,18,0.3564635498551795,0.10321422569306582,3.453628096917725
58,False,Coconut oil,roni,retrospective,24,seasonal_adjusted_log_return,18,0.08268457337988291,0.15780025226236483,0.5239825171027505
58,False,Palm oil,roni,retrospective,24,seasonal_adjusted_log_return,18,0.09241670619275025,0.10511282802095552,0.879214344554842
58,False,"Rubber, RSS3",roni,retrospective,24,seasonal_adjusted_log_return,18,0.12984429892851287,0.11683071407567455,1.1113883875126285
58,False,Coconut oil,roni,retrospective,24,market_adjusted_log_return,18,0.6247169663567436,0.14380638939042256,4.344153058878964
58,False,Palm oil,roni,retrospective,24,market_adjusted_log_return,18,0.3418961510522124,0.08987418090116475,3.804164306411848
58,False,"Rubber, RSS3",roni,retrospective,24,market_adjusted_log_return,18,0.44935793281653996,0.10472283597965684,4.290925934280762
58,False,Coconut oil,roni,observable,6,seasonal_adjusted_log_return,18,0.044156533069791,0.0891165783392507,0.4954917916809492
58,False,Palm oil,roni,observable,6,seasonal_adjusted_log_return,18,-0.037320806205999216,0.06763171012296883,-0.5518240798309263
58,False,"Rubber, RSS3",roni,observable,6,seasonal_adjusted_log_return,18,0.04630529518175597,0.05086085560612059,0.9104309125343065
58,False,Coconut oil,roni,observable,6,market_adjusted_log_return,18,0.1929106058764004,0.0842895168386728,2.2886666469523673
58,False,Palm oil,roni,observable,6,market_adjusted_log_return,18,0.029511948282585083,0.061908481326810434,0.4767028305345373
58,False,"Rubber, RSS3",roni,observable,6,market_adjusted_log_return,18,0.1340434013044252,0.04688988157949962,2.8586850038672167
58,False,Coconut oil,roni,observable,12,seasonal_adjusted_log_return,18,0.04740295818985206,0.1358156820898783,0.34902418822652864
58,False,Palm oil,roni,observable,12,seasonal_adjusted_log_return,18,0.0606285673307941,0.09508721023756636,0.6376101179045992
58,False,"Rubber, RSS3",roni,observable,12,seasonal_adjusted_log_return,18,0.08845439738597892,0.08035972112174004,1.100730517120336
58,False,Coconut oil,roni,observable,12,market_adjusted_log_return,18,0.33132077899621193,0.12311985027168236,2.691042738153946
58,False,Palm oil,roni,observable,12,market_adjusted_log_return,18,0.19242329346214887,0.08482903836467587,2.26836584702199
58,False,"Rubber, RSS3",roni,observable,12,market_adjusted_log_return,18,0.25578113999964136,0.07365458392914272,3.472711762864729
58,False,Coconut oil,roni,observable,18,seasonal_adjusted_log_return,18,0.0685840273660212,0.15376427185379993,0.4460335716429064
58,False,Palm oil,roni,observable,18,seasonal_adjusted_log_return,18,0.0725057516532529,0.11919395700388578,0.6083005672081948
58,False,"Rubber, RSS3",roni,observable,18,seasonal_adjusted_log_return,18,0.10142350525293148,0.09227683910719695,1.0991220140853433
58,False,Coconut oil,roni,observable,18,market_adjusted_log_return,18,0.4882537388220418,0.14194213162498762,3.4398084151082964
58,False,Palm oil,roni,observable,18,market_adjusted_log_return,18,0.26985185865197053,0.10625388944982474,2.539689229723681
58,False,"Rubber, RSS3",roni,observable,18,market_adjusted_log_return,18,0.3486755229610019,0.08467265819460328,4.117923428831542
58,False,Coconut oil,roni,observable,24,seasonal_adjusted_log_return,18,0.04101235079925433,0.15222303080970023,0.26942277118713676
58,False,Palm oil,roni,observable,24,seasonal_adjusted_log_return,18,0.05188600668702779,0.12665492036823223,0.40966435836978277
58,False,"Rubber, RSS3",roni,observable,24,seasonal_adjusted_log_return,18,0.09329540684729273,0.08822231052343237,1.0575035531688204
58,False,Coconut oil,roni,observable,24,market_adjusted_log_return,18,0.6061538072360467,0.14105770752406036,4.297204441186984
58,False,Palm oil,roni,observable,24,market_adjusted_log_return,18,0.32452428074728146,0.11125384223931267,2.916971443100484
58,False,"Rubber, RSS3",roni,observable,24,market_adjusted_log_return,18,0.42603610877835396,0.08124448028095124,5.243877581653302
58,False,Coconut oil,oni,retrospective,6,seasonal_adjusted_log_return,18,0.04628156966919396,0.0711789086750671,0.6502146567106007
58,False,Palm oil,oni,retrospective,6,seasonal_adjusted_log_return,18,0.008097655952231468,0.05015695603136438,0.16144631957265915
58,False,"Rubber, RSS3",oni,retrospective,6,seasonal_adjusted_log_return,18,0.044999281081558755,0.049466519423139975,0.909691678458956
58,False,Coconut oil,oni,retrospective,6,market_adjusted_log_return,18,0.20736113102016626,0.06507036115536066,3.18672168616177
58,False,Palm oil,oni,retrospective,6,market_adjusted_log_return,18,0.08728244212354225,0.04184405499612872,2.0858982747159027
58,False,"Rubber, RSS3",oni,retrospective,6,market_adjusted_log_return,18,0.13979219822772965,0.04547505069855419,3.074041613595697
58,False,Coconut oil,oni,retrospective,12,seasonal_adjusted_log_return,18,0.1574794846514965,0.09906562129043177,1.5896481806722047
58,False,Palm oil,oni,retrospective,12,seasonal_adjusted_log_return,18,0.05561963743344873,0.05791495942585294,0.9603673728660235
58,False,"Rubber, RSS3",oni,retrospective,12,seasonal_adjusted_log_return,18,0.11539511381590002,0.07545708112881765,1.5292814417099116
58,False,Coconut oil,oni,retrospective,12,market_adjusted_log_return,18,0.43075748489414,0.09789395759297734,4.400245893471176
58,False,Palm oil,oni,retrospective,12,market_adjusted_log_return,18,0.17675162997590613,0.056585579244002183,3.123616164000672
58,False,"Rubber, RSS3",oni,retrospective,12,market_adjusted_log_return,18,0.27663188091818075,0.07000127880576935,3.9518118188346776
58,False,Coconut oil,oni,retrospective,18,seasonal_adjusted_log_return,18,0.13285651723524786,0.12496873240674994,1.063118067028356
58,False,Palm oil,oni,retrospective,18,seasonal_adjusted_log_return,18,0.10799681921276606,0.07700282769535666,1.4025045890526222
58,False,"Rubber, RSS3",oni,retrospective,18,seasonal_adjusted_log_return,18,0.17302321355702877,0.10596926303335345,1.6327679234927803
58,False,Coconut oil,oni,retrospective,18,market_adjusted_log_return,18,0.5358475359271764,0.11499096861917164,4.6599097508414085
58,False,Palm oil,oni,retrospective,18,market_adjusted_log_return,18,0.288628315613533,0.06652029063612408,4.33895151168796
58,False,"Rubber, RSS3",oni,retrospective,18,market_adjusted_log_return,18,0.4107287516147221,0.09699450044882003,4.23455711111628
58,False,Coconut oil,oni,retrospective,24,seasonal_adjusted_log_return,18,0.12531537060028283,0.1384819252598298,0.9049222154093906
58,False,Palm oil,oni,retrospective,24,seasonal_adjusted_log_return,18,0.13642518735276865,0.09940998442637873,1.3723489460337128
58,False,"Rubber, RSS3",oni,retrospective,24,seasonal_adjusted_log_return,18,0.10768938779449291,0.1050352114425286,1.0252693960007553
58,False,Coconut oil,oni,retrospective,24,market_adjusted_log_return,18,0.6739326347601067,0.12632989421673993,5.33470433849856
58,False,Palm oil,oni,retrospective,24,market_adjusted_log_return,18,0.39250368402148594,0.08735851959028276,4.493021240084587
58,False,"Rubber, RSS3",oni,retrospective,24,market_adjusted_log_return,18,0.430972042410802,0.09601739381367551,4.488478860893846
58,False,Coconut oil,oni,observable,6,seasonal_adjusted_log_return,18,0.1254226049989792,0.07562984288183477,1.6583745280939086
58,False,Palm oil,oni,observable,6,seasonal_adjusted_log_return,18,0.023218699226910514,0.05453331509887575,0.4257709105857969
58,False,"Rubber, RSS3",oni,observable,6,seasonal_adjusted_log_return,18,0.07607963852389109,0.043402194065951985,1.7528984458316543
58,False,Coconut oil,oni,observable,6,market_adjusted_log_return,18,0.26400958545608333,0.07341505264295282,3.5961233555204135
58,False,Palm oil,oni,observable,6,market_adjusted_log_return,18,0.07986246636864175,0.05215267540219517,1.5313206034542235
58,False,"Rubber, RSS3",oni,observable,6,market_adjusted_log_return,18,0.15799834731183526,0.04209794188381473,3.7531133409773747
58,False,Coconut oil,oni,observable,12,seasonal_adjusted_log_return,18,0.10079963758273063,0.11664150593047862,0.8641832663135355
58,False,Palm oil,oni,observable,12,seasonal_adjusted_log_return,18,0.07559588100622783,0.0762585889339536,0.9913097273764174
58,False,"Rubber, RSS3",oni,observable,12,seasonal_adjusted_log_return,18,0.13370773826501983,0.07758831843706887,1.723297281838488
58,False,Coconut oil,oni,observable,12,market_adjusted_log_return,18,0.3690996364891196,0.10748522261339949,3.4339570362773415
58,False,Palm oil,oni,observable,12,market_adjusted_log_return,18,0.19173915200626868,0.06723282417707668,2.8518681812513083
58,False,"Rubber, RSS3",oni,observable,12,market_adjusted_log_return,18,0.2920952180083767,0.071636502139212,4.077463433945237
58,False,Coconut oil,oni,observable,18,seasonal_adjusted_log_return,18,0.0932584909477656,0.13643063469202826,0.6835597529710441
58,False,Palm oil,oni,observable,18,seasonal_adjusted_log_return,18,0.10402424914623037,0.10699437114665938,0.9722403901383018
58,False,"Rubber, RSS3",oni,observable,18,seasonal_adjusted_log_return,18,0.068373912502484,0.08409900564194553,0.8130168957477134
58,False,Coconut oil,oni,observable,18,market_adjusted_log_return,18,0.5071847353220499,0.12636257791070143,4.0137257699860305
58,False,Palm oil,oni,observable,18,market_adjusted_log_return,18,0.2956145204142216,0.09507553368244728,3.1092596482453145
58,False,"Rubber, RSS3",oni,observable,18,market_adjusted_log_return,18,0.31233850880445657,0.07804273935700173,4.002146918186497
58,False,Coconut oil,oni,observable,24,seasonal_adjusted_log_return,18,0.06833257064405401,0.14593303837271265,0.4682460627560757
58,False,Palm oil,oni,observable,24,seasonal_adjusted_log_return,18,0.08645318185339995,0.11576290701486315,0.7468124642231035
58,False,"Rubber, RSS3",oni,observable,24,seasonal_adjusted_log_return,18,0.08293237279436697,0.08710949490163465,0.952047453472385
58,False,Coconut oil,oni,observable,24,market_adjusted_log_return,18,0.630511439064515,0.1363531337573267,4.624106697735765
58,False,Palm oil,oni,observable,24,market_adjusted_log_return,18,0.356122487916249,0.10362863145235429,3.4365260153028725
58,False,"Rubber, RSS3",oni,observable,24,market_adjusted_log_return,18,0.4139773611218269,0.0819097791606099,5.054065160035336
59,False,Coconut oil,roni,retrospective,6,seasonal_adjusted_log_return,19,-0.0027353090594181505,0.07553526529627881,-0.03621234464046959
59,False,Palm oil,roni,retrospective,6,seasonal_adjusted_log_return,19,0.07075241157791971,0.04721625298553936,1.4984757812016263
59,False,"Rubber, RSS3",roni,retrospective,6,seasonal_adjusted_log_return,19,0.041785842794062465,0.04341792668956571,0.96240990715258
59,False,Coconut oil,roni,retrospective,6,market_adjusted_log_return,19,0.15107302429963188,0.06720837836505576,2.247830225556827
59,False,Palm oil,roni,retrospective,6,market_adjusted_log_return,19,0.14265031105055856,0.04165357782700063,3.424683268338355
59,False,"Rubber, RSS3",roni,retrospective,6,market_adjusted_log_return,19,0.1324168852034086,0.039796371748384234,3.327360746367157
59,False,Coconut oil,roni,retrospective,12,seasonal_adjusted_log_return,19,0.013982088332027498,0.1027486350839375,0.13608052623380582
59,False,Palm oil,roni,retrospective,12,seasonal_adjusted_log_return,19,0.08144070743404627,0.07465923670166073,1.090832307320317
59,False,"Rubber, RSS3",roni,retrospective,12,seasonal_adjusted_log_return,19,0.04122419688713083,0.06759415794425108,0.6098781039795018
59,False,Coconut oil,roni,retrospective,12,market_adjusted_log_return,19,0.30412674466947914,0.09588792066434812,3.1716898495907824
59,False,Palm oil,roni,retrospective,12,market_adjusted_log_return,19,0.21947567868723436,0.06534293274077252,3.358828100935336
59,False,"Rubber, RSS3",roni,retrospective,12,market_adjusted_log_return,19,0.21211502929635512,0.06225191329410427,3.4073656225509783
59,False,Coconut oil,roni,retrospective,18,seasonal_adjusted_log_return,19,-0.016283005879607182,0.11727983921625097,-0.138838917144004
59,False,Palm oil,roni,retrospective,18,seasonal_adjusted_log_return,19,0.06299886197951768,0.09118890559922503,0.6908610380345772
59,False,"Rubber, RSS3",roni,retrospective,18,seasonal_adjusted_log_return,19,0.039165150504280544,0.06614520525061907,0.5921086850647271
59,False,Coconut oil,roni,retrospective,18,market_adjusted_log_return,19,0.41916341420734726,0.10909329663639414,3.8422472061176305
59,False,Palm oil,roni,retrospective,18,market_adjusted_log_return,19,0.2761556530056498,0.07952779068220157,3.472442156845353
59,False,"Rubber, RSS3",roni,retrospective,18,market_adjusted_log_return,19,0.29544737399798615,0.06217682565303082,4.751728170342586
59,False,Coconut oil,roni,retrospective,24,seasonal_adjusted_log_return,19,0.061079247485077835,0.10132597189300493,0.6027995226098044
59,False,Palm oil,roni,retrospective,24,seasonal_adjusted_log_return,19,0.08467601013404791,0.09040165528523281,0.9366643770723058
59,False,"Rubber, RSS3",roni,retrospective,24,seasonal_adjusted_log_return,19,0.03051340350782782,0.07435334843048085,0.4103837171012863
59,False,Coconut oil,roni,retrospective,24,market_adjusted_log_return,19,0.6146056570671621,0.0918028954801661,6.694839567450755
59,False,Palm oil,roni,retrospective,24,market_adjusted_log_return,19,0.34567422414886634,0.07613894101251074,4.540045074859486
59,False,"Rubber, RSS3",roni,retrospective,24,market_adjusted_log_return,19,0.35660593402611696,0.07033815163142247,5.069879229905848
59,False,Coconut oil,roni,observable,6,seasonal_adjusted_log_return,19,-0.016557352864311953,0.06219362678400296,-0.26622266171765896
59,False,Palm oil,roni,observable,6,seasonal_adjusted_log_return,19,0.0010324046190046485,0.05157614357962123,0.020017096032216186
59,False,"Rubber, RSS3",roni,observable,6,seasonal_adjusted_log_return,19,0.007279664096938073,0.054921999899935035,0.13254550289867875
59,False,Coconut oil,roni,observable,6,market_adjusted_log_return,19,0.14711166017536548,0.06034091966605908,2.43800825359501
59,False,Palm oil,roni,observable,6,market_adjusted_log_return,19,0.08281221890499442,0.05037637841426654,1.6438700341654986
59,False,"Rubber, RSS3",roni,observable,6,market_adjusted_log_return,19,0.10355472065304397,0.05114353816592991,2.0247860114228198
59,False,Coconut oil,roni,observable,12,seasonal_adjusted_log_return,19,-0.04682244707594665,0.1012440033290416,-0.4624713122393466
59,False,Palm oil,roni,observable,12,seasonal_adjusted_log_return,19,-0.017409440835523957,0.07383235017439446,-0.23579692092155105
59,False,"Rubber, RSS3",roni,observable,12,seasonal_adjusted_log_return,19,0.005220617714087795,0.059503287035033756,0.08773662723899693
59,False,Coconut oil,roni,observable,12,market_adjusted_log_return,19,0.2621483297132336,0.09530284416448218,2.7506873694219927
59,False,Palm oil,roni,observable,12,market_adjusted_log_return,19,0.13949219322340992,0.06444829749452251,2.1644046258206497
59,False,"Rubber, RSS3",roni,observable,12,market_adjusted_log_return,19,0.18688706535467503,0.05706435870492305,3.275022616499709
59,False,Coconut oil,roni,observable,18,seasonal_adjusted_log_return,19,0.030539806288738397,0.10282967779843041,0.29699408714090664
59,False,Palm oil,roni,observable,18,seasonal_adjusted_log_return,19,0.004267707319006292,0.08050995381580704,0.05300844326367487
59,False,"Rubber, RSS3",roni,observable,18,seasonal_adjusted_log_return,19,-0.0034311292823649055,0.06511301611648473,-0.052694983077219835
59,False,Coconut oil,roni,observable,18,market_adjusted_log_return,19,0.45759057257304836,0.0948271199581166,4.825524309661178
59,False,Palm oil,roni,observable,18,market_adjusted_log_return,19,0.20901076436662638,0.07052413939739328,2.963676921867576
59,False,"Rubber, RSS3",roni,observable,18,market_adjusted_log_return,19,0.24804562538280575,0.06266370126310901,3.958362183895346
59,False,Coconut oil,roni,observable,24,seasonal_adjusted_log_return,18,0.03141254825107249,0.1189050553436939,0.26418177225749423
59,False,Palm oil,roni,observable,24,seasonal_adjusted_log_return,18,-0.004744592800580528,0.09690054436437825,-0.0489635309244423
59,False,"Rubber, RSS3",roni,observable,24,seasonal_adjusted_log_return,18,0.04795991427753507,0.08570786328793284,0.5595742611901928
59,False,Coconut oil,roni,observable,24,market_adjusted_log_return,18,0.5814996573747364,0.10938836310588293,5.31591881315448
59,False,Palm oil,roni,observable,24,market_adjusted_log_return,18,0.252806914166812,0.08794412053597986,2.8746312161184577
59,False,"Rubber, RSS3",roni,observable,24,market_adjusted_log_return,18,0.3720838725400579,0.08161375132877786,4.55908307708014
59,False,Coconut oil,oni,retrospective,6,seasonal_adjusted_log_return,19,-0.020902596427718478,0.06993852304218673,-0.2988710015381664
59,False,Palm oil,oni,retrospective,6,seasonal_adjusted_log_return,19,0.05100089182828759,0.05163469176566358,0.9877253080108933
59,False,"Rubber, RSS3",oni,retrospective,6,seasonal_adjusted_log_return,19,0.06503973734987784,0.04572596724830544,1.4223807885067352
59,False,Coconut oil,oni,retrospective,6,market_adjusted_log_return,19,0.1317198680262744,0.06114576933933385,2.1541943040291693
59,False,Palm oil,oni,retrospective,6,market_adjusted_log_return,19,0.1217103686080567,0.0444472913718887,2.7383078889939756
59,False,"Rubber, RSS3",oni,retrospective,6,market_adjusted_log_return,19,0.15499201712894664,0.040386617350704125,3.8377073222807163
59,False,Coconut oil,oni,retrospective,12,seasonal_adjusted_log_return,19,-0.030202266195614825,0.09316945842721512,-0.324164878764527
59,False,Palm oil,oni,retrospective,12,seasonal_adjusted_log_return,19,0.077182076929046,0.07336375134701002,1.052046487699018
59,False,"Rubber, RSS3",oni,retrospective,12,seasonal_adjusted_log_return,19,-0.0069921722589384745,0.0631204577242119,-0.11077505631357928
59,False,Coconut oil,oni,retrospective,12,market_adjusted_log_return,19,0.26787046033929157,0.0854483993862917,3.1348797901797263
59,False,Palm oil,oni,retrospective,12,market_adjusted_log_return,19,0.22316219160672163,0.06397136403007833,3.48847011456242
59,False,"Rubber, RSS3",oni,retrospective,12,market_adjusted_log_return,19,0.1684364954517254,0.057837710912258616,2.9122261720773865
59,False,Coconut oil,oni,retrospective,18,seasonal_adjusted_log_return,19,-0.057260326834156036,0.11290830776827311,-0.5071400675995784
59,False,Palm oil,oni,retrospective,18,seasonal_adjusted_log_return,19,0.062050071555478765,0.09058311991164034,0.6850070036890511
59,False,"Rubber, RSS3",oni,retrospective,18,seasonal_adjusted_log_return,19,0.009003883433372951,0.06979965479245837,0.12899610263324388
59,False,Coconut oil,oni,retrospective,18,market_adjusted_log_return,19,0.3892918109140265,0.10519953405909832,3.7005088890919673
59,False,Palm oil,oni,retrospective,18,market_adjusted_log_return,19,0.28633649658493354,0.08128600600344467,3.522580462039178
59,False,"Rubber, RSS3",oni,retrospective,18,market_adjusted_log_return,19,0.27164275064942106,0.06662053352850285,4.077462852098021
59,False,Coconut oil,oni,retrospective,24,seasonal_adjusted_log_return,19,0.019319146696413828,0.09967081924577788,0.1938295164282218
59,False,Palm oil,oni,retrospective,24,seasonal_adjusted_log_return,19,0.08034066371751607,0.08869826532302766,0.9057749148185222
59,False,"Rubber, RSS3",oni,retrospective,24,seasonal_adjusted_log_return,19,0.021662456008376248,0.0846363544047607,0.25594741362297807
59,False,Coconut oil,oni,retrospective,24,market_adjusted_log_return,19,0.58448465286183,0.09040567746551431,6.465132160364426
59,False,Palm oil,oni,retrospective,24,market_adjusted_log_return,19,0.353003039297872,0.07369986713727135,4.78973779749668
59,False,"Rubber, RSS3",oni,retrospective,24,market_adjusted_log_return,19,0.35441692342143016,0.07714606818462898,4.594102224020358
59,False,Coconut oil,oni,observable,6,seasonal_adjusted_log_return,19,-0.03767016183130805,0.05735999623974563,-0.6567322925521012
59,False,Palm oil,oni,observable,6,seasonal_adjusted_log_return,19,0.013599107080240732,0.050528599900959405,0.2691368275965731
59,False,"Rubber, RSS3",oni,observable,6,seasonal_adjusted_log_return,19,-0.0400508895965432,0.04035742715509461,-0.9924044325875042
59,False,Coconut oil,oni,observable,6,market_adjusted_log_return,19,0.12864300360871314,0.05689366013445669,2.261113159263991
59,False,Palm oil,oni,observable,6,market_adjusted_log_return,19,0.09802876799141286,0.05069757019407931,1.9335989400703288
59,False,"Rubber, RSS3",oni,observable,6,market_adjusted_log_return,19,0.057737615731562504,0.03850319645732674,1.499553830434659
59,False,Coconut oil,oni,observable,12,seasonal_adjusted_log_return,19,-0.06472822246984923,0.1024486328973809,-0.6318114809270823
59,False,Palm oil,oni,observable,12,seasonal_adjusted_log_return,19,-0.0015328982933265302,0.07746443127906785,-0.019788414734553717
59,False,"Rubber, RSS3",oni,observable,12,seasonal_adjusted_log_return,19,-0.024054833904231764,0.055322853237601104,-0.434808266322072
59,False,Coconut oil,oni,observable,12,market_adjusted_log_return,19,0.2500643541834481,0.09761299770209803,2.5617936142747246
59,False,Palm oil,oni,observable,12,market_adjusted_log_return,19,0.16120307296962477,0.07157969347147362,2.2520782801880594
59,False,"Rubber, RSS3",oni,observable,12,market_adjusted_log_return,19,0.16094387092925824,0.05403734274295752,2.9783824066780826
59,False,Coconut oil,oni,observable,18,seasonal_adjusted_log_return,19,0.011851251060720623,0.10716060061558949,0.11059336167061878
59,False,Palm oil,oni,observable,18,seasonal_adjusted_log_return,19,0.016757693868710795,0.07560917022866148,0.22163573304707934
59,False,"Rubber, RSS3",oni,observable,18,seasonal_adjusted_log_return,19,-0.011396261329228457,0.0698062424586803,-0.1632556190941538
59,False,Coconut oil,oni,observable,18,market_adjusted_log_return,19,0.4452571961312516,0.09935493910359747,4.481480237907263
59,False,Palm oil,oni,observable,18,market_adjusted_log_return,19,0.22786961568256334,0.06475103890538064,3.519165399269416
59,False,"Rubber, RSS3",oni,observable,18,market_adjusted_log_return,19,0.2437180437012672,0.06452924523943178,3.7768618367837163
59,False,Coconut oil,oni,observable,24,seasonal_adjusted_log_return,18,0.02688121591004429,0.12319392127141479,0.2182024537624784
59,False,Palm oil,oni,observable,24,seasonal_adjusted_log_return,18,-0.0015368739546088414,0.09394430851114613,-0.016359415263847488
59,False,"Rubber, RSS3",oni,observable,24,seasonal_adjusted_log_return,18,-0.010703258839867693,0.0902610343369795,-0.1185811675934077
59,False,Coconut oil,oni,observable,24,market_adjusted_log_return,18,0.580783998017921,0.11440053284425448,5.07675955328463
59,False,Palm oil,oni,observable,24,market_adjusted_log_return,18,0.25983852311030653,0.08231102432252677,3.1567888414577085
59,False,"Rubber, RSS3",oni,observable,24,market_adjusted_log_return,18,0.3156046981935123,0.08429678346052123,3.743970828273888
60,False,Coconut oil,roni,retrospective,6,seasonal_adjusted_log_return,19,0.0005038688342160781,0.06693311200776948,0.007527945722254628
60,False,Palm oil,roni,retrospective,6,seasonal_adjusted_log_return,19,0.022125858929210568,0.054472573967017,0.4061834666121656
60,False,"Rubber, RSS3",roni,retrospective,6,seasonal_adjusted_log_return,19,-0.006993418484993989,0.046856880935219176,-0.14925061902141049
60,False,Coconut oil,roni,retrospective,6,market_adjusted_log_return,19,0.1627655686035202,0.061097146639025185,2.6640453369315833
60,False,Palm oil,roni,retrospective,6,market_adjusted_log_return,19,0.1024953292730024,0.046048451884579886,2.225814877119131
60,False,"Rubber, RSS3",roni,retrospective,6,market_adjusted_log_return,19,0.08847612605123416,0.044373657319522176,1.993888522961778
60,False,Coconut oil,roni,retrospective,12,seasonal_adjusted_log_return,19,0.07786612219890111,0.08636157118390433,0.9016292910313961
60,False,Palm oil,roni,retrospective,12,seasonal_adjusted_log_return,19,0.04380300708374082,0.06941109034945894,0.6310664025476191
60,False,"Rubber, RSS3",roni,retrospective,12,seasonal_adjusted_log_return,19,-0.0156451654814467,0.06537791025498396,-0.239303541829773
60,False,Coconut oil,roni,retrospective,12,market_adjusted_log_return,19,0.358207811463335,0.08231397356423219,4.351725423433899
60,False,Palm oil,roni,retrospective,12,market_adjusted_log_return,19,0.1720139004162189,0.06351436695828351,2.708267572424965
60,False,"Rubber, RSS3",roni,retrospective,12,market_adjusted_log_return,19,0.14963468607936495,0.06179609531917542,2.421426229383996
60,False,Coconut oil,roni,retrospective,18,seasonal_adjusted_log_return,18,0.09921241694626823,0.11370962235219921,0.8725067843332733
60,False,Palm oil,roni,retrospective,18,seasonal_adjusted_log_return,18,0.03026665930100494,0.09181248566777786,0.3296573345211936
60,False,"Rubber, RSS3",roni,retrospective,18,seasonal_adjusted_log_return,18,0.021713718960089865,0.09515304509467463,0.22819783579690295
60,False,Coconut oil,roni,retrospective,18,market_adjusted_log_return,18,0.5040891355579169,0.10428952616161519,4.833554759628892
60,False,Palm oil,roni,retrospective,18,market_adjusted_log_return,18,0.21278791650668158,0.08392317858359852,2.535508307692574
60,False,"Rubber, RSS3",roni,retrospective,18,market_adjusted_log_return,18,0.2604985859654982,0.08894562834464023,2.9287396223245135
60,False,Coconut oil,roni,retrospective,24,seasonal_adjusted_log_return,18,0.089419834312807,0.13038871982286965,0.6857942499495507
60,False,Palm oil,roni,retrospective,24,seasonal_adjusted_log_return,18,-0.014620087178310155,0.0916923273996156,-0.1594472252252095
60,False,"Rubber, RSS3",roni,retrospective,24,seasonal_adjusted_log_return,18,-0.000578184802855927,0.10388783038309148,-0.005565471920280191
60,False,Coconut oil,roni,retrospective,24,market_adjusted_log_return,18,0.6564473980137717,0.13029547317355564,5.03814431940681
60,False,Palm oil,roni,retrospective,24,market_adjusted_log_return,18,0.259908355908528,0.08983885150909918,2.893050740772255
60,False,"Rubber, RSS3",roni,retrospective,24,market_adjusted_log_return,18,0.3332420792300155,0.09629996797336345,3.460458879095268
60,False,Coconut oil,roni,observable,6,seasonal_adjusted_log_return,20,0.06964076898686675,0.0579229570518897,1.202299960695718
60,False,Palm oil,roni,observable,6,seasonal_adjusted_log_return,20,0.01452630003313728,0.03871333188057005,0.37522732680180204
60,False,"Rubber, RSS3",roni,observable,6,seasonal_adjusted_log_return,20,-0.029184008661438287,0.03767019280699711,-0.7747241648313904
60,False,Coconut oil,roni,observable,6,market_adjusted_log_return,20,0.2078093186054959,0.060466845883453225,3.436748114926282
60,False,Palm oil,roni,observable,6,market_adjusted_log_return,20,0.07075073523883449,0.04079287711747395,1.7343894385063576
60,False,"Rubber, RSS3",roni,observable,6,market_adjusted_log_return,20,0.05249520045221536,0.035760083830223874,1.4679831485139647
60,False,Coconut oil,roni,observable,12,seasonal_adjusted_log_return,19,0.09320868173296024,0.0870534397488566,1.0707064764110539
60,False,Palm oil,roni,observable,12,seasonal_adjusted_log_return,19,0.00798088594577534,0.0634759944243416,0.12573077457318024
60,False,"Rubber, RSS3",roni,observable,12,seasonal_adjusted_log_return,19,0.0016862797641434251,0.06716167217258644,0.025107769202204564
60,False,Coconut oil,roni,observable,12,market_adjusted_log_return,19,0.35688684070705196,0.08410809190272076,4.243192689709648
60,False,Palm oil,roni,observable,12,market_adjusted_log_return,19,0.11949236380668446,0.06376923212601221,1.873824724289602
60,False,"Rubber, RSS3",roni,observable,12,market_adjusted_log_return,19,0.15742833030719938,0.06216810307482552,2.5323006899167995
60,False,Coconut oil,roni,observable,18,seasonal_adjusted_log_return,19,0.08264213261623186,0.12105970469022603,0.6826559905106403
60,False,Palm oil,roni,observable,18,seasonal_adjusted_log_return,19,-0.0366429908818055,0.08162865003728755,-0.44889865096466947
60,False,"Rubber, RSS3",roni,observable,18,seasonal_adjusted_log_return,19,-0.02141489827463043,0.08963079365955633,-0.23892344807266136
60,False,Coconut oil,roni,observable,18,market_adjusted_log_return,19,0.5073238683580799,0.12333698892400313,4.113314852129874
60,False,Palm oil,roni,observable,18,market_adjusted_log_return,19,0.1657259338778722,0.08253752978120095,2.007885798341624
60,False,"Rubber, RSS3",roni,observable,18,market_adjusted_log_return,19,0.2287058807043987,0.08256321925665783,2.770069805459482
60,False,Coconut oil,roni,observable,24,seasonal_adjusted_log_return,19,0.10161262971223989,0.12398647871227857,0.8195460566957535
60,False,Palm oil,roni,observable,24,seasonal_adjusted_log_return,19,-0.03156310207616134,0.08934482874835432,-0.35327284766598993
60,False,"Rubber, RSS3",roni,observable,24,seasonal_adjusted_log_return,19,-0.024304523930788833,0.08809289175054028,-0.2758965388446313
60,False,Coconut oil,roni,observable,24,market_adjusted_log_return,19,0.6627299387300783,0.1263889904015433,5.243573325687282
60,False,Palm oil,roni,observable,24,market_adjusted_log_return,19,0.23704235849877095,0.08990622086934295,2.6365512442487704
60,False,"Rubber, RSS3",roni,observable,24,market_adjusted_log_return,19,0.3061328535138434,0.07974877369454202,3.838715497825831
60,False,Coconut oil,oni,retrospective,6,seasonal_adjusted_log_return,20,-0.047886990766669114,0.07037216915994125,-0.6804819481666393
60,False,Palm oil,oni,retrospective,6,seasonal_adjusted_log_return,20,-0.007463917505153206,0.05509473268749171,-0.1354742484638238
60,False,"Rubber, RSS3",oni,retrospective,6,seasonal_adjusted_log_return,20,-0.00909731497810468,0.04814175712903436,-0.18896931729602526
60,False,Coconut oil,oni,retrospective,6,market_adjusted_log_return,20,0.12295436625524278,0.06480468258390357,1.8973068203220034
60,False,Palm oil,oni,retrospective,6,market_adjusted_log_return,20,0.08150368652151112,0.047596860740758654,1.712375254440195
60,False,"Rubber, RSS3",oni,retrospective,6,market_adjusted_log_return,20,0.0912830175034213,0.046717418737857945,1.9539396646811986
60,False,Coconut oil,oni,retrospective,12,seasonal_adjusted_log_return,20,0.02168207435069341,0.09218910579174582,0.23519128604710604
60,False,Palm oil,oni,retrospective,12,seasonal_adjusted_log_return,20,0.009376560221889527,0.06315771351236692,0.1484626295100677
60,False,"Rubber, RSS3",oni,retrospective,12,seasonal_adjusted_log_return,20,-0.009277431723693903,0.06634050356392797,-0.13984566328704234
60,False,Coconut oil,oni,retrospective,12,market_adjusted_log_return,20,0.3125489366137642,0.0856462189617689,3.649302215586202
60,False,Palm oil,oni,retrospective,12,market_adjusted_log_return,20,0.14813529268280518,0.052079791651561215,2.84439103892545
60,False,"Rubber, RSS3",oni,retrospective,12,market_adjusted_log_return,20,0.16202677385990458,0.06127770023821848,2.6441392746467596
60,False,Coconut oil,oni,retrospective,18,seasonal_adjusted_log_return,19,0.05278832529932092,0.11203665228529425,0.4711701414006801
60,False,Palm oil,oni,retrospective,18,seasonal_adjusted_log_return,19,-0.02133484937783336,0.08451425174807851,-0.252440847981813
60,False,"Rubber, RSS3",oni,retrospective,18,seasonal_adjusted_log_return,19,-0.0076119582077043045,0.08881539622994687,-0.08570539040322038
60,False,Coconut oil,oni,retrospective,18,market_adjusted_log_return,19,0.46747446815895843,0.10389398474198477,4.499533532378285
60,False,Palm oil,oni,retrospective,18,market_adjusted_log_return,19,0.17101695682915477,0.07491517257716912,2.282808020671547
60,False,"Rubber, RSS3",oni,retrospective,18,market_adjusted_log_return,19,0.23678758557662702,0.08319194096393497,2.846280334765578
60,False,Coconut oil,oni,retrospective,24,seasonal_adjusted_log_return,19,0.04890316012812077,0.11605393037634835,0.4213830584585455
60,False,Palm oil,oni,retrospective,24,seasonal_adjusted_log_return,19,-0.07212639868390806,0.0771704223695162,-0.9346378634361263
60,False,"Rubber, RSS3",oni,retrospective,24,seasonal_adjusted_log_return,19,-0.0011742815109616787,0.09812185177908928,-0.011967584077045818
60,False,Coconut oil,oni,retrospective,24,market_adjusted_log_return,19,0.6157839828558549,0.11487979192454167,5.360246328269206
60,False,Palm oil,oni,retrospective,24,market_adjusted_log_return,19,0.202254987420647,0.07676497188457689,2.6347301699628805
60,False,"Rubber, RSS3",oni,retrospective,24,market_adjusted_log_return,19,0.33256199154404126,0.09155197369209685,3.632493960889337
60,False,Coconut oil,oni,observable,6,seasonal_adjusted_log_return,20,0.07599429263294863,0.06094159498590186,1.2470020295748583
60,False,Palm oil,oni,observable,6,seasonal_adjusted_log_return,20,0.023827323805149604,0.03834775014891427,0.6213486765878551
60,False,"Rubber, RSS3",oni,observable,6,seasonal_adjusted_log_return,20,-0.0056429863353373464,0.03867746805103824,-0.14589854557932647
60,False,Coconut oil,oni,observable,6,market_adjusted_log_return,20,0.21963534889816044,0.05895145095755139,3.7256987797689862
60,False,Palm oil,oni,observable,6,market_adjusted_log_return,20,0.08553605078875257,0.03377394428627188,2.53260472225983
60,False,"Rubber, RSS3",oni,observable,6,market_adjusted_log_return,20,0.0791685529961035,0.035659811894247696,2.220105737822869
60,False,Coconut oil,oni,observable,12,seasonal_adjusted_log_return,19,0.10431765397321428,0.08836581618279064,1.1805204600546686
60,False,Palm oil,oni,observable,12,seasonal_adjusted_log_return,19,-0.0008649411581092676,0.06492085613601067,-0.01332300911585633
60,False,"Rubber, RSS3",oni,observable,12,seasonal_adjusted_log_return,19,-0.004722165520667185,0.06338467591778432,-0.07450011303666303
60,False,Coconut oil,oni,observable,12,market_adjusted_log_return,19,0.3710973706380067,0.0841021210490685,4.412461493349184
60,False,Palm oil,oni,observable,12,market_adjusted_log_return,19,0.1137547736480089,0.06159551212558157,1.846802952398293
60,False,"Rubber, RSS3",oni,observable,12,market_adjusted_log_return,19,0.15279514150067167,0.058635869171992094,2.605830588994757
60,False,Coconut oil,oni,observable,18,seasonal_adjusted_log_return,19,0.10043248880201415,0.11531639411992141,0.8709298410559995
60,False,Palm oil,oni,observable,18,seasonal_adjusted_log_return,19,-0.051656490464183955,0.0843930044555538,-0.6120944596940997
60,False,"Rubber, RSS3",oni,observable,18,seasonal_adjusted_log_return,19,0.0017155111760754173,0.08107394874640868,0.021159832506017034
60,False,Coconut oil,oni,observable,18,market_adjusted_log_return,19,0.519406885334903,0.11497525307996971,4.51755374674962
60,False,Palm oil,oni,observable,18,market_adjusted_log_return,19,0.14499280423950106,0.08465736722612333,1.7127015520364492
60,False,"Rubber, RSS3",oni,observable,18,market_adjusted_log_return,19,0.248569547468086,0.07432103134106041,3.344538456784814
60,False,Coconut oil,oni,observable,24,seasonal_adjusted_log_return,19,0.10655683129023495,0.11392547271217057,0.9353205104485081
60,False,Palm oil,oni,observable,24,seasonal_adjusted_log_return,19,-0.02327319410294906,0.08784230734534065,-0.2649428823795977
60,False,"Rubber, RSS3",oni,observable,24,seasonal_adjusted_log_return,19,0.02098465874886099,0.09172365960037114,0.22878130724710072
60,False,Coconut oil,oni,observable,24,market_adjusted_log_return,19,0.6607280699351518,0.11589031218994604,5.701322720161527
60,False,Palm oil,oni,observable,24,market_adjusted_log_return,19,0.2383712376244884,0.08984140985074346,2.6532446231699
60,False,"Rubber, RSS3",oni,observable,24,market_adjusted_log_return,19,0.3474462737999353,0.08086305481443859,4.296724562252089
