shift_years,is_observed_timing,cell,index_definition,lag_months,weighting,estimate,naive_standard_error,naive_t,observations
0,True,roni:lag0:exposure,roni,0,exposure,0.04724150938638612,0.032807770661467506,1.439948781459599,17992
0,True,roni:lag0:uniform,roni,0,uniform,-0.0005165898544631071,0.0017743300542815066,-0.2911464263464183,17992
0,True,roni:lag3:exposure,roni,3,exposure,0.056484430799434646,0.0328796685386588,1.7179136320374448,18013
0,True,roni:lag3:uniform,roni,3,uniform,-6.537264437237914e-05,0.0017782163641763074,-0.036763042838524655,18013
0,True,roni:lag6:exposure,roni,6,exposure,0.04244947975908688,0.032890912835448934,1.2906142183240346,18013
0,True,roni:lag6:uniform,roni,6,uniform,0.0015754910754567594,0.0017787827120797218,0.8857130580129838,18013
0,True,roni:lag9:exposure,roni,9,exposure,0.02499757431484995,0.03295948194912603,0.7584334715404348,18013
0,True,roni:lag9:uniform,roni,9,uniform,0.002964783971250094,0.0017825331505352162,1.6632419825459628,18013
0,True,roni:lag12:exposure,roni,12,exposure,-0.0009641602155602751,0.03299177732088561,-0.029224258098696266,18013
0,True,roni:lag12:uniform,roni,12,uniform,0.0032808645160471417,0.0017843419999542,1.8386971310047928,18013
0,True,oni:lag0:exposure,oni,0,exposure,0.05432549940629332,0.033811198535880785,1.6067309577518392,17992
0,True,oni:lag0:uniform,oni,0,uniform,-0.00044770371675492004,0.0018302523756533748,-0.2446131051162253,17992
0,True,oni:lag3:exposure,oni,3,exposure,0.0552537878892645,0.03396452518457357,1.6268087832524847,18013
0,True,oni:lag3:uniform,oni,3,uniform,0.0003661632301385165,0.0018387311955794165,0.1991390753682906,18013
0,True,oni:lag6:exposure,oni,6,exposure,0.03795170805427873,0.03399737285159929,1.116312963944019,18013
0,True,oni:lag6:uniform,oni,6,uniform,0.0014447204311507978,0.0018405034054524796,0.7849593903878812,18013
0,True,oni:lag9:exposure,oni,9,exposure,0.014487483605998358,0.03401665470342841,0.42589383736603054,18013
0,True,oni:lag9:uniform,oni,9,uniform,0.0025205785798049682,0.0018413948277594832,1.3688420005349324,18013
0,True,oni:lag12:exposure,oni,12,exposure,-0.015475643595423756,0.03402378697392256,-0.4548477689236951,18013
0,True,oni:lag12:uniform,oni,12,uniform,0.0027390276521861152,0.0018417627679827885,1.4871772303150999,18013
1,False,roni:lag0:exposure,roni,0,exposure,5.669567842005042e-06,0.03301118080169911,0.00017174689618231485,17992
1,False,roni:lag0:uniform,roni,0,uniform,0.003209798040383638,0.0017854161219864014,1.797787082157918,17992
1,False,roni:lag3:exposure,roni,3,exposure,-0.005677950739114239,0.03297956036979343,-0.1721657497992234,18013
1,False,roni:lag3:uniform,roni,3,uniform,0.0005225573307474035,0.001783754242592163,0.29295365822817604,18013
1,False,roni:lag6:exposure,roni,6,exposure,-0.02169931138770091,0.03300374851404642,-0.6574802064821716,18013
1,False,roni:lag6:uniform,roni,6,uniform,-0.0008013693223546106,0.0017850781432854172,-0.44892674607493593,18013
1,False,roni:lag9:exposure,roni,9,exposure,-0.045741292630361655,0.033068607178649435,-1.3832240463969183,18013
1,False,roni:lag9:uniform,roni,9,uniform,-0.0029603261188410903,0.0017886735356020117,-1.6550399275878687,18013
1,False,roni:lag12:exposure,roni,12,exposure,-0.05351784753770788,0.03295083952991246,-1.6241725036815795,18013
1,False,roni:lag12:uniform,roni,12,uniform,-0.0030303075131460425,0.0017823796560747748,-1.7001470493775173,18013
1,False,oni:lag0:exposure,oni,0,exposure,-0.014969304909876408,0.03403569609472708,-0.4398119218192074,17992
1,False,oni:lag0:uniform,oni,0,uniform,0.0027020476904939957,0.0018424091652009672,1.4665839388609752,17992
1,False,oni:lag3:exposure,oni,3,exposure,-0.017924962948731363,0.03400232738416562,-0.5271687066067939,18013
1,False,oni:lag3:uniform,oni,3,uniform,1.022585614897744e-05,0.0018406832825524865,0.005555467497263942,18013
1,False,oni:lag6:exposure,oni,6,exposure,-0.0389865926043634,0.033995517947534915,-1.1468156674221344,18013
1,False,oni:lag6:uniform,oni,6,uniform,-0.0012708583240152054,0.0018402977442798373,-0.6905721250625831,18013
1,False,oni:lag9:exposure,oni,9,exposure,-0.06122473585129363,0.0339889481532019,-1.8013130496221608,18013
1,False,oni:lag9:uniform,oni,9,uniform,-0.0035434688740463537,0.0018398797531687051,-1.9259241632197255,18013
1,False,oni:lag12:exposure,oni,12,exposure,-0.06107560725575712,0.03384807401524577,-1.8044042100666522,18013
1,False,oni:lag12:uniform,oni,12,uniform,-0.0036580769377203438,0.0018322078144510532,-1.9965404081721692,18013
2,False,roni:lag0:exposure,roni,0,exposure,-0.05260262370796905,0.03296965904648891,-1.5954858263410203,17992
2,False,roni:lag0:uniform,roni,0,uniform,-0.0031040366572889556,0.0017834180598002016,-1.7404986117706491,17992
2,False,roni:lag3:exposure,roni,3,exposure,-0.040625957363584334,0.0327169574478693,-1.2417400801500906,18013
2,False,roni:lag3:uniform,roni,3,uniform,-0.0012977266300941651,0.0017699170946965197,-0.733213230146625,18013
2,False,roni:lag6:exposure,roni,6,exposure,-0.02377430553158826,0.03262339192014192,-0.7287502657536302,18013
2,False,roni:lag6:uniform,roni,6,uniform,-0.0011808455102285229,0.001764689936444908,-0.6691518355952203,18013
2,False,roni:lag9:exposure,roni,9,exposure,-0.022093689213803912,0.03266880643044798,-0.6762931257020812,18013
2,False,roni:lag9:uniform,roni,9,uniform,-0.0009588058899718366,0.001766737463672198,-0.5426985670971962,18013
2,False,roni:lag12:exposure,roni,12,exposure,0.00628141944531222,0.03277953842275051,0.19162623232524303,18013
2,False,roni:lag12:uniform,roni,12,uniform,0.0017510171686691012,0.0017726041844930264,0.9878218634409355,18013
2,False,oni:lag0:exposure,oni,0,exposure,-0.06094961741994602,0.033857407944241885,-1.8001855759401597,17992
2,False,oni:lag0:uniform,oni,0,uniform,-0.003667644623273298,0.0018327127658113278,-2.0012108234809287,17992
2,False,oni:lag3:exposure,oni,3,exposure,-0.04522731052726886,0.03361179558335702,-1.345578531057808,18013
2,False,oni:lag3:uniform,oni,3,uniform,-0.0017268676258215565,0.0018196411694539772,-0.9490154733857448,18013
2,False,oni:lag6:exposure,oni,6,exposure,-0.026478147542810613,0.033568150402155376,-0.7887878011029907,18013
2,False,oni:lag6:uniform,oni,6,uniform,-0.001472439627926207,0.0018172239359243807,-0.8102686734517451,18013
2,False,oni:lag9:exposure,oni,9,exposure,-0.018506243601014633,0.033812534349808014,-0.547319032923059,18013
2,False,oni:lag9:uniform,oni,9,uniform,-0.0008116814636258063,0.001830403570779276,-0.44344399048579275,18013
2,False,oni:lag12:exposure,oni,12,exposure,0.02326902993339653,0.03407921586834506,0.6827924099923404,18013
2,False,oni:lag12:uniform,oni,12,uniform,0.0021000020267580724,0.0018450818915054419,1.1381619625807697,18013
3,False,roni:lag0:exposure,roni,0,exposure,0.00496361452916727,0.0328059650626274,0.15130219518589397,17992
3,False,roni:lag0:uniform,roni,0,uniform,0.0018474451291101235,0.001774016711787321,1.0413910516371763,17992
3,False,roni:lag3:exposure,roni,3,exposure,0.03936693232155853,0.03279266302480396,1.200479884533375,18013
3,False,roni:lag3:uniform,roni,3,uniform,0.0032883276971400685,0.0017737005076467246,1.853936266558829,18013
3,False,roni:lag6:exposure,roni,6,exposure,0.046770729899535145,0.03279622572701305,1.4261009876210178,18013
3,False,roni:lag6:uniform,roni,6,uniform,0.004202094277729833,0.001774134110596816,2.3685324872741753,18013
3,False,roni:lag9:exposure,roni,9,exposure,0.040260960498231475,0.032866174362883,1.224996863148748,18013
3,False,roni:lag9:uniform,roni,9,uniform,0.00474990680465846,0.0017778989379775207,2.671640498341147,18013
3,False,roni:lag12:exposure,roni,12,exposure,0.003672869979317237,0.03296889716779966,0.11140408975840681,18013
3,False,roni:lag12:uniform,roni,12,uniform,0.004929821109486644,0.0017835770771101175,2.764007887718708,18013
3,False,oni:lag0:exposure,oni,0,exposure,0.021104468328004073,0.03413815056269493,0.6182077230354228,17992
3,False,oni:lag0:uniform,oni,0,uniform,0.0022698855690765985,0.0018483051066141383,1.228090297945853,17992
3,False,oni:lag3:exposure,oni,3,exposure,0.06086715343549043,0.03414552604936774,1.7825806328913618,18013
3,False,oni:lag3:uniform,oni,3,uniform,0.0039828236904207726,0.0018493460595946872,2.153638941590883,18013
3,False,oni:lag6:exposure,oni,6,exposure,0.05907639987502371,0.034123126188249496,1.731271617644664,18013
3,False,oni:lag6:uniform,oni,6,uniform,0.005169687904798409,0.0018483045648475418,2.7969891992474913,18013
3,False,oni:lag9:exposure,oni,9,exposure,0.048021069430591715,0.034129200240756406,1.4070376420144155,18013
3,False,oni:lag9:uniform,oni,9,uniform,0.005275450368713455,0.0018485700433871508,2.8538006377335865,18013
3,False,oni:lag12:exposure,oni,12,exposure,0.015867104961497024,0.03415834870958427,0.4645161596188335,18013
3,False,oni:lag12:uniform,oni,12,uniform,0.005097291219760311,0.0018503768201897557,2.7547314493690993,18013
4,False,roni:lag0:exposure,roni,0,exposure,0.005280178930336246,0.03300608593095701,0.15997591902843197,17992
4,False,roni:lag0:uniform,roni,0,uniform,0.0048179521281267075,0.0017856561999641035,2.6981409569342416,17992
4,False,roni:lag3:exposure,roni,3,exposure,-0.008150254297633077,0.03288990545965979,-0.24780412663786908,18013
4,False,roni:lag3:uniform,roni,3,uniform,0.0021208778983830717,0.0017804219387681163,1.1912220649508052,18013
4,False,roni:lag6:exposure,roni,6,exposure,-0.004149879541259253,0.03290896298826869,-0.12610180219712766,18013
4,False,roni:lag6:uniform,roni,6,uniform,0.0017410332775496013,0.001782488268331865,0.9767431901130775,18013
4,False,roni:lag9:exposure,roni,9,exposure,-0.0013549727103462463,0.03303471858583352,-0.041016626396427294,18013
4,False,roni:lag9:uniform,roni,9,uniform,0.0021713875445044223,0.0017889809644084562,1.2137566512466569,18013
4,False,roni:lag12:exposure,roni,12,exposure,0.010864109402273964,0.03316254176105867,0.3276018310222293,18013
4,False,roni:lag12:uniform,roni,12,uniform,0.0018645301617400461,0.0017953810713751427,1.0385149935394717,18013
4,False,oni:lag0:exposure,oni,0,exposure,0.017322243313568395,0.03418912613568165,0.5066594344887321,17992
4,False,oni:lag0:uniform,oni,0,uniform,0.004996531622733655,0.001852087255159713,2.697784139928539,17992
4,False,oni:lag3:exposure,oni,3,exposure,0.0020078024102015792,0.0339771659811813,0.05909269805826734,18013
4,False,oni:lag3:uniform,oni,3,uniform,0.002486316498327794,0.0018416962449422389,1.3500144256447526,18013
4,False,oni:lag6:exposure,oni,6,exposure,-0.0019114566615573148,0.03388879646296031,-0.05640379302482736,18013
4,False,oni:lag6:uniform,oni,6,uniform,0.002071022096841073,0.0018375667846676437,1.1270458924929108,18013
4,False,oni:lag9:exposure,oni,9,exposure,0.005063501982614059,0.033910110428449096,0.14932130620152753,18013
4,False,oni:lag9:uniform,oni,9,uniform,0.0018868957402270398,0.0018376928028021272,1.0267742994639188,18013
4,False,oni:lag12:exposure,oni,12,exposure,0.019653126245972395,0.03395965300476431,0.5787198780628057,18013
4,False,oni:lag12:uniform,oni,12,uniform,0.0011025555214753114,0.0018393803664243434,0.5994168153586525,18013
5,False,roni:lag0:exposure,roni,0,exposure,0.012210114369353842,0.033190886593141594,0.3678755111011973,17992
5,False,roni:lag0:uniform,roni,0,uniform,0.0017662525981403207,0.0017969614146886646,0.9829106978606637,17992
5,False,roni:lag3:exposure,roni,3,exposure,-0.008647582655102756,0.03320385966055598,-0.2604390797788945,18013
5,False,roni:lag3:uniform,roni,3,uniform,-9.72286666169436e-05,0.001797668991158892,-0.05408596749185944,18013
5,False,roni:lag6:exposure,roni,6,exposure,-0.04001904968897577,0.033251203052545586,-1.2035368953639127,18013
5,False,roni:lag6:uniform,roni,6,uniform,-0.0005706501410138222,0.0018005494955330302,-0.31693110488189513,18013
5,False,roni:lag9:exposure,roni,9,exposure,-0.03491942234350742,0.03340787211394631,-1.0452453309329481,18013
5,False,roni:lag9:uniform,roni,9,uniform,0.0007395235171378322,0.0018092194177709857,0.40875280790925184,18013
5,False,roni:lag12:exposure,roni,12,exposure,-0.04774957460347602,0.03357560303272498,-1.4221509158580463,18013
5,False,roni:lag12:uniform,roni,12,uniform,0.0010108501615479744,0.001818602176423462,0.5558390805052009,18013
5,False,oni:lag0:exposure,oni,0,exposure,0.02051470602965475,0.03397638600418927,0.6037930587180549,17992
5,False,oni:lag0:uniform,oni,0,uniform,0.0010395411237588592,0.0018403002511973548,0.5648758256064479,17992
5,False,oni:lag3:exposure,oni,3,exposure,-0.006961517108949516,0.03395574675365797,-0.20501734682655942,18013
5,False,oni:lag3:uniform,oni,3,uniform,-0.000782428906314854,0.0018390380521536335,-0.425455528447918,18013
5,False,oni:lag6:exposure,oni,6,exposure,-0.045182469866335534,0.033934733035051366,-1.3314520500180838,18013
5,False,oni:lag6:uniform,oni,6,uniform,-0.0010498446645132143,0.001838068691951936,-0.5711672632856459,18013
5,False,oni:lag9:exposure,oni,9,exposure,-0.03599065193988916,0.03400252930155349,-1.0584698456018928,18013
5,False,oni:lag9:uniform,oni,9,uniform,0.00011220784655889446,0.0018416901416831058,0.06092656089061139,18013
5,False,oni:lag12:exposure,oni,12,exposure,-0.044853318479599176,0.03409432484949295,-1.315565528210371,18013
5,False,oni:lag12:uniform,oni,12,uniform,0.0003282922224247342,0.0018467683431420035,0.1777657840215051,18013
6,False,roni:lag0:exposure,roni,0,exposure,-0.04626580974981711,0.03361055110773181,-1.3765263652333886,17992
6,False,roni:lag0:uniform,roni,0,uniform,0.0008955673319778265,0.0018205412385161853,0.4919236724940931,17992
6,False,roni:lag3:exposure,roni,3,exposure,-0.04238981045901204,0.03360892038110806,-1.2612666511846602,18013
6,False,roni:lag3:uniform,roni,3,uniform,-0.000952876152162454,0.0018206060091237144,-0.5233840531049813,18013
6,False,roni:lag6:exposure,roni,6,exposure,-0.035551610319645176,0.03357590298461138,-1.058843014168206,18013
6,False,roni:lag6:uniform,roni,6,uniform,-0.0020217529448119955,0.0018189173768881715,-1.1115144483752406,18013
6,False,roni:lag9:exposure,roni,9,exposure,-0.01865986876647487,0.033522334788213176,-0.5566398905196749,18013
6,False,roni:lag9:uniform,roni,9,uniform,-0.003208543818625755,0.001815862618369194,-1.7669529545728038,18013
6,False,roni:lag12:exposure,roni,12,exposure,0.006126658660140468,0.033489174421129315,0.1829444519323527,18013
6,False,roni:lag12:uniform,roni,12,uniform,-0.0023376211265832224,0.001814029655851207,-1.2886344603260236,18013
6,False,oni:lag0:exposure,oni,0,exposure,-0.04404968470288731,0.03411051712577637,-1.2913813220849761,17992
6,False,oni:lag0:uniform,oni,0,uniform,0.000267537537464912,0.0018476510345978561,0.14479873767025597,17992
6,False,oni:lag3:exposure,oni,3,exposure,-0.04002723955468186,0.034078778769376775,-1.174550292003139,18013
6,False,oni:lag3:uniform,oni,3,uniform,-0.0009578623174683004,0.0018460966862835668,-0.5188581533053949,18013
6,False,oni:lag6:exposure,oni,6,exposure,-0.03271052267477157,0.03404416023523703,-0.9608262459332132,18013
6,False,oni:lag6:uniform,oni,6,uniform,-0.0017088014146726211,0.0018443315927146398,-0.9265152868511383,18013
6,False,oni:lag9:exposure,oni,9,exposure,-0.011101889039362505,0.03404324188840928,-0.32611139314385834,18013
6,False,oni:lag9:uniform,oni,9,uniform,-0.003010552169481068,0.0018441943473501028,-1.6324484313743226,18013
6,False,oni:lag12:exposure,oni,12,exposure,0.017121128615198024,0.03404642095057266,0.502876018599836,18013
6,False,oni:lag12:uniform,oni,12,uniform,-0.002310038907767235,0.0018443918799719542,-1.2524664269300305,18013
7,False,roni:lag0:exposure,roni,0,exposure,0.006419497541454659,0.033499300299146224,0.19163079479657874,17992
7,False,roni:lag0:uniform,roni,0,uniform,-0.00236144651337035,0.0018145827508612804,-1.30137163061288,17992
7,False,roni:lag3:exposure,roni,3,exposure,0.023760287493590417,0.03348021329889178,0.7096814850452849,18013
7,False,roni:lag3:uniform,roni,3,uniform,-0.001052161632550141,0.0018138719071664872,-0.5800639110143998,18013
7,False,roni:lag6:exposure,roni,6,exposure,0.047506972642685746,0.03349222389468809,1.4184478400737197,18013
7,False,roni:lag6:uniform,roni,6,uniform,-0.00023722143985793742,0.0018147395059036448,-0.13071927904044478,18013
7,False,roni:lag9:exposure,roni,9,exposure,0.08301573595147564,0.03351386665490766,2.4770563422683756,18013
7,False,roni:lag9:uniform,roni,9,uniform,0.001421358813004851,0.0018160020159094558,0.7826857021923694,18013
7,False,roni:lag12:exposure,roni,12,exposure,0.10919131050983454,0.03353092393533272,3.2564360803304857,18013
7,False,roni:lag12:uniform,roni,12,uniform,0.002426328247330361,0.001817169667646113,1.3352238321660557,18013
7,False,oni:lag0:exposure,oni,0,exposure,0.016807117879491094,0.034056671434604814,0.49350441988330856,17992
7,False,oni:lag0:uniform,oni,0,uniform,-0.002287324099271121,0.0018449465455276693,-1.2397779788340308,17992
7,False,oni:lag3:exposure,oni,3,exposure,0.02989396786283261,0.03405649674926331,0.8777757760266185,18013
7,False,oni:lag3:uniform,oni,3,uniform,-0.0006603663235836833,0.0018451403096288127,-0.3578949092042379,18013
7,False,oni:lag6:exposure,oni,6,exposure,0.05707403149250366,0.03411180255783907,1.6731461609432818,18013
7,False,oni:lag6:uniform,oni,6,uniform,0.0001387057657494121,0.0018483600319259101,0.07504261256119392,18013
7,False,oni:lag9:exposure,oni,9,exposure,0.09014411239056873,0.03418985636712407,2.636574761315715,18013
7,False,oni:lag9:uniform,oni,9,uniform,0.0013460162272558689,0.0018527895287526782,0.726480912358148,18013
7,False,oni:lag12:exposure,oni,12,exposure,0.10724030052670241,0.03424544926484116,3.131519744341711,18013
7,False,oni:lag12:uniform,oni,12,uniform,0.001969580861723084,0.0018560072609634848,1.06119243342865,18013
8,False,roni:lag0:exposure,roni,0,exposure,0.10898732255134379,0.03354042575339778,3.2494316963255283,17992
8,False,roni:lag0:uniform,roni,0,uniform,0.002439670351615766,0.0018176782854541738,1.3421904036258971,17992
8,False,roni:lag3:exposure,roni,3,exposure,0.08333961364604277,0.03348602866944557,2.48878762150993,18013
8,False,roni:lag3:uniform,roni,3,uniform,-0.0009116714671150768,0.0018145704995733982,-0.5024172206753107,18013
8,False,roni:lag6:exposure,roni,6,exposure,0.02786071906157447,0.033461534569788266,0.8326192871838383,18013
8,False,roni:lag6:uniform,roni,6,uniform,-0.0013465789544069772,0.0018129878697460717,-0.7427401897595597,18013
8,False,roni:lag9:exposure,roni,9,exposure,-0.007426497736541361,0.033555432795922366,-0.22132027864780882,18013
8,False,roni:lag9:uniform,roni,9,uniform,0.0013698921987122983,0.0018181201158116668,0.7534662791521531,18013
8,False,roni:lag12:exposure,roni,12,exposure,-0.03695047070426229,0.033613728612583334,-1.0992672407794073,18013
8,False,roni:lag12:uniform,roni,12,uniform,0.0022924727190920735,0.0018214998480214197,1.2585632228200523,18013
8,False,oni:lag0:exposure,oni,0,exposure,0.10673246612059532,0.03425749762546356,3.1155943521473444,17992
8,False,oni:lag0:uniform,oni,0,uniform,0.00200816324609617,0.0018566561883384953,1.0816021074387805,17992
8,False,oni:lag3:exposure,oni,3,exposure,0.07847968484136059,0.034198658763516326,2.2948176238152347,18013
8,False,oni:lag3:uniform,oni,3,uniform,-0.001174457534963135,0.0018532362755748412,-0.6337332969584998,18013
8,False,oni:lag6:exposure,oni,6,exposure,0.022851272807036225,0.03412517024743845,0.6696310272254692,18013
8,False,oni:lag6:uniform,oni,6,uniform,-0.0016579647521809408,0.001848938108231216,-0.896711871965812,18013
8,False,oni:lag9:exposure,oni,9,exposure,-0.010348597571758938,0.03415813908165735,-0.3029613980732356,18013
8,False,oni:lag9:uniform,oni,9,uniform,0.0008128157576060271,0.0018506689855203133,0.43920104781866487,18013
8,False,oni:lag12:exposure,oni,12,exposure,-0.042185217275624944,0.0341756616409911,-1.2343643180568886,18013
8,False,oni:lag12:uniform,oni,12,uniform,0.0012752320506405556,0.0018516521517284773,0.6886995753765922,18013
9,False,roni:lag0:exposure,roni,0,exposure,-0.03604636260986193,0.03363219186263708,-1.0717815465933642,17992
9,False,roni:lag0:uniform,roni,0,uniform,0.002223728099156604,0.0018225201078905272,1.2201391301687496,17992
9,False,roni:lag3:exposure,roni,3,exposure,-0.06287061423392706,0.03360419632092472,-1.8709155735642062,18013
9,False,roni:lag3:uniform,roni,3,uniform,0.0007176433204920009,0.0018211148282638915,0.39406813307656496,18013
9,False,roni:lag6:exposure,roni,6,exposure,-0.07450650660405628,0.0335913511024305,-2.2180264907137173,18013
9,False,roni:lag6:uniform,roni,6,uniform,-0.003188629675872851,0.0018203116280442345,-1.751694394931023,18013
9,False,roni:lag9:exposure,roni,9,exposure,-0.04976008352191228,0.03357908798664579,-1.4818771594303446,18013
9,False,roni:lag9:uniform,roni,9,uniform,-0.006809406715978192,0.0018191825201067727,-3.743113536281412,18013
9,False,roni:lag12:exposure,roni,12,exposure,-0.004786464320039152,0.03356518661878914,-0.14260204700782989,18013
9,False,roni:lag12:uniform,roni,12,uniform,-0.005444001456768489,0.0018184860204679405,-2.9936999215246183,18013
9,False,oni:lag0:exposure,oni,0,exposure,-0.04201025119778677,0.034185280050065145,-1.2288988458266767,17992
9,False,oni:lag0:uniform,oni,0,uniform,0.0012618361119211413,0.0018521735057819059,0.68127316797378,17992
9,False,oni:lag3:exposure,oni,3,exposure,-0.06363103126435289,0.03412462693678166,-1.8646659898211924,18013
9,False,oni:lag3:uniform,oni,3,uniform,-0.0005019297414499501,0.0018488843752212298,-0.27147708541259713,18013
9,False,oni:lag6:exposure,oni,6,exposure,-0.06440285938574884,0.03409276371849219,-1.8890477732321893,18013
9,False,oni:lag6:uniform,oni,6,uniform,-0.0042185025547380834,0.0018470364948945468,-2.283930266888923,18013
9,False,oni:lag9:exposure,oni,9,exposure,-0.03832574474739529,0.0340118262999695,-1.12683583672864,18013
9,False,oni:lag9:uniform,oni,9,uniform,-0.007530356152508315,0.0018421762455023182,-4.087750111257658,18013
9,False,oni:lag12:exposure,oni,12,exposure,0.008716544164725623,0.03391261591699297,0.2570295428126477,18013
9,False,oni:lag12:uniform,oni,12,uniform,-0.0060386394747212685,0.0018365642259741118,-3.288008875114825,18013
10,False,roni:lag0:exposure,roni,0,exposure,-0.003251325305195408,0.03359891850028197,-0.09676874882648744,17992
10,False,roni:lag0:uniform,roni,0,uniform,-0.0055678025229722065,0.0018203568486514742,-3.058632447312103,17992
10,False,roni:lag3:exposure,roni,3,exposure,0.04580203636807692,0.03348351536400138,1.3678980797016123,18013
10,False,roni:lag3:uniform,roni,3,uniform,-0.002267324515513514,0.0018146128120076143,-1.2494811568122006,18013
10,False,roni:lag6:exposure,roni,6,exposure,0.09369541595864098,0.03352631102142476,2.794683134054491,18013
10,False,roni:lag6:uniform,roni,6,uniform,0.001098044220961258,0.0018171521555522695,0.6042665263919741,18013
10,False,roni:lag9:exposure,roni,9,exposure,0.08953934269303548,0.033829228045176234,2.64680419468818,18013
10,False,roni:lag9:uniform,roni,9,uniform,0.00266396210270475,0.001833288956694442,1.4531054108939128,18013
10,False,roni:lag12:exposure,roni,12,exposure,0.0270297008635842,0.03411621043877575,0.7922832142242511,18013
10,False,roni:lag12:uniform,roni,12,uniform,0.0018015731470188844,0.0018487717470904266,0.9744702935092865,18013
10,False,oni:lag0:exposure,oni,0,exposure,0.009360576778972686,0.033925841345255565,0.27591288551143733,17992
10,False,oni:lag0:uniform,oni,0,uniform,-0.006087719108796572,0.0018372862731140256,-3.313429811065026,17992
10,False,oni:lag3:exposure,oni,3,exposure,0.05676152751053793,0.03369648291905526,1.6844941250067216,18013
10,False,oni:lag3:uniform,oni,3,uniform,-0.0022976856079307694,0.0018250404898302694,-1.2589778806192164,18013
10,False,oni:lag6:exposure,oni,6,exposure,0.0979875300360547,0.0338050825507911,2.8986034833321717,18013
10,False,oni:lag6:uniform,oni,6,uniform,0.0008647292733216996,0.0018310223331362194,0.47226582531113664,18013
10,False,oni:lag9:exposure,oni,9,exposure,0.09070550431759747,0.03438973723516459,2.637574800218253,18013
10,False,oni:lag9:uniform,oni,9,uniform,0.0028255351658051583,0.0018625104033560761,1.5170573870158246,18013
10,False,oni:lag12:exposure,oni,12,exposure,0.0211044274816921,0.034903554748097164,0.6046498024056605,18013
10,False,oni:lag12:uniform,oni,12,uniform,0.001985538188560923,0.0018902624843933809,1.0504034254259234,18013
11,False,roni:lag0:exposure,roni,0,exposure,0.024447913267241137,0.03419848952784685,0.7148828385339623,17992
11,False,roni:lag0:uniform,roni,0,uniform,0.0020085172883660767,0.0018532988445294346,1.0837525174608593,17992
11,False,roni:lag3:exposure,roni,3,exposure,-0.007236354843128378,0.03423521352223673,-0.21137168717899668,18013
11,False,roni:lag3:uniform,roni,3,uniform,0.0026541552280701436,0.0018555540064424073,1.4303842512020806,18013
11,False,roni:lag6:exposure,roni,6,exposure,-0.00287176798335532,0.03424609820863661,-0.08385679343263348,18013
11,False,roni:lag6:uniform,roni,6,uniform,0.0025265485220272335,0.0018561555965545995,1.3611728061575328,18013
11,False,roni:lag9:exposure,roni,9,exposure,-0.05703607348247629,0.034157596961978204,-1.6697917463563017,18013
11,False,roni:lag9:uniform,roni,9,uniform,0.0034949178336149142,0.0018512721789886106,1.887846570202477,18013
11,False,roni:lag12:exposure,roni,12,exposure,-0.06321895460924691,0.034102430171990245,-1.8537961749474174,18013
11,False,roni:lag12:uniform,roni,12,uniform,0.002650616031319316,0.0018482545777911172,1.4341184721896458,18013
11,False,oni:lag0:exposure,oni,0,exposure,0.017934783586507484,0.03501998732537034,0.512129927971578,17992
11,False,oni:lag0:uniform,oni,0,uniform,0.0022418604747363995,0.0018966878071818235,1.1819870757051196,17992
11,False,oni:lag3:exposure,oni,3,exposure,-0.01788461622379699,0.03513274180200656,-0.5090583685323282,18013
11,False,oni:lag3:uniform,oni,3,uniform,0.0031383262679528117,0.0019029560497820684,1.649184839719352,18013
11,False,oni:lag6:exposure,oni,6,exposure,-0.017386876516915655,0.035220002981742216,-0.4936648224001821,18013
11,False,oni:lag6:uniform,oni,6,uniform,0.0030845631476302455,0.0019077617074466883,1.6168492823763434,18013
11,False,oni:lag9:exposure,oni,9,exposure,-0.07204481772419961,0.0352622669021239,-2.0431136184231042,18013
11,False,oni:lag9:uniform,oni,9,uniform,0.004296175590749527,0.0019101733221353037,2.2491024981686008,18013
11,False,oni:lag12:exposure,oni,12,exposure,-0.07231725729009032,0.035292935806893036,-2.0490575702111498,18013
11,False,oni:lag12:uniform,oni,12,uniform,0.0027126704725585235,0.0019118479252518618,1.4188735603545264,18013
12,False,roni:lag0:exposure,roni,0,exposure,-0.06299792974432653,0.03411227455318269,-1.846781856956202,17992
12,False,roni:lag0:uniform,roni,0,uniform,0.002633469942339858,0.0018487886629986662,1.4244299497534065,17992
12,False,roni:lag3:exposure,roni,3,exposure,-0.03893929740890188,0.03407763577744308,-1.1426642876052122,18013
12,False,roni:lag3:uniform,roni,3,uniform,0.0014924207618835401,0.0018467834991083617,0.8081189606708583,18013
12,False,roni:lag6:exposure,roni,6,exposure,0.0008370352760362166,0.03408040775876828,0.02456060038838187,18013
12,False,roni:lag6:uniform,roni,6,uniform,-0.00016469872873165162,0.0018465662603766892,-0.0891918867282098,18013
12,False,roni:lag9:exposure,roni,9,exposure,-0.019194602539148505,0.03399216796991273,-0.5646772090599841,18013
12,False,roni:lag9:uniform,roni,9,uniform,-0.001364936826454383,0.0018411196951465553,-0.7413623514280707,18013
12,False,roni:lag12:exposure,roni,12,exposure,-0.03777549587118544,0.03386052149729038,-1.1156206165994327,18013
12,False,roni:lag12:uniform,roni,12,uniform,-0.0025945854582739855,0.0018336926566226274,-1.414951109120327,18013
12,False,oni:lag0:exposure,oni,0,exposure,-0.07249173923236019,0.03530274542953504,-2.0534306425843023,17992
12,False,oni:lag0:uniform,oni,0,uniform,0.0027252981340266593,0.0019123805388698066,1.4250815037248168,17992
12,False,oni:lag3:exposure,oni,3,exposure,-0.04588816614399337,0.03529865539680565,-1.2999975672769115,18013
12,False,oni:lag3:uniform,oni,3,uniform,0.0015954674951305268,0.0019119864062497915,0.8344554594715496,18013
12,False,oni:lag6:exposure,oni,6,exposure,-0.010099745793618702,0.035231990456337244,-0.2866640704315371,18013
12,False,oni:lag6:uniform,oni,6,uniform,-0.00042043577877256833,0.0019079486392738984,-0.2203601135366894,18013
12,False,oni:lag9:exposure,oni,9,exposure,-0.022439913327184462,0.034891305658221725,-0.6431376786811863,18013
12,False,oni:lag9:uniform,oni,9,uniform,-0.0022867459721861425,0.001888632441488567,-1.2107946056373964,18013
12,False,oni:lag12:exposure,oni,12,exposure,-0.03904009802930685,0.03458290200047721,-1.128884384218772,18013
12,False,oni:lag12:uniform,oni,12,uniform,-0.003325424256920742,0.0018715068754821896,-1.7768699118799411,18013
13,False,roni:lag0:exposure,roni,0,exposure,-0.037037971465651506,0.03387559657748852,-1.0933525961949992,17992
13,False,roni:lag0:uniform,roni,0,uniform,-0.002651905157027874,0.0018345184937408352,-1.44555923860995,17992
13,False,roni:lag3:exposure,roni,3,exposure,-0.021294848468764498,0.03384660865065043,-0.6291575232414097,18013
13,False,roni:lag3:uniform,roni,3,uniform,-0.0031515675863420098,0.0018333690124418976,-1.7190034111814618,18013
13,False,roni:lag6:exposure,roni,6,exposure,-0.010219449564119798,0.03384495671380977,-0.3019489624564936,18013
13,False,roni:lag6:uniform,roni,6,uniform,-0.0035624383190535477,0.0018337716924073147,-1.9426836687488052,18013
13,False,roni:lag9:exposure,roni,9,exposure,0.008314580151693136,0.03378650847217705,0.24609172500141985,18013
13,False,roni:lag9:uniform,roni,9,uniform,-0.0026538333123205153,0.0018308916864956354,-1.4494758657187456,18013
13,False,roni:lag12:exposure,roni,12,exposure,0.05622539556232411,0.03366060663688759,1.67036192094971,18013
13,False,roni:lag12:uniform,roni,12,uniform,-0.0036236404502589243,0.0018242086648333632,-1.9864177383402215,18013
13,False,oni:lag0:exposure,oni,0,exposure,-0.038428605567301814,0.03459615733895145,-1.1107767024760131,17992
13,False,oni:lag0:uniform,oni,0,uniform,-0.003372500455953454,0.0018722290301217343,-1.80132900499581,17992
13,False,oni:lag3:exposure,oni,3,exposure,-0.017195052508611294,0.03448042208167655,-0.49869031382156487,18013
13,False,oni:lag3:uniform,oni,3,uniform,-0.0035383420109283605,0.0018663334664387728,-1.8958787775905963,18013
13,False,oni:lag6:exposure,oni,6,exposure,-0.0035590722410125124,0.03446912426554593,-0.10325392120768297,18013
13,False,oni:lag6:uniform,oni,6,uniform,-0.0036715317192763234,0.001866101222648702,-1.9674879769196196,18013
13,False,oni:lag9:exposure,oni,9,exposure,0.022597093288234674,0.03444188792739093,0.6560933400594358,18013
13,False,oni:lag9:uniform,oni,9,uniform,-0.0027591431048194976,0.001864723635188475,-1.4796525623168928,18013
13,False,oni:lag12:exposure,oni,12,exposure,0.0723146241153636,0.03436713153840914,2.1041798043151743,18013
13,False,oni:lag12:uniform,oni,12,uniform,-0.003928298671113709,0.001860807047852229,-2.1110725454569885,18013
14,False,roni:lag0:exposure,roni,0,exposure,0.05554725557054743,0.033674693534860266,1.6495251994808666,17992
14,False,roni:lag0:uniform,roni,0,uniform,-0.003574428183724949,0.0018249668855737824,-1.9586263246640356,17992
14,False,roni:lag3:exposure,roni,3,exposure,0.03771208874112904,0.03357662042819912,1.123165114898126,18013
14,False,roni:lag3:uniform,roni,3,uniform,-0.0027562781776557573,0.0018196706653649003,-1.514712651095597,18013
14,False,roni:lag6:exposure,roni,6,exposure,0.024672361675234105,0.03343825850818367,0.7378482844492574,18013
14,False,roni:lag6:uniform,roni,6,uniform,-0.00013409165075127776,0.0018124456314395285,-0.07398381966623514,18013
14,False,roni:lag9:exposure,roni,9,exposure,0.033059537870614816,0.03335358183913991,0.9911840362470444,18013
14,False,roni:lag9:uniform,roni,9,uniform,0.0032782090668250522,0.0018080414608028078,1.8131271532730557,18013
14,False,roni:lag12:exposure,roni,12,exposure,0.03660883500862227,0.033305788848988334,1.0991733351403346,18013
14,False,roni:lag12:uniform,roni,12,uniform,0.004309256436781389,0.0018056090476262718,2.386594397301296,18013
14,False,oni:lag0:exposure,oni,0,exposure,0.07160228371357484,0.03438193516726678,2.0825553699997545,17992
14,False,oni:lag0:uniform,oni,0,uniform,-0.0038762040515507227,0.0018616039477788585,-2.0821851265278797,17992
14,False,oni:lag3:exposure,oni,3,exposure,0.05188506188578208,0.03431661423243481,1.5119516609171255,18013
14,False,oni:lag3:uniform,oni,3,uniform,-0.0024116256466074266,0.0018582047575953376,-1.2978255688723233,18013
14,False,oni:lag6:exposure,oni,6,exposure,0.03435582668000858,0.03424929419835798,1.0031105015196402,18013
14,False,oni:lag6:uniform,oni,6,uniform,0.0006013286229567231,0.0018549847962551359,0.3241690304797603,18013
14,False,oni:lag9:exposure,oni,9,exposure,0.04493354504434805,0.03423707438163684,1.3124236184283402,18013
14,False,oni:lag9:uniform,oni,9,uniform,0.003586031533263997,0.0018546031548923175,1.9335842947340454,18013
14,False,oni:lag12:exposure,oni,12,exposure,0.03175463129766935,0.034256410326011996,0.9269690255186206,18013
14,False,oni:lag12:uniform,oni,12,uniform,0.004297608375895205,0.0018557406772733553,2.3158453271659125,18013
15,False,roni:lag0:exposure,roni,0,exposure,0.03738271344979229,0.033321073206767055,1.1218940403816398,17992
15,False,roni:lag0:uniform,roni,0,uniform,0.004253823644999396,0.0018064526306151606,2.354793905418278,17992
15,False,roni:lag3:exposure,roni,3,exposure,0.008148411935548354,0.033267013813766615,0.24493968653646825,18013
15,False,roni:lag3:uniform,roni,3,uniform,0.0036166461561378685,0.0018038401723429864,2.0049704023612303,18013
15,False,roni:lag6:exposure,roni,6,exposure,-0.0017033288272741219,0.033244193757989204,-0.05123688183488523,18013
15,False,roni:lag6:uniform,roni,6,uniform,0.0027994429853707516,0.0018027423331529288,1.552880261304249,18013
15,False,roni:lag9:exposure,roni,9,exposure,0.02118080697340232,0.033274673135573855,0.6365444038203935,18013
15,False,roni:lag9:uniform,roni,9,uniform,-0.0010356414325567607,0.0018043311621745862,-0.5739752514768974,18013
15,False,roni:lag12:exposure,roni,12,exposure,0.01733988435797536,0.03334546686318965,0.5200072450362664,18013
15,False,roni:lag12:uniform,roni,12,uniform,-0.0027431038171374204,0.0018082150111542762,-1.51702303111971,18013
15,False,oni:lag0:exposure,oni,0,exposure,0.03266557293959394,0.03427401088466156,0.9530712074965398,17992
15,False,oni:lag0:uniform,oni,0,uniform,0.004233063298108951,0.00185670978952238,2.2798734201740083,17992
15,False,oni:lag3:exposure,oni,3,exposure,-0.0033121906747150117,0.03425404662124703,-0.09669487261865677,18013
15,False,oni:lag3:uniform,oni,3,uniform,0.0031869310837747333,0.0018558990750226533,1.7171898659068157,18013
15,False,oni:lag6:exposure,oni,6,exposure,-0.010743610156413601,0.034265562623819364,-0.3135395812513316,18013
15,False,oni:lag6:uniform,oni,6,uniform,0.0020038641317331606,0.0018567074810111352,1.0792567769705361,18013
15,False,oni:lag9:exposure,oni,9,exposure,0.017456279250065404,0.034341909413733024,0.5083083482563958,18013
15,False,oni:lag9:uniform,oni,9,uniform,-0.0021468371888620054,0.001860780836646745,-1.153729201516689,18013
15,False,oni:lag12:exposure,oni,12,exposure,0.009654426581061418,0.03447897852620237,0.28000906621188093,18013
15,False,oni:lag12:uniform,oni,12,uniform,-0.003825473158240975,0.001868291930760787,-2.047577841158477,18013
16,False,roni:lag0:exposure,roni,0,exposure,0.019880327445891216,0.03341774162962842,0.5949033799538737,17992
16,False,roni:lag0:uniform,roni,0,uniform,-0.002937684119552632,0.0018122231651739092,-1.6210388300994476,17992
16,False,roni:lag3:exposure,roni,3,exposure,-0.009850695809848809,0.03342677314045543,-0.2946947875721454,18013
16,False,roni:lag3:uniform,roni,3,uniform,-0.00017844443781344057,0.0018128050731922158,-0.09843553532162899,18013
16,False,roni:lag6:exposure,roni,6,exposure,0.0015836298354310204,0.03343673998479291,0.04736196878497301,18013
16,False,roni:lag6:uniform,roni,6,uniform,-0.00015490749561941343,0.0018133185328089057,-0.08542762499617498,18013
16,False,roni:lag9:exposure,roni,9,exposure,-0.027765322446852127,0.03360050466024742,-0.8263364710620293,18013
16,False,roni:lag9:uniform,roni,9,uniform,-0.001994187022161154,0.0018224035390741356,-1.0942620442749427,18013
16,False,roni:lag12:exposure,roni,12,exposure,-0.05540042904859581,0.033673540081396974,-1.6452214086989299,18013
16,False,roni:lag12:uniform,roni,12,uniform,-0.0009105434539379323,0.0018267033171605275,-0.4984626925369049,18013
16,False,oni:lag0:exposure,oni,0,exposure,0.011984202488569119,0.03454085040040093,0.3469573664124382,17992
16,False,oni:lag0:uniform,oni,0,uniform,-0.0040076764936611085,0.0018717082373245228,-2.1411865448590452,17992
16,False,oni:lag3:exposure,oni,3,exposure,-0.01867855707251533,0.034571259091495374,-0.5402914896180425,18013
16,False,oni:lag3:uniform,oni,3,uniform,-0.0011224099627271556,0.001873488347344398,-0.5991016513756977,18013
16,False,oni:lag6:exposure,oni,6,exposure,-0.006377191631599217,0.03459099126186113,-0.18435989831348068,18013
16,False,oni:lag6:uniform,oni,6,uniform,-0.0010086707548775174,0.0018745056762286807,-0.5380996001606476,18013
16,False,oni:lag9:exposure,oni,9,exposure,-0.03346027424649779,0.034742404504904144,-0.9630960989408385,18013
16,False,oni:lag9:uniform,oni,9,uniform,-0.0023850548277994823,0.0018829050338146427,-1.2666888584218807,18013
16,False,oni:lag12:exposure,oni,12,exposure,-0.06544383197802336,0.034812582657150065,-1.8798901713941647,18013
16,False,oni:lag12:uniform,oni,12,uniform,-0.0008548892742566457,0.001887086113582906,-0.45302080710748,18013
17,False,roni:lag0:exposure,roni,0,exposure,-0.056098230384206284,0.03368742430085758,-1.6652573341078554,17992
17,False,roni:lag0:uniform,roni,0,uniform,-0.0008601595587618096,0.00182746648993899,-0.4706841758781175,17992
17,False,roni:lag3:exposure,roni,3,exposure,-0.04670046420663051,0.03367865066039294,-1.3866489093505043,18013
17,False,roni:lag3:uniform,roni,3,uniform,0.0013516006805191969,0.0018270635526012235,0.7397666482892171,18013
17,False,roni:lag6:exposure,roni,6,exposure,-0.038432676079581736,0.033682573017132934,-1.1410255404191545,18013
17,False,roni:lag6:uniform,roni,6,uniform,0.0020637313400167887,0.0018272428318730518,1.1294236890787634,18013
17,False,roni:lag9:exposure,roni,9,exposure,-0.04910303887610964,0.033728476736465965,-1.4558332787979504,18013
17,False,roni:lag9:uniform,roni,9,uniform,0.002903207745535368,0.001829709503577977,1.5867041953152545,18013
17,False,roni:lag12:exposure,roni,12,exposure,-0.05724704779313532,0.033717725246297,-1.6978324419860558,18013
17,False,roni:lag12:uniform,roni,12,uniform,0.003890440788499531,0.0018290208371571982,2.1270620374923377,18013
17,False,oni:lag0:exposure,oni,0,exposure,-0.0665446364796959,0.0348331015794764,-1.9103850493435208,17992
17,False,oni:lag0:uniform,oni,0,uniform,-0.0007769777840085712,0.0018882193153095387,-0.4114870437501059,17992
17,False,oni:lag3:exposure,oni,3,exposure,-0.060182069625827325,0.03481323839329055,-1.728712191205574,18013
17,False,oni:lag3:uniform,oni,3,uniform,0.001441676931971144,0.0018872953067281086,0.76388518894295,18013
17,False,oni:lag6:exposure,oni,6,exposure,-0.04891587794759747,0.03476277258845925,-1.4071339627218586,18013
17,False,oni:lag6:uniform,oni,6,uniform,0.0024702191506274437,0.001884466067923211,1.3108323851910828,18013
17,False,oni:lag9:exposure,oni,9,exposure,-0.048848346604421895,0.034736953513018996,-1.4062357709669076,18013
17,False,oni:lag9:uniform,oni,9,uniform,0.00320389298692669,0.0018829015459772651,1.701572232372778,18013
17,False,oni:lag12:exposure,oni,12,exposure,-0.061749334714277515,0.03468589422350473,-1.7802434129673779,18013
17,False,oni:lag12:uniform,oni,12,uniform,0.004008736277580335,0.001880046534397541,2.132253752359875,18013
18,False,roni:lag0:exposure,roni,0,exposure,-0.05687825021133569,0.03372842526928069,-1.686359495210098,17992
18,False,roni:lag0:uniform,roni,0,uniform,0.0038627625370137456,0.0018296020982718297,2.1112582570070066,17992
18,False,roni:lag3:exposure,roni,3,exposure,-0.04649485584293072,0.033732657340967344,-1.3783336240890827,18013
18,False,roni:lag3:uniform,roni,3,uniform,0.002245219749561916,0.0018298295407185603,1.2270103305252331,18013
18,False,roni:lag6:exposure,roni,6,exposure,-0.0013557466265383725,0.03381275232784848,-0.040095719313028765,18013
18,False,roni:lag6:uniform,roni,6,uniform,-6.995868307568009e-07,0.001834203016826641,-0.0003814118853468891,18013
18,False,roni:lag9:exposure,roni,9,exposure,-0.007077567483008428,0.03397774629630209,-0.2083000862178638,18013
18,False,roni:lag9:uniform,roni,9,uniform,-0.00036689260885518156,0.0018432477265562263,-0.19904682564869008,18013
18,False,roni:lag12:exposure,roni,12,exposure,-0.009661219553335076,0.034074757663441736,-0.2835301030974153,18013
18,False,roni:lag12:uniform,roni,12,uniform,-0.0010884492479316967,0.001849013319716563,-0.5886649037761102,18013
18,False,oni:lag0:exposure,oni,0,exposure,-0.061363545136117845,0.03469696057097698,-1.7685567878659292,17992
18,False,oni:lag0:uniform,oni,0,uniform,0.00397979039843092,0.0018806472273392655,2.116181248974331,17992
18,False,oni:lag3:exposure,oni,3,exposure,-0.04622497977571096,0.03470213777965075,-1.3320499177666565,18013
18,False,oni:lag3:uniform,oni,3,uniform,0.0021583440158336755,0.0018809161631654619,1.1474961288021048,18013
18,False,oni:lag6:exposure,oni,6,exposure,-0.003995846784789409,0.03482500314729174,-0.11474074439818555,18013
18,False,oni:lag6:uniform,oni,6,uniform,-0.000288786987537071,0.0018875738494657866,-0.15299374253293577,18013
18,False,oni:lag9:exposure,oni,9,exposure,0.0006396835472602109,0.0350873063729195,0.018231195648404655,18013
18,False,oni:lag9:uniform,oni,9,uniform,-0.001337800412879668,0.0019019696045061644,-0.7033763366723309,18013
18,False,oni:lag12:exposure,oni,12,exposure,-0.0034175286352775436,0.03526009891738723,-0.09692339897527383,18013
18,False,oni:lag12:uniform,oni,12,uniform,-0.0015169470020531034,0.0019119168313052539,-0.7934168355103046,18013
19,False,roni:lag0:exposure,roni,0,exposure,-0.008154045592621123,0.03410747663219414,-0.23906915426644304,17992
19,False,roni:lag0:uniform,roni,0,uniform,-0.0012029872380618064,0.0018508191028145536,-0.6499755898523066,17992
19,False,roni:lag3:exposure,roni,3,exposure,-0.015507717283301067,0.034077303088075585,-0.45507466489411147,18013
19,False,roni:lag3:uniform,roni,3,uniform,0.00017460351601200814,0.0018503369845818646,0.09436309032728149,18013
19,False,roni:lag6:exposure,roni,6,exposure,0.022449740573329716,0.03407321772475145,0.6588676406989818,18013
19,False,roni:lag6:uniform,roni,6,uniform,0.0019901982425491655,0.0018506681188998103,1.0753944601003358,18013
19,False,roni:lag9:exposure,roni,9,exposure,-0.005663643526328074,0.03406423250526941,-0.16626364693383194,18013
19,False,roni:lag9:uniform,roni,9,uniform,-0.00013326019224698537,0.001849882402489104,-0.0720371154770041,18013
19,False,roni:lag12:exposure,roni,12,exposure,0.011988339263606268,0.03401492520797603,0.3524434991494607,18013
19,False,roni:lag12:uniform,roni,12,uniform,-0.00029348797897151994,0.001847244215535345,-0.15887881878491358,18013
19,False,oni:lag0:exposure,oni,0,exposure,-0.001884067692252094,0.03529279907855775,-0.05338391234025882,17992
19,False,oni:lag0:uniform,oni,0,uniform,-0.0016330509826737282,0.0019137197300238319,-0.8533386352521911,17992
19,False,oni:lag3:exposure,oni,3,exposure,-0.004923052343993182,0.035272241381912324,-0.13957299426164999,18013
19,False,oni:lag3:uniform,oni,3,uniform,-9.258918705828865e-05,0.0019136363117796742,-0.04838389953636544,18013
19,False,oni:lag6:exposure,oni,6,exposure,0.03453802109773136,0.035260363809602346,0.9795140312286207,18013
19,False,oni:lag6:uniform,oni,6,uniform,0.0017646500387219993,0.0019135462160916371,0.9221883557776023,18013
19,False,oni:lag9:exposure,oni,9,exposure,0.010954705557899173,0.035303260582427394,0.3103029402148765,18013
19,False,oni:lag9:uniform,oni,9,uniform,-0.0009504372018502647,0.0019156236586321874,-0.4961502733417405,18013
19,False,oni:lag12:exposure,oni,12,exposure,0.02981823157550147,0.035327205897130155,0.8440585893582879,18013
19,False,oni:lag12:uniform,oni,12,uniform,-0.0009488984360713769,0.0019170508787840668,-0.49497822231678973,18013
20,False,roni:lag0:exposure,roni,0,exposure,0.011436626977824183,0.034027404539342325,0.33610047938276366,17992
20,False,roni:lag0:uniform,roni,0,uniform,-0.0002515351548242925,0.0018479290569451733,-0.1361173221877399,17992
20,False,roni:lag3:exposure,roni,3,exposure,0.028355387762254207,0.03395922351309974,0.8349833956396601,18013
20,False,roni:lag3:uniform,roni,3,uniform,-0.002439901512904586,0.001844465125683065,-1.322823337199727,18013
20,False,roni:lag6:exposure,roni,6,exposure,0.04192473058358597,0.033923030709548205,1.2358780954021762,18013
20,False,roni:lag6:uniform,roni,6,uniform,-0.0028763866926708776,0.0018424432665144965,-1.5611806045525505,18013
20,False,roni:lag9:exposure,roni,9,exposure,0.02187564748594935,0.03361115803107103,0.6508448017687142,18013
20,False,roni:lag9:uniform,roni,9,uniform,-0.0038172574693530084,0.0018247131924098475,-2.0919766926832284,18013
20,False,roni:lag12:exposure,roni,12,exposure,0.020949909866919282,0.03326942658486252,0.6297045671490901,18013
20,False,roni:lag12:uniform,roni,12,uniform,-0.0023453249017983853,0.001805593124135097,-1.298922149430441,18013
20,False,oni:lag0:exposure,oni,0,exposure,0.02923972174483125,0.03534026288739424,0.8273770299332144,17992
20,False,oni:lag0:uniform,oni,0,uniform,-0.0009051245245039287,0.0019177649617756177,-0.4719684333297513,17992
20,False,oni:lag3:exposure,oni,3,exposure,0.046596177531461946,0.03531445399494817,1.3194647590510011,18013
20,False,oni:lag3:uniform,oni,3,uniform,-0.0031789472511414923,0.0019166339051625478,-1.6586095250526671,18013
20,False,oni:lag6:exposure,oni,6,exposure,0.05222603653923078,0.03518277225806608,1.484420731719267,18013
20,False,oni:lag6:uniform,oni,6,uniform,-0.0033105062929850567,0.001909332544037646,-1.7338552696453615,18013
20,False,oni:lag9:exposure,oni,9,exposure,0.03373999097475422,0.034644600854743045,0.973888864132635,18013
20,False,oni:lag9:uniform,oni,9,uniform,-0.004454474103432696,0.0018791564151501446,-2.3704647827715735,18013
20,False,oni:lag12:exposure,oni,12,exposure,0.022938322381566383,0.034164841111545746,0.6714014066880748,18013
20,False,oni:lag12:uniform,oni,12,uniform,-0.0026892127144053325,0.0018524212865828075,-1.4517284668900388,18013
21,False,roni:lag0:exposure,roni,0,exposure,0.021263167415542624,0.033279377310213944,0.6389292448995624,17992
21,False,roni:lag0:uniform,roni,0,uniform,-0.0023680213209171168,0.0018061332320674411,-1.3111000223424796,17992
21,False,roni:lag3:exposure,roni,3,exposure,0.032622655763595396,0.03313315641077723,0.9845924535274344,18013
21,False,roni:lag3:uniform,roni,3,uniform,-0.002643099936332476,0.001797935405310339,-1.4700750252349886,18013
21,False,roni:lag6:exposure,roni,6,exposure,0.0313278761240787,0.03309823425551115,0.9465120067201873,18013
21,False,roni:lag6:uniform,roni,6,uniform,-0.0026827625344398123,0.0017958178221552114,-1.4938945929493859,18013
21,False,roni:lag9:exposure,roni,9,exposure,0.014231494601383354,0.03311373584330656,0.42977617109487315,18013
21,False,roni:lag9:uniform,roni,9,uniform,-0.00042432687304447725,0.0017961493055127413,-0.2362425393825186,18013
21,False,roni:lag12:exposure,roni,12,exposure,0.003277430255302984,0.033151701828198606,0.09886159909037384,18013
21,False,roni:lag12:uniform,roni,12,uniform,-0.00010983519077888964,0.0017978261987855139,-0.06109333085316403,18013
21,False,oni:lag0:exposure,oni,0,exposure,0.023291305064862378,0.034175272646641594,0.6815250694759626,17992
21,False,oni:lag0:uniform,oni,0,uniform,-0.0027150889910657265,0.0018529880777512764,-1.46524903406862,17992
21,False,oni:lag3:exposure,oni,3,exposure,0.03448066327733452,0.03396753227561477,1.015106513995664,18013
21,False,oni:lag3:uniform,oni,3,uniform,-0.0026376698709434858,0.001841421208833118,-1.4324098464223396,18013
21,False,oni:lag6:exposure,oni,6,exposure,0.024140034427950385,0.03391326922258423,0.7118167897500884,18013
21,False,oni:lag6:uniform,oni,6,uniform,-0.002603803563350381,0.0018382178276172138,-1.416482597563291,18013
21,False,oni:lag9:exposure,oni,9,exposure,0.017267691753436676,0.03391418077403191,0.5091584511060503,18013
21,False,oni:lag9:uniform,oni,9,uniform,-0.000803874325665048,0.0018377954256626632,-0.437412300868684,18013
21,False,oni:lag12:exposure,oni,12,exposure,-0.0001468451633467305,0.03393037474561607,-0.004327837946019251,18013
21,False,oni:lag12:uniform,oni,12,uniform,-0.000562923333719031,0.0018383815169852945,-0.30620593631845894,18013
22,False,roni:lag0:exposure,roni,0,exposure,0.002230378732556643,0.03317236284091509,0.06723605259151674,17992
22,False,roni:lag0:uniform,roni,0,uniform,-3.149681403758925e-05,0.001798966017775647,-0.01750828738640314,17992
22,False,roni:lag3:exposure,roni,3,exposure,-0.022715480353805766,0.03317388628717163,-0.6847398027824633,18013
22,False,roni:lag3:uniform,roni,3,uniform,0.00016547143588446233,0.0017989323212658137,0.09198313573466112,18013
22,False,roni:lag6:exposure,roni,6,exposure,-0.04351887296388554,0.03317253807170635,-1.3118945818922378,18013
22,False,roni:lag6:uniform,roni,6,uniform,-0.0018482480592104883,0.0017988375421930114,-1.0274680263550866,18013
22,False,roni:lag9:exposure,roni,9,exposure,-0.0587049972276755,0.03317553087289771,-1.7695269882066524,18013
22,False,roni:lag9:uniform,roni,9,uniform,-0.0004402809740741396,0.0017983014246737855,-0.24483157719457804,18013
22,False,roni:lag12:exposure,roni,12,exposure,-0.05362701841605224,0.033186991080884465,-1.61590480695736,18013
22,False,roni:lag12:uniform,roni,12,uniform,0.001025573763347762,0.0017980573319514787,0.5703787888869372,18013
22,False,oni:lag0:exposure,oni,0,exposure,-0.0010086831295097805,0.033947201936792196,-0.029713292170232247,17992
22,False,oni:lag0:uniform,oni,0,uniform,-0.0004992605301620396,0.0018393036011697466,-0.2714399786117548,17992
22,False,oni:lag3:exposure,oni,3,exposure,-0.02114348825360302,0.03394233280240658,-0.6229238389915235,18013
22,False,oni:lag3:uniform,oni,3,uniform,0.0002866396015865022,0.001839025446145183,0.15586494585343177,18013
22,False,oni:lag6:exposure,oni,6,exposure,-0.05001679338902298,0.03394059141704564,-1.4736570961431021,18013
22,False,oni:lag6:uniform,oni,6,uniform,-0.0015706880835944694,0.0018388567005306147,-0.8541655709992174,18013
22,False,oni:lag9:exposure,oni,9,exposure,-0.0585335432761457,0.03396287035844828,-1.7234569003849067,18013
22,False,oni:lag9:uniform,oni,9,uniform,-0.0005913968137276031,0.001839202975711896,-0.3215505963928166,18013
22,False,oni:lag12:exposure,oni,12,exposure,-0.05932067427459439,0.03398239807472648,-1.7456294327477906,18013
22,False,oni:lag12:uniform,oni,12,uniform,0.0012264224097227896,0.001839342830395357,0.6667720608991509,18013
23,False,roni:lag0:exposure,roni,0,exposure,-0.05366280561819449,0.03319600270019759,-1.6165441996989318,17992
23,False,roni:lag0:uniform,roni,0,uniform,0.0010287548706688103,0.001798545847569371,0.5719925750344992,17992
23,False,roni:lag3:exposure,roni,3,exposure,-0.04715730386154307,0.03317592778859085,-1.421431351130454,18013
23,False,roni:lag3:uniform,roni,3,uniform,0.0008553696511393607,0.0017970218850886896,0.4759928959335657,18013
23,False,roni:lag6:exposure,roni,6,exposure,-0.02583620896185732,0.03315964730095976,-0.7791460725551664,18013
23,False,roni:lag6:uniform,roni,6,uniform,0.0015146375969527232,0.0017960057150932817,0.8433367356373114,18013
23,False,roni:lag9:exposure,roni,9,exposure,-0.011436923944505385,0.03318753196893027,-0.34461507879562975,18013
23,False,roni:lag9:uniform,roni,9,uniform,0.005002669838305398,0.0017974905003154608,2.783141183459621,18013
23,False,roni:lag12:exposure,roni,12,exposure,-0.01263318323218923,0.0332935662860919,-0.3794481829802245,18013
23,False,roni:lag12:uniform,roni,12,uniform,0.006620733909411075,0.0018033446018569652,3.6713636997573733,18013
23,False,oni:lag0:exposure,oni,0,exposure,-0.05947475233090419,0.033991830164253924,-1.7496778503397064,17992
23,False,oni:lag0:uniform,oni,0,uniform,0.0012379308658629926,0.0018398547316844976,0.6728416350184302,17992
23,False,oni:lag3:exposure,oni,3,exposure,-0.04374830002642447,0.03397473914022553,-1.2876714033288104,18013
23,False,oni:lag3:uniform,oni,3,uniform,0.0019500927320105768,0.0018384415437978719,1.0607314323315686,18013
23,False,oni:lag6:exposure,oni,6,exposure,-0.022346528242372793,0.03397273586252291,-0.6577782941239186,18013
23,False,oni:lag6:uniform,oni,6,uniform,0.002415181085884756,0.0018382423187221233,1.3138534899815053,18013
23,False,oni:lag9:exposure,oni,9,exposure,0.004733745061957264,0.03403054182180388,0.1391028414047843,18013
23,False,oni:lag9:uniform,oni,9,uniform,0.005387956832057855,0.0018413437617534765,2.9261004620489803,18013
23,False,oni:lag12:exposure,oni,12,exposure,0.002735556626768795,0.034112044051277435,0.08019327785390666,18013
23,False,oni:lag12:uniform,oni,12,uniform,0.0068726743453705495,0.001845791464207391,3.723429476537196,18013
24,False,roni:lag0:exposure,roni,0,exposure,-0.01392512507002076,0.03331937360382135,-0.41792877728120637,17992
24,False,roni:lag0:uniform,roni,0,uniform,0.006723042165277661,0.0018047701093034073,3.725151547347254,17992
24,False,roni:lag3:exposure,roni,3,exposure,-0.05540037856606651,0.03332348708297434,-1.66250243943923,18013
24,False,roni:lag3:uniform,roni,3,uniform,0.0032775485204141544,0.0018052684363705702,1.8155463499952131,18013
24,False,roni:lag6:exposure,roni,6,exposure,-0.083427349957122,0.033302268573459554,-2.505155160018436,18013
24,False,roni:lag6:uniform,roni,6,uniform,0.0016243262612127263,0.0018043665537280152,0.9002196687012922,18013
24,False,roni:lag9:exposure,roni,9,exposure,-0.0436041613650275,0.033250736190078165,-1.311374314113344,18013
24,False,roni:lag9:uniform,roni,9,uniform,0.002085620001772491,0.001801110157949753,1.1579635995982624,18013
24,False,roni:lag12:exposure,roni,12,exposure,0.029755806473684178,0.03318091183128307,0.8967748271953849,18013
24,False,roni:lag12:uniform,roni,12,uniform,-0.0008107719104905293,0.0017970599402647384,-0.4511657582056436,18013
24,False,oni:lag0:exposure,oni,0,exposure,0.0016760291806545637,0.03413239610053597,0.049103765692800144,17992
24,False,oni:lag0:uniform,oni,0,uniform,0.006955756627152737,0.0018469056004214964,3.766167921936731,17992
24,False,oni:lag3:exposure,oni,3,exposure,-0.036139241081801395,0.03413920300170198,-1.0585847912149473,18013
24,False,oni:lag3:uniform,oni,3,uniform,0.0037666447207407605,0.0018474137666037189,2.038874446445937,18013
24,False,oni:lag6:exposure,oni,6,exposure,-0.06063671674242646,0.03412740465551128,-1.7767749219287368,18013
24,False,oni:lag6:uniform,oni,6,uniform,0.0017624471674125579,0.0018469272037684272,0.954259141246337,18013
24,False,oni:lag9:exposure,oni,9,exposure,-0.012226521356157313,0.03407857274927008,-0.35877445473179886,18013
24,False,oni:lag9:uniform,oni,9,uniform,0.0017766099854392705,0.0018439091639289003,0.9635019013918059,18013
24,False,oni:lag12:exposure,oni,12,exposure,0.05093915629618033,0.03399982999245858,1.4982179707215895,18013
24,False,oni:lag12:uniform,oni,12,uniform,-0.000962828223096198,0.001839523993741049,-0.5234116142938096,18013
25,False,roni:lag0:exposure,roni,0,exposure,0.02987908177593365,0.033190040770324884,0.9002423944790223,17992
25,False,roni:lag0:uniform,roni,0,uniform,-0.0008191347968686483,0.0017975538434315632,-0.45569416452355327,17992
25,False,roni:lag3:exposure,roni,3,exposure,0.06432056841575917,0.033161681986571226,1.939605127442139,18013
25,False,roni:lag3:uniform,roni,3,uniform,0.0005650448846510952,0.001796317378688965,0.31455737797487154,18013
25,False,roni:lag6:exposure,roni,6,exposure,0.05135260916091483,0.03311944441523804,1.5505274942742646,18013
25,False,roni:lag6:uniform,roni,6,uniform,0.0010367152793312672,0.0017940317178886257,0.5778689802381894,18013
25,False,roni:lag9:exposure,roni,9,exposure,0.05440593067217825,0.03299146970376037,1.6490908456247724,18013
25,False,roni:lag9:uniform,roni,9,uniform,0.0015229834741467632,0.0017867713981959165,0.8523661592549013,18013
25,False,roni:lag12:exposure,roni,12,exposure,0.046800678919151656,0.03279162574254625,1.4272143530361483,18013
25,False,roni:lag12:uniform,roni,12,uniform,0.0006122706684174928,0.0017756069308670804,0.3448233152134089,18013
25,False,oni:lag0:exposure,oni,0,exposure,0.05124465808224805,0.03400992229295676,1.5067561060808565,17992
25,False,oni:lag0:uniform,oni,0,uniform,-0.0009849252262940668,0.0018400717877322674,-0.5352645656873549,17992
25,False,oni:lag3:exposure,oni,3,exposure,0.08902582708830761,0.03397472705886889,2.620354445645737,18013
25,False,oni:lag3:uniform,oni,3,uniform,0.0008098238680600338,0.0018385008538535233,0.44048055042380413,18013
25,False,oni:lag6:exposure,oni,6,exposure,0.071629806938268,0.033935511338872966,2.110762564411882,18013
25,False,oni:lag6:uniform,oni,6,uniform,0.0008369443936592142,0.0018362916121727366,0.45577967470478453,18013
25,False,oni:lag9:exposure,oni,9,exposure,0.07240710668877168,0.033819879425881355,2.1409628868564403,18013
25,False,oni:lag9:uniform,oni,9,uniform,0.001189920703697053,0.0018298127123640225,0.650296446000606,18013
25,False,oni:lag12:exposure,oni,12,exposure,0.05300918320259099,0.033627265278342325,1.5763750862230121,18013
25,False,oni:lag12:uniform,oni,12,uniform,0.0002214706617623508,0.0018191522114689301,0.12174388727126771,18013
26,False,roni:lag0:exposure,roni,0,exposure,0.047378282559539554,0.032803746052331086,1.4442948827843636,17992
26,False,roni:lag0:uniform,roni,0,uniform,0.0005716459589549895,0.001776262894998612,0.3218250860075733,17992
26,False,roni:lag3:exposure,roni,3,exposure,0.01438335453395493,0.03266934474034628,0.4402706772441519,18013
26,False,roni:lag3:uniform,roni,3,uniform,-0.0008259033310133434,0.001769011187318293,-0.46687287052455534,18013
26,False,roni:lag6:exposure,roni,6,exposure,0.002125482967373532,0.03272119103138885,0.06495738389640508,18013
26,False,roni:lag6:uniform,roni,6,uniform,-0.0003920562484792929,0.0017719566832168478,-0.221256113195468,18013
26,False,roni:lag9:exposure,roni,9,exposure,-0.0019052627652411179,0.032766572933499806,-0.05814653760427964,18013
26,False,roni:lag9:uniform,roni,9,uniform,0.0003620691735019789,0.0017744469765402537,0.20404620610750906,18013
26,False,roni:lag12:exposure,roni,12,exposure,-0.02275727364982781,0.032812878626196126,-0.6935470035737604,18013
26,False,roni:lag12:uniform,roni,12,uniform,0.0018562885942596337,0.0017769544099148526,1.0446461563122391,18013
26,False,oni:lag0:exposure,oni,0,exposure,0.05379397499204538,0.03364222859855386,1.5990015297130986,17992
26,False,oni:lag0:uniform,oni,0,uniform,0.00016580487380501657,0.001819967390148778,0.091103211355596,17992
26,False,oni:lag3:exposure,oni,3,exposure,0.019929688024508646,0.03354600469242159,0.5941001978399825,18013
26,False,oni:lag3:uniform,oni,3,uniform,-0.0004720692065073131,0.0018150724765477245,-0.26008284110240637,18013
26,False,oni:lag6:exposure,oni,6,exposure,0.008225578369647001,0.03358243055887785,0.24493695759232315,18013
26,False,oni:lag6:uniform,oni,6,uniform,-0.00045078252161909557,0.0018173289401615374,-0.24804674137805055,18013
26,False,oni:lag9:exposure,oni,9,exposure,-0.0018176276639547825,0.03360736651761686,-0.05408420392005392,18013
26,False,oni:lag9:uniform,oni,9,uniform,-0.00014093330369942882,0.0018187523362486555,-0.07748900215304562,18013
26,False,oni:lag12:exposure,oni,12,exposure,-0.030925819025674574,0.033658460774738094,-0.9188126347383518,18013
26,False,oni:lag12:uniform,oni,12,uniform,0.0013910865822175883,0.0018216485490065003,0.7636415833209244,18013
27,False,roni:lag0:exposure,roni,0,exposure,-0.021234917502008396,0.03284705020627535,-0.6464786752130186,17992
27,False,roni:lag0:uniform,roni,0,uniform,0.0017453204043627567,0.001778814088054829,0.981170778938063,17992
27,False,roni:lag3:exposure,roni,3,exposure,-0.07808557070526391,0.03287360757022053,-2.375327092971685,18013
27,False,roni:lag3:uniform,roni,3,uniform,-0.0007612474507137296,0.0017805203024396133,-0.42754213454948653,18013
27,False,roni:lag6:exposure,roni,6,exposure,-0.06030990988637848,0.03293489290935309,-1.8311858505922523,18013
27,False,roni:lag6:uniform,roni,6,uniform,-0.0029273664568976697,0.0017836085799563402,-1.6412605825036606,18013
27,False,roni:lag9:exposure,roni,9,exposure,-0.029750657278219014,0.033069279157073486,-0.8996463798593377,18013
27,False,roni:lag9:uniform,roni,9,uniform,-0.0045882213607828775,0.0017907330410067994,-2.5622028832411856,18013
27,False,roni:lag12:exposure,roni,12,exposure,-0.0024386389745071095,0.033235930724210404,-0.07337357255744625,18013
27,False,roni:lag12:uniform,roni,12,uniform,-0.003449006289500772,0.0017999483552153645,-1.9161695831478993,18013
27,False,oni:lag0:exposure,oni,0,exposure,-0.029226300729724722,0.03369918372729963,-0.8672702866107871,17992
27,False,oni:lag0:uniform,oni,0,uniform,0.0012646844202989537,0.001823875139819403,0.6934051529559093,17992
27,False,oni:lag3:exposure,oni,3,exposure,-0.07951968588337359,0.033718883172994374,-2.358313158695046,18013
27,False,oni:lag3:uniform,oni,3,uniform,-0.0005780197437617671,0.0018253859212660315,-0.31665618597565953,18013
27,False,oni:lag6:exposure,oni,6,exposure,-0.06085481508939839,0.03377558968892712,-1.801739529934805,18013
27,False,oni:lag6:uniform,oni,6,uniform,-0.0029557718926156327,0.0018284158795513659,-1.616575269156426,18013
27,False,oni:lag9:exposure,oni,9,exposure,-0.024964766723877672,0.03390688739867185,-0.7362742097304855,18013
27,False,oni:lag9:uniform,oni,9,uniform,-0.004834385259240876,0.001835501518928383,-2.6338225326358353,18013
27,False,oni:lag12:exposure,oni,12,exposure,0.009010152766785002,0.03402930066513595,0.264776313079398,18013
27,False,oni:lag12:uniform,oni,12,uniform,-0.0033697233161207197,0.0018424497118949765,-1.8289363852731308,18013
28,False,roni:lag0:exposure,roni,0,exposure,-0.00033987239213123494,0.033289950596303276,-0.010209459192437988,17992
28,False,roni:lag0:uniform,roni,0,uniform,-0.003612731147094287,0.001802901536728365,-2.003842735444182,17992
28,False,roni:lag3:exposure,roni,3,exposure,0.0043918681856374665,0.03330307777782703,0.1318757447866138,18013
28,False,roni:lag3:uniform,roni,3,uniform,-0.0027130506492213384,0.0018042111699467735,-1.5037323204807433,18013
28,False,roni:lag6:exposure,roni,6,exposure,0.00910685720520612,0.033241593199487,0.2739597091678103,18013
28,False,roni:lag6:uniform,roni,6,uniform,-0.0009115006378617748,0.0018006884017392174,-0.5061956510528921,18013
28,False,roni:lag9:exposure,roni,9,exposure,0.009961921204846604,0.033370407775740275,0.2985256060337612,18013
28,False,roni:lag9:uniform,roni,9,uniform,0.0019638002105995347,0.0018069756328183582,1.0867884297568393,18013
28,False,roni:lag12:exposure,roni,12,exposure,-0.005440522107215941,0.03364297372291719,-0.16171347253735546,18013
28,False,roni:lag12:uniform,roni,12,uniform,0.001873263193920017,0.0018216823706421307,1.028314937943712,18013
28,False,oni:lag0:exposure,oni,0,exposure,0.010641553612139726,0.034064610273568205,0.3123932294154805,17992
28,False,oni:lag0:uniform,oni,0,uniform,-0.003493963991932045,0.0018443865139376693,-1.894377325755117,17992
28,False,oni:lag3:exposure,oni,3,exposure,0.021610160849617206,0.03403472437643959,0.6349444940584493,18013
28,False,oni:lag3:uniform,oni,3,uniform,-0.0018815452247255542,0.0018435747952846781,-1.0205960883919618,18013
28,False,oni:lag6:exposure,oni,6,exposure,0.01796616959376849,0.03399717375563622,0.5284606809643984,18013
28,False,oni:lag6:uniform,oni,6,uniform,-0.00019835627458754767,0.0018414808953960769,-0.10771562989519042,18013
28,False,oni:lag9:exposure,oni,9,exposure,0.015081377905265361,0.03416098877053754,0.4414795486912965,18013
28,False,oni:lag9:uniform,oni,9,uniform,0.002158189862744854,0.001849881872129237,1.1666636098556664,18013
28,False,oni:lag12:exposure,oni,12,exposure,-0.0027427370771623454,0.03445457982801733,-0.07960442678021115,18013
28,False,oni:lag12:uniform,oni,12,uniform,0.0016054646963285623,0.0018658655595265993,0.8604396432162535,18013
29,False,roni:lag0:exposure,roni,0,exposure,-0.008647153495473079,0.03375557315517007,-0.2561696539923412,17992
29,False,roni:lag0:uniform,roni,0,uniform,0.00212080120998253,0.0018279311674050736,1.1602194042094123,17992
29,False,roni:lag3:exposure,roni,3,exposure,0.0021339895061470524,0.03380980354278901,0.06311747725615495,18013
29,False,roni:lag3:uniform,roni,3,uniform,-0.00014636909899322156,0.0018315206868506834,-0.0799167053061817,18013
29,False,roni:lag6:exposure,roni,6,exposure,0.01825461062252765,0.03380752711668718,0.539956991220375,18013
29,False,roni:lag6:uniform,roni,6,uniform,0.003495853404338217,0.0018321116534908669,1.908100632228004,18013
29,False,roni:lag9:exposure,roni,9,exposure,0.010412850358932269,0.033769693607858205,0.30834897348636886,18013
29,False,roni:lag9:uniform,roni,9,uniform,0.005860250195780614,0.0018300744478777363,3.202192240089746,18013
29,False,roni:lag12:exposure,roni,12,exposure,0.03406625609029917,0.03373037530599306,1.0099578134325244,18013
29,False,roni:lag12:uniform,roni,12,uniform,0.004795008748358507,0.0018278976909133077,2.6232369416488974,18013
29,False,oni:lag0:exposure,oni,0,exposure,-0.0060350599502621005,0.03457066833621643,-0.17457168868036427,17992
29,False,oni:lag0:uniform,oni,0,uniform,0.0018577446237731982,0.0018722818498463536,0.9922355568023327,17992
29,False,oni:lag3:exposure,oni,3,exposure,0.013210889799243727,0.03462489872380947,0.3815430596526016,18013
29,False,oni:lag3:uniform,oni,3,uniform,0.0002277224064406496,0.0018759623919617594,0.12138964374574286,18013
29,False,oni:lag6:exposure,oni,6,exposure,0.02448600783017048,0.03461545802187964,0.7073720594623777,18013
29,False,oni:lag6:uniform,oni,6,uniform,0.003334151280149871,0.0018761531836840126,1.7771210310252676,18013
29,False,oni:lag9:exposure,oni,9,exposure,0.02170277143036698,0.034587346322591625,0.6274772059107423,18013
29,False,oni:lag9:uniform,oni,9,uniform,0.0047636548223705735,0.0018746507105944863,2.5410892788982173,18013
29,False,oni:lag12:exposure,oni,12,exposure,0.038225205673206794,0.03455292005414274,1.1062800369204617,18013
29,False,oni:lag12:uniform,oni,12,uniform,0.0036498502562209187,0.0018727354337249355,1.9489406728217025,18013
30,False,roni:lag0:exposure,roni,0,exposure,0.03449963769612147,0.03374137714206893,1.0224727209817153,17992
30,False,roni:lag0:uniform,roni,0,uniform,0.004764837929007972,0.0018284926746817273,2.6058829739842153,17992
30,False,roni:lag3:exposure,roni,3,exposure,0.018346320546957846,0.03372873141025441,0.5439374616200385,18013
30,False,roni:lag3:uniform,roni,3,uniform,0.00451460729999836,0.0018279382470857395,2.4697810810600114,18013
30,False,roni:lag6:exposure,roni,6,exposure,-0.028731243338354195,0.033718875099984114,-0.8520819052580948,18013
30,False,roni:lag6:uniform,roni,6,uniform,0.004041685615683043,0.0018275370268521585,2.2115478681406775,18013
30,False,roni:lag9:exposure,roni,9,exposure,-0.019667211849446243,0.03372746741297457,-0.5831215136503398,18013
30,False,roni:lag9:uniform,roni,9,uniform,0.0011000551540531734,0.0018279323889331346,0.6018029773492969,18013
30,False,roni:lag12:exposure,roni,12,exposure,0.009184928594009278,0.03380220758224084,0.27172570228327037,18013
30,False,roni:lag12:uniform,roni,12,uniform,1.7934250079311678e-05,0.0018320974187354259,0.009788917279131636,18013
30,False,oni:lag0:exposure,oni,0,exposure,0.03877798434029532,0.034565312766709745,1.121875696656298,17992
30,False,oni:lag0:uniform,oni,0,uniform,0.0036101499421327815,0.00187341226156141,1.9270451123896637,17992
30,False,oni:lag3:exposure,oni,3,exposure,0.02191595918706248,0.03455058028707866,0.6343152272686627,18013
30,False,oni:lag3:uniform,oni,3,uniform,0.003704560263667146,0.0018728172343680373,1.9780682256040918,18013
30,False,oni:lag6:exposure,oni,6,exposure,-0.023991188904296065,0.03453894704840327,-0.6946126316669279,18013
30,False,oni:lag6:uniform,oni,6,uniform,0.0032460086523238177,0.0018724224870042873,1.7335877318570065,18013
30,False,oni:lag9:exposure,oni,9,exposure,-0.01292723683496595,0.034549737722200775,-0.3741630960821807,18013
30,False,oni:lag9:uniform,oni,9,uniform,1.6136202200113974e-06,0.0018730356579472192,0.0008615000003683156,18013
30,False,oni:lag12:exposure,oni,12,exposure,0.012203428332214656,0.03462917223896948,0.3524031197743066,18013
30,False,oni:lag12:uniform,oni,12,uniform,-0.000721783215954596,0.0018775794989646264,-0.384422186305622,18013
31,False,roni:lag0:exposure,roni,0,exposure,0.01029199775165126,0.0338234355596803,0.30428599523816496,17992
31,False,roni:lag0:uniform,roni,0,uniform,-6.220894549927382e-05,0.0018332507929505438,-0.033933679853562757,17992
31,False,roni:lag3:exposure,roni,3,exposure,0.003241525667775628,0.03381651062123811,0.0958563023867939,18013
31,False,roni:lag3:uniform,roni,3,uniform,0.0012245607492581752,0.0018330904808301432,0.6680307175582594,18013
31,False,roni:lag6:exposure,roni,6,exposure,-0.0023552980664922722,0.03382677404160083,-0.06962822004828721,18013
31,False,roni:lag6:uniform,roni,6,uniform,-0.00023216826765950487,0.0018335093200945352,-0.12662508181171087,18013
31,False,roni:lag9:exposure,roni,9,exposure,-0.03776782271447064,0.03392598830237814,-1.1132416358176718,18013
31,False,roni:lag9:uniform,roni,9,uniform,-0.001541965022311212,0.0018385499052097165,-0.8386854324388469,18013
31,False,roni:lag12:exposure,roni,12,exposure,-0.04413426337850087,0.033988376365829936,-1.298510493807261,18013
31,False,roni:lag12:uniform,roni,12,uniform,-0.0019039044191273753,0.001841492638495872,-1.0338919522819712,18013
31,False,oni:lag0:exposure,oni,0,exposure,0.013291275911363632,0.03465012288785414,0.38358524598545085,17992
31,False,oni:lag0:uniform,oni,0,uniform,-0.0008021563783928584,0.0018787301550764906,-0.42696731950853234,17992
31,False,oni:lag3:exposure,oni,3,exposure,0.0046246325840145035,0.03463477149683167,0.13352571373071012,18013
31,False,oni:lag3:uniform,oni,3,uniform,0.0009852898112163353,0.0018782691614822136,0.5245732781124968,18013
31,False,oni:lag6:exposure,oni,6,exposure,0.00129162707006591,0.03463494452334234,0.037292598208015414,18013
31,False,oni:lag6:uniform,oni,6,uniform,-0.0006459506038862868,0.0018781490577658394,-0.3439293602472001,18013
31,False,oni:lag9:exposure,oni,9,exposure,-0.03508170176065366,0.034678620702605356,-1.0116233301637056,18013
31,False,oni:lag9:uniform,oni,9,uniform,-0.0020675079936142097,0.0018800550920488929,-1.0997060683796398,18013
31,False,oni:lag12:exposure,oni,12,exposure,-0.0493272846094536,0.03470210420686855,-1.4214493828789294,18013
31,False,oni:lag12:uniform,oni,12,uniform,-0.002376076841305591,0.001880936031914991,-1.263241705719516,18013
32,False,roni:lag0:exposure,roni,0,exposure,-0.045160088022627526,0.03400803268209174,-1.3279241538252327,17992
32,False,roni:lag0:uniform,roni,0,uniform,-0.001830134520399125,0.0018425829804715583,-0.9932440165765303,17992
32,False,roni:lag3:exposure,roni,3,exposure,-0.047161790408635405,0.03399552254910209,-1.3872941750054397,18013
32,False,roni:lag3:uniform,roni,3,uniform,-0.0016633055362025228,0.0018414799868271064,-0.9032438843217729,18013
32,False,roni:lag6:exposure,roni,6,exposure,-0.016882135570193656,0.03400614800082802,-0.4964436304218458,18013
32,False,roni:lag6:uniform,roni,6,uniform,-0.0027796955397327116,0.0018418611246251366,-1.5091775935595835,18013
32,False,roni:lag9:exposure,roni,9,exposure,0.05300171039101594,0.0340096685710692,1.5584306645111676,18013
32,False,roni:lag9:uniform,roni,9,uniform,-0.00407393044495314,0.0018421152946449784,-2.21155019818577,18013
32,False,roni:lag12:exposure,roni,12,exposure,0.07400177107895113,0.03403267054564926,2.1744332693401143,18013
32,False,roni:lag12:uniform,roni,12,uniform,-0.0021135367533065695,0.001843253985496259,-1.146633491606173,18013
32,False,oni:lag0:exposure,oni,0,exposure,-0.049848920947486296,0.034714137656643614,-1.4359832711542577,17992
32,False,oni:lag0:uniform,oni,0,uniform,-0.002338561446081425,0.0018815930201454103,-1.242862521833069,17992
32,False,oni:lag3:exposure,oni,3,exposure,-0.04860774684683409,0.03469944788909178,-1.4008219093916638,18013
32,False,oni:lag3:uniform,oni,3,uniform,-0.0017437976470324253,0.001880567025227063,-0.9272722660985062,18013
32,False,oni:lag6:exposure,oni,6,exposure,-0.006442869994965316,0.03469964122583243,-0.18567540664278884,18013
32,False,oni:lag6:uniform,oni,6,uniform,-0.002778979291118864,0.00188053054584183,-1.4777634414201117,18013
32,False,oni:lag9:exposure,oni,9,exposure,0.06285965988512822,0.03468856789479919,1.8121145870237174,18013
32,False,oni:lag9:uniform,oni,9,uniform,-0.004400261056841615,0.001880008736865006,-2.340553514756126,18013
32,False,oni:lag12:exposure,oni,12,exposure,0.07335633827094584,0.03469687335925195,2.114206012496089,18013
32,False,oni:lag12:uniform,oni,12,uniform,-0.00224416344188464,0.001880221553247948,-1.1935633000313226,18013
33,False,roni:lag0:exposure,roni,0,exposure,0.07327291090514543,0.03404804908362272,2.152044327861066,17992
33,False,roni:lag0:uniform,roni,0,uniform,-0.002057487225510976,0.0018440949432345065,-1.1157165378384388,17992
33,False,roni:lag3:exposure,roni,3,exposure,0.03421656659353648,0.03406695672022829,1.004391641863899,18013
33,False,roni:lag3:uniform,roni,3,uniform,-0.002001956071591236,0.001844847458158057,-1.0851607609823959,18013
33,False,roni:lag6:exposure,roni,6,exposure,-0.0017359870164232272,0.03415657207607046,-0.05082439222990505,18013
33,False,roni:lag6:uniform,roni,6,uniform,-0.000269751204211291,0.0018495726297169351,-0.1458451535653264,18013
33,False,roni:lag9:exposure,roni,9,exposure,-0.0215031247339753,0.03412176233264915,-0.6301879874885652,18013
33,False,roni:lag9:uniform,roni,9,uniform,0.0019261141966858812,0.0018473034867362097,1.0426625676373908,18013
33,False,roni:lag12:exposure,roni,12,exposure,0.0015432750856194243,0.03399456021658238,0.04539770703862856,18013
33,False,roni:lag12:uniform,roni,12,uniform,0.002529139550904894,0.0018401471096830347,1.3744224782879115,18013
33,False,oni:lag0:exposure,oni,0,exposure,0.07300029894463,0.03470764537508834,2.1032915991767767,17992
33,False,oni:lag0:uniform,oni,0,uniform,-0.0022177430993476676,0.001880804093149244,-1.1791462531508257,17992
33,False,oni:lag3:exposure,oni,3,exposure,0.03521400870118588,0.03471780135574855,1.0142925912949603,18013
33,False,oni:lag3:uniform,oni,3,uniform,-0.001257771544778911,0.0018810099187387662,-0.6686682150098697,18013
33,False,oni:lag6:exposure,oni,6,exposure,0.0005983488746251887,0.03476205233570111,0.017212702772749586,18013
33,False,oni:lag6:uniform,oni,6,uniform,0.0004595566002223563,0.001883216241504292,0.24402752593895835,18013
33,False,oni:lag9:exposure,oni,9,exposure,-0.02475653645483178,0.03469258410889912,-0.7135973606670998,18013
33,False,oni:lag9:uniform,oni,9,uniform,0.0024531091390571223,0.001879143425226938,1.3054400777103368,18013
33,False,oni:lag12:exposure,oni,12,exposure,-0.010775271361140929,0.03459924000414824,-0.31143086841933637,18013
33,False,oni:lag12:uniform,oni,12,uniform,0.0031745477804884102,0.0018739391095182103,1.6940506574434995,18013
34,False,roni:lag0:exposure,roni,0,exposure,0.0010751189047673525,0.03400608187180178,0.031615488924022536,17992
34,False,roni:lag0:uniform,roni,0,uniform,0.002565089423019343,0.0018407767309338771,1.393482099112586,17992
34,False,roni:lag3:exposure,roni,3,exposure,-0.001881663324089886,0.03399489946488292,-0.05535134251635789,18013
34,False,roni:lag3:uniform,roni,3,uniform,0.0030450892893789847,0.0018401143575656432,1.6548369816577315,18013
34,False,roni:lag6:exposure,roni,6,exposure,-0.023728191711629085,0.0342872278691444,-0.6920417072557343,18013
34,False,roni:lag6:uniform,roni,6,uniform,0.001673566134494345,0.001856047619074522,0.9016827571098809,18013
34,False,roni:lag9:exposure,roni,9,exposure,-0.046028515010173646,0.03471421386047757,-1.3259270451916385,18013
34,False,roni:lag9:uniform,roni,9,uniform,0.0003273645437152551,0.0018795889235020211,0.17416815965552432,18013
34,False,roni:lag12:exposure,roni,12,exposure,-0.03433940874086789,0.03489154614936227,-0.9841756107301519,18013
34,False,roni:lag12:uniform,roni,12,uniform,-0.0008169940471528013,0.0018893605271984753,-0.4324182893585862,18013
34,False,oni:lag0:exposure,oni,0,exposure,-0.010867138322190328,0.03460868552807044,-0.31400031975719506,17992
34,False,oni:lag0:uniform,oni,0,uniform,0.0031811858420552237,0.001874450690665275,1.697129648647181,17992
34,False,oni:lag3:exposure,oni,3,exposure,-0.015201985580329964,0.03458994524351934,-0.43949146127018396,18013
34,False,oni:lag3:uniform,oni,3,uniform,0.0029025968186393142,0.001873483917922691,1.549304368653294,18013
34,False,oni:lag6:exposure,oni,6,exposure,-0.03325819240330919,0.03475254620007512,-0.9570001637243288,18013
34,False,oni:lag6:uniform,oni,6,uniform,0.0010391700843551416,0.0018823551970813587,0.5520584456995163,18013
34,False,oni:lag9:exposure,oni,9,exposure,-0.05381090346312992,0.03497825464982746,-1.5384101923277453,18013
34,False,oni:lag9:uniform,oni,9,uniform,-6.511219256073176e-05,0.001894770783712493,-0.034364152709361016,18013
34,False,oni:lag12:exposure,oni,12,exposure,-0.0454112967741382,0.03506037856973383,-1.2952312161666129,18013
34,False,oni:lag12:uniform,oni,12,uniform,-0.0009489219529146505,0.0018992536028540616,-0.4996288813082565,18013
35,False,roni:lag0:exposure,roni,0,exposure,-0.03593156589798563,0.034924833632370575,-1.0288256853622333,17992
35,False,roni:lag0:uniform,roni,0,uniform,-0.0007033849496626138,0.0018912033468154485,-0.3719245478531046,17992
35,False,roni:lag3:exposure,roni,3,exposure,0.029069057222882076,0.03495950644225612,0.8315065108512469,18013
35,False,roni:lag3:uniform,roni,3,uniform,0.0005935806710475347,0.001893082024879345,0.31355253668174593,18013
35,False,roni:lag6:exposure,roni,6,exposure,0.05850684743490737,0.03496427315121975,1.6733322949934202,18013
35,False,roni:lag6:uniform,roni,6,uniform,0.0008238363848156771,0.0018933243945732608,0.43512690544578486,18013
35,False,roni:lag9:exposure,roni,9,exposure,0.0908682053656556,0.03493137182407718,2.601335150056225,18013
35,False,roni:lag9:uniform,roni,9,uniform,3.76865147738888e-05,0.001891616432690559,0.019922915725724067,18013
35,False,roni:lag12:exposure,roni,12,exposure,0.07093583935578034,0.034905747811749474,2.032210847862223,18013
35,False,roni:lag12:uniform,roni,12,uniform,-5.635426065063019e-05,0.001890100349147698,-0.02981548608043059,18013
35,False,oni:lag0:exposure,oni,0,exposure,-0.04670867642529699,0.03508528434851774,-1.331289664388036,17992
35,False,oni:lag0:uniform,oni,0,uniform,-0.0008573454490944512,0.0019006209501951571,-0.45108702448345545,17992
35,False,oni:lag3:exposure,oni,3,exposure,0.027228928177682587,0.035110747477661006,0.7755154798400924,18013
35,False,oni:lag3:uniform,oni,3,uniform,0.0006481008245617554,0.001901941541576477,0.34075748933090716,18013
35,False,oni:lag6:exposure,oni,6,exposure,0.054271268939243736,0.0351137951614109,1.5455825463972168,18013
35,False,oni:lag6:uniform,oni,6,uniform,0.0005848087712843037,0.0019020351706765118,0.3074647515988362,18013
35,False,oni:lag9:exposure,oni,9,exposure,0.08844508042006646,0.03506978981949223,2.5219734955727504,18013
35,False,oni:lag9:uniform,oni,9,uniform,-0.0005792595140233972,0.0018996144348732763,-0.304935308654906,18013
35,False,oni:lag12:exposure,oni,12,exposure,0.05714367619642004,0.035044262293605605,1.630614327608398,18013
35,False,oni:lag12:uniform,oni,12,uniform,-0.000441285505796905,0.0018979774838352702,-0.23250302469615872,18013
36,False,roni:lag0:exposure,roni,0,exposure,0.07032630486553747,0.034919247611051016,2.013969649314009,17992
36,False,roni:lag0:uniform,roni,0,uniform,-9.587881431176286e-06,0.0018908347773679498,-0.005070713499633563,17992
36,False,roni:lag3:exposure,roni,3,exposure,0.024063080012389663,0.03488602827298524,0.6897626701467601,18013
36,False,roni:lag3:uniform,roni,3,uniform,0.0011667489783154532,0.0018893631771217984,0.6175355762425968,18013
36,False,roni:lag6:exposure,roni,6,exposure,-0.005357875932962165,0.03479679335545166,-0.15397614022163164,18013
36,False,roni:lag6:uniform,roni,6,uniform,0.0008772662657694324,0.00188509270119512,0.4653703582923317,18013
36,False,roni:lag9:exposure,roni,9,exposure,-0.009794350607695684,0.03458087647402377,-0.2832302592171988,18013
36,False,roni:lag9:uniform,roni,9,uniform,0.002446775697912511,0.0018732911455575775,1.306137438227328,18013
36,False,roni:lag12:exposure,roni,12,exposure,0.002178164203019722,0.03446272145648951,0.06320348802893401,18013
36,False,roni:lag12:uniform,roni,12,uniform,0.005158074074897351,0.0018665758405777143,2.763388426425203,18013
36,False,oni:lag0:exposure,oni,0,exposure,0.05654233252940814,0.035057457467019305,1.6128474970725122,17992
36,False,oni:lag0:uniform,oni,0,uniform,-0.0003967186261641454,0.0018986899419029763,-0.2089433442547924,17992
36,False,oni:lag3:exposure,oni,3,exposure,0.012288003494710561,0.035016365685531445,0.3509217262883421,18013
36,False,oni:lag3:uniform,oni,3,uniform,0.0008808023898594509,0.0018967113877329362,0.4643839835391293,18013
36,False,oni:lag6:exposure,oni,6,exposure,-0.01954913424915997,0.03493451032892453,-0.5595937674550424,18013
36,False,oni:lag6:uniform,oni,6,uniform,0.0005622310546265113,0.0018928520675616698,0.29702852339156377,18013
36,False,oni:lag9:exposure,oni,9,exposure,-0.02941897398278482,0.034719880452444736,-0.8473235967237709,18013
36,False,oni:lag9:uniform,oni,9,uniform,0.0015390118431963516,0.0018810760417053828,0.8181550394959494,18013
36,False,oni:lag12:exposure,oni,12,exposure,-0.019699519909280417,0.03458407678551146,-0.5696124268823411,18013
36,False,oni:lag12:uniform,oni,12,uniform,0.004161556647787204,0.0018734176537885802,2.2213715341965314,18013
37,False,roni:lag0:exposure,roni,0,exposure,0.0028611733521018688,0.034476732268285945,0.08298853063675561,17992
37,False,roni:lag0:uniform,roni,0,uniform,0.005110055759095243,0.0018673335145962188,2.7365522651159675,17992
37,False,roni:lag3:exposure,roni,3,exposure,0.0014568280953356474,0.034412174157668333,0.04233467169673181,18013
37,False,roni:lag3:uniform,roni,3,uniform,0.001391194723111694,0.0018639441054626603,0.7463714813306472,18013
37,False,roni:lag6:exposure,roni,6,exposure,-0.04268221746781013,0.034417885770030535,-1.2401173550577527,18013
37,False,roni:lag6:uniform,roni,6,uniform,0.0007847027631153432,0.0018641009582378034,0.4209550773779704,18013
37,False,roni:lag9:exposure,roni,9,exposure,-0.0586518402160499,0.034504343128673065,-1.6998393505804865,18013
37,False,roni:lag9:uniform,roni,9,uniform,-0.00015892515277983363,0.0018676595242805663,-0.08509321464309859,18013
37,False,roni:lag12:exposure,roni,12,exposure,-0.028944953103185116,0.034641858964179206,-0.835548494470667,18013
37,False,roni:lag12:uniform,roni,12,uniform,-0.0004413599693752561,0.00187405871786365,-0.23551021383064685,18013
37,False,oni:lag0:exposure,oni,0,exposure,-0.01905760715907987,0.03459780288545587,-0.550832872890066,17992
37,False,oni:lag0:uniform,oni,0,uniform,0.0041145982410858385,0.0018741659528586881,2.1954289772524103,17992
37,False,oni:lag3:exposure,oni,3,exposure,-0.009102090729089334,0.03451635428601627,-0.2637037113962205,18013
37,False,oni:lag3:uniform,oni,3,uniform,0.0008470977566486552,0.0018698618233184436,0.4530269274899206,18013
37,False,oni:lag6:exposure,oni,6,exposure,-0.05137195014796256,0.03452315892556917,-1.4880431497800897,18013
37,False,oni:lag6:uniform,oni,6,uniform,-0.00025292451271229403,0.0018702049262083933,-0.1352389297920773,18013
37,False,oni:lag9:exposure,oni,9,exposure,-0.0638821855785195,0.034613981552636876,-1.8455601671068953,18013
37,False,oni:lag9:uniform,oni,9,uniform,-0.0012264124925621927,0.0018743329400465268,-0.6543194468597182,18013
37,False,oni:lag12:exposure,oni,12,exposure,-0.03819870064977992,0.034747968080606755,-1.0993074634225608,18013
37,False,oni:lag12:uniform,oni,12,uniform,-0.001079360317923399,0.001880825070609923,-0.5738759732575124,18013
38,False,roni:lag0:exposure,roni,0,exposure,-0.02650797911113926,0.03471456427250707,-0.7635982091854401,17992
38,False,roni:lag0:uniform,roni,0,uniform,-0.000628625695415877,0.001878018435381774,-0.33472818134934146,17992
38,False,roni:lag3:exposure,roni,3,exposure,-0.009605390504251883,0.034821236572523485,-0.275848632895227,18013
38,False,roni:lag3:uniform,roni,3,uniform,-0.0010490593236391255,0.001883576176732912,-0.5569508345867555,18013
38,False,roni:lag6:exposure,roni,6,exposure,-0.012958281870562373,0.03485013626614467,-0.37182872892094704,18013
38,False,roni:lag6:uniform,roni,6,uniform,0.0005859197247241067,0.0018852820808609905,0.3107862375992683,18013
38,False,roni:lag9:exposure,roni,9,exposure,-0.04166129982540152,0.0344131954012167,-1.2106199188910123,18013
38,False,roni:lag9:uniform,roni,9,uniform,0.0006735020673948826,0.0018615550385509393,0.3617954094546386,18013
38,False,roni:lag12:exposure,roni,12,exposure,-0.04050298888464589,0.034066240055490075,-1.188948026511616,18013
38,False,roni:lag12:uniform,roni,12,uniform,-0.0020374523298302026,0.0018426345555679806,-1.1057278415155796,18013
38,False,oni:lag0:exposure,oni,0,exposure,-0.036163809878652795,0.0348024821315669,-1.0391158234616584,17992
38,False,oni:lag0:uniform,oni,0,uniform,-0.0012394379142783743,0.0018838149770701053,-0.6579403653569367,17992
38,False,oni:lag3:exposure,oni,3,exposure,-0.017834158854694204,0.03487533208881738,-0.5113688612133,18013
38,False,oni:lag3:uniform,oni,3,uniform,-0.001373766545219492,0.0018877609784393643,-0.7277227153806315,18013
38,False,oni:lag6:exposure,oni,6,exposure,-0.018914483639921174,0.03479599580331261,-0.5435821910899443,18013
38,False,oni:lag6:uniform,oni,6,uniform,9.693020071788255e-06,0.001883695530621922,0.005145746705991282,18013
38,False,oni:lag9:exposure,oni,9,exposure,-0.04160113238608428,0.034350045802548704,-1.2110939422094618,18013
38,False,oni:lag9:uniform,oni,9,uniform,-0.00030943328670956366,0.001859386695412088,-0.16641685533895104,18013
38,False,oni:lag12:exposure,oni,12,exposure,-0.03575942136903132,0.03404393649445268,-1.0503903206040281,18013
38,False,oni:lag12:uniform,oni,12,uniform,-0.0031395983435854565,0.0018425509453840875,-1.7039411319674496,18013
39,False,roni:lag0:exposure,roni,0,exposure,-0.04296305707269015,0.034131092464187406,-1.258765951244304,17992
39,False,roni:lag0:uniform,roni,0,uniform,-0.0018713320051540552,0.0018462430255718702,-1.013589207506641,17992
39,False,roni:lag3:exposure,roni,3,exposure,-0.020861972181918167,0.033950437172713024,-0.614483167795128,18013
39,False,roni:lag3:uniform,roni,3,uniform,-0.0034665534316362895,0.0018364371790300545,-1.8876515195947017,18013
39,False,roni:lag6:exposure,roni,6,exposure,-0.004081722646997296,0.03401703971920668,-0.11999053064845841,18013
39,False,roni:lag6:uniform,roni,6,uniform,-0.0019750052232794055,0.001840111517064575,-1.0733073539097342,18013
39,False,roni:lag9:exposure,roni,9,exposure,-0.0008851645648673994,0.034212531759908724,-0.025872524462064568,18013
39,False,roni:lag9:uniform,roni,9,uniform,-0.003047435794116,0.0018508750222036262,-1.6464838293013244,18013
39,False,roni:lag12:exposure,roni,12,exposure,0.017905009195718614,0.034308672841757225,0.5218799712335813,18013
39,False,roni:lag12:uniform,roni,12,uniform,-0.004788043831270207,0.0018562424846779882,-2.57942799542206,18013
39,False,oni:lag0:exposure,oni,0,exposure,-0.03853240249699693,0.03412306754689725,-1.129218598065361,17992
39,False,oni:lag0:uniform,oni,0,uniform,-0.0029589223966323065,0.0018469282909272832,-1.6020775745152114,17992
39,False,oni:lag3:exposure,oni,3,exposure,-0.017289117810271055,0.03398536721097723,-0.5087224069977591,18013
39,False,oni:lag3:uniform,oni,3,uniform,-0.004109873132496908,0.001839417763578256,-2.2343337190035015,18013
39,False,oni:lag6:exposure,oni,6,exposure,0.0025269284918215244,0.03406086402726899,0.0741886198130052,18013
39,False,oni:lag6:uniform,oni,6,uniform,-0.002934472019776547,0.001843564352858905,-1.5917383167156158,18013
39,False,oni:lag9:exposure,oni,9,exposure,0.0062800680772726585,0.03418496706229927,0.18370847237698826,18013
39,False,oni:lag9:uniform,oni,9,uniform,-0.003485601468173775,0.0018503460809888568,-1.8837565058699774,18013
39,False,oni:lag12:exposure,oni,12,exposure,0.021276468607430512,0.034246621943711364,0.6212720379370867,18013
39,False,oni:lag12:uniform,oni,12,uniform,-0.004794927330027667,0.0018537685306288625,-2.5865836272455556,18013
40,False,roni:lag0:exposure,roni,0,exposure,0.016872547775259737,0.034329513788712955,0.49148810784518554,17992
40,False,roni:lag0:uniform,roni,0,uniform,-0.004713101517639776,0.0018573915915178053,-2.537484038994905,17992
40,False,roni:lag3:exposure,roni,3,exposure,0.06201825603201426,0.03431728499782941,1.8072017071262179,18013
40,False,roni:lag3:uniform,roni,3,uniform,-0.004059626875594237,0.0018568970828773618,-2.186242260289206,18013
40,False,roni:lag6:exposure,roni,6,exposure,0.07910044678328082,0.03430147111170291,2.306036569851183,18013
40,False,roni:lag6:uniform,roni,6,uniform,-0.0034979360743128377,0.0018561362779814976,-1.8845254606610873,18013
40,False,roni:lag9:exposure,roni,9,exposure,0.0695729110589298,0.03423855114646579,2.0320051149743623,18013
40,False,roni:lag9:uniform,roni,9,uniform,-0.00031607983612553814,0.001852534392297849,-0.17062022569712113,18013
40,False,roni:lag12:exposure,roni,12,exposure,0.02582293387416726,0.03416442541576409,0.7558427680230233,18013
40,False,roni:lag12:uniform,roni,12,uniform,0.0019327926425559562,0.0018482121483092584,1.0457634121299721,18013
40,False,oni:lag0:exposure,oni,0,exposure,0.020434956485361134,0.03426337756192837,0.5964081167545888,17992
40,False,oni:lag0:uniform,oni,0,uniform,-0.004734365708568207,0.001854681570886288,-2.5526568996454833,17992
40,False,oni:lag3:exposure,oni,3,exposure,0.05764024929877275,0.034250219636792624,1.6829161946994886,18013
40,False,oni:lag3:uniform,oni,3,uniform,-0.0038644210509008676,0.0018540936380628764,-2.0842642310872415,18013
40,False,oni:lag6:exposure,oni,6,exposure,0.07163793059547757,0.03423855373751265,2.0923176587622385,18013
40,False,oni:lag6:uniform,oni,6,uniform,-0.0032474551157177715,0.0018535107651743963,-1.7520562473842547,18013
40,False,oni:lag9:exposure,oni,9,exposure,0.06470732214024348,0.03418186157670861,1.8930309572236639,18013
40,False,oni:lag9:uniform,oni,9,uniform,-2.079918224959878e-05,0.0018502945485461976,-0.01124101147351971,18013
40,False,oni:lag12:exposure,oni,12,exposure,0.019607406357480865,0.03410379097505102,0.5749333372300125,18013
40,False,oni:lag12:uniform,oni,12,uniform,0.0022853756294660423,0.0018457958665488476,1.2381518839020336,18013
41,False,roni:lag0:exposure,roni,0,exposure,0.026178459326498656,0.03417487126464262,0.7660148629025834,17992
41,False,roni:lag0:uniform,roni,0,uniform,0.0019083527579793044,0.001848774132545815,1.0322260163557395,17992
41,False,roni:lag3:exposure,roni,3,exposure,-0.007846101285643971,0.034164433353066376,-0.22965700044135978,18013
41,False,roni:lag3:uniform,roni,3,uniform,0.0006065737799629472,0.0018481253580525895,0.3282103009517208,18013
41,False,roni:lag6:exposure,roni,6,exposure,-0.014981872140819618,0.034208682782739176,-0.4379552476770338,18013
41,False,roni:lag6:uniform,roni,6,uniform,0.0006599495455951736,0.0018504819555705588,0.3566365743845859,18013
41,False,roni:lag9:exposure,roni,9,exposure,0.011514979849108622,0.03414484383049036,0.3372392009251505,18013
41,False,roni:lag9:uniform,roni,9,uniform,0.0021288829081424357,0.0018469026036430883,1.1526774091623078,18013
41,False,roni:lag12:exposure,roni,12,exposure,0.01768601248377771,0.034080895044010955,0.5189421363769517,18013
41,False,roni:lag12:uniform,roni,12,uniform,0.0006079954970624538,0.0018433943815140063,0.32982388530613743,18013
41,False,oni:lag0:exposure,oni,0,exposure,0.02018848491329287,0.03411644131397749,0.59175236735555,17992
41,False,oni:lag0:uniform,oni,0,uniform,0.002243305969927401,0.0018464852459323686,1.2149059814418723,17992
41,False,oni:lag3:exposure,oni,3,exposure,-0.016294171376848743,0.03411427816169333,-0.47763494509889254,18013
41,False,oni:lag3:uniform,oni,3,uniform,0.0013565608960493148,0.0018463250755050638,0.7347356725240957,18013
41,False,oni:lag6:exposure,oni,6,exposure,-0.019568768356677604,0.0341723481025025,-0.5726492162019311,18013
41,False,oni:lag6:uniform,oni,6,uniform,0.0009089091691489315,0.0018494652387020772,0.491444310565571,18013
41,False,oni:lag9:exposure,oni,9,exposure,0.01088107522133336,0.03419563522996153,0.3182007045097843,18013
41,False,oni:lag9:uniform,oni,9,uniform,0.002103548706763734,0.0018507137829352099,1.1366148164885501,18013
41,False,oni:lag12:exposure,oni,12,exposure,0.006991047441186074,0.03419274051167989,0.2044599916990568,18013
41,False,oni:lag12:uniform,oni,12,uniform,0.0006465960884133028,0.0018505532608628103,0.3494069055390661,18013
42,False,roni:lag0:exposure,roni,0,exposure,0.018018522082459507,0.03409115509884942,0.5285395003546721,17992
42,False,roni:lag0:uniform,roni,0,uniform,0.0005852726860806097,0.0018439454053244698,0.3174023940137329,17992
42,False,roni:lag3:exposure,roni,3,exposure,-0.015671812850995732,0.03406674619982542,-0.4600325713254072,18013
42,False,roni:lag3:uniform,roni,3,uniform,-0.0015775946535621227,0.0018425702516010312,-0.856192404165503,18013
42,False,roni:lag6:exposure,roni,6,exposure,-0.0459554568411438,0.03408765991572755,-1.3481552255202072,18013
42,False,roni:lag6:uniform,roni,6,uniform,-0.00047169607580353014,0.0018437471553680424,-0.25583555447404704,18013
42,False,roni:lag9:exposure,roni,9,exposure,-0.05568191731198457,0.03413613664246571,-1.6311722060168836,18013
42,False,roni:lag9:uniform,roni,9,uniform,0.00023791764575302793,0.001846168985814458,0.1288710012903114,18013
42,False,roni:lag12:exposure,roni,12,exposure,-0.026078412717865738,0.03420323460696045,-0.7624545753505637,18013
42,False,roni:lag12:uniform,roni,12,uniform,-0.0004299431836296439,0.0018495258247273536,-0.2324613032602687,18013
42,False,oni:lag0:exposure,oni,0,exposure,0.007404834012960012,0.03420372056077694,0.2164920626047768,17992
42,False,oni:lag0:uniform,oni,0,uniform,0.0006164052446140829,0.001851148971058374,0.3329852185054885,17992
42,False,oni:lag3:exposure,oni,3,exposure,-0.028522422335834012,0.034201538692459975,-0.8339514368726934,18013
42,False,oni:lag3:uniform,oni,3,uniform,-0.001128344728479718,0.0018510370993448755,-0.6095743455812231,18013
42,False,oni:lag6:exposure,oni,6,exposure,-0.05950767276884103,0.03422051921887116,-1.7389471032930757,18013
42,False,oni:lag6:uniform,oni,6,uniform,-0.00026137106729010127,0.0018521876059702266,-0.1411147912056068,18013
42,False,oni:lag9:exposure,oni,9,exposure,-0.06636374250702474,0.034272902361716984,-1.9363327274305604,18013
42,False,oni:lag9:uniform,oni,9,uniform,0.0006734277952804825,0.0018549540694159808,0.3630428409974089,18013
42,False,oni:lag12:exposure,oni,12,exposure,-0.039829575966226306,0.034333050795989764,-1.1600942835781596,18013
42,False,oni:lag12:uniform,oni,12,uniform,0.0002262459107120561,0.0018580515595276045,0.12176514131264334,18013
43,False,roni:lag0:exposure,roni,0,exposure,-0.025605776352556026,0.03421464227658149,-0.7483864991358429,17992
43,False,roni:lag0:uniform,roni,0,uniform,-0.00046311873046263894,0.0018501351618808869,-0.2503161606808351,17992
43,False,roni:lag3:exposure,roni,3,exposure,-0.01697425448185945,0.034180828956865195,-0.49660160387801777,18013
43,False,roni:lag3:uniform,roni,3,uniform,-0.0005227692391440602,0.001848248284925653,-0.2828457861466859,18013
43,False,roni:lag6:exposure,roni,6,exposure,-0.03672531387649307,0.03426454374817837,-1.0718168070878085,18013
43,False,roni:lag6:uniform,roni,6,uniform,-0.0014154116360275957,0.0018526884587043418,-0.7639771432577763,18013
43,False,roni:lag9:exposure,roni,9,exposure,-0.04968867174188812,0.03478987246883969,-1.4282510459442719,18013
43,False,roni:lag9:uniform,roni,9,uniform,-0.0006640941312388779,0.001881279955106257,-0.3530012263386759,18013
43,False,roni:lag12:exposure,roni,12,exposure,-0.023957823566438784,0.03521492769773019,-0.6803314711329935,18013
43,False,roni:lag12:uniform,roni,12,uniform,-5.4135993958644784e-05,0.0019046045741540965,-0.02842374458892,18013
43,False,oni:lag0:exposure,oni,0,exposure,-0.039682382786947176,0.034342576409144225,-1.1554864816834518,17992
43,False,oni:lag0:uniform,oni,0,uniform,0.00021576153817124986,0.0018585662037962167,0.1160903161429202,17992
43,False,oni:lag3:exposure,oni,3,exposure,-0.02772554018979156,0.03433517613017372,-0.8074966641987423,18013
43,False,oni:lag3:uniform,oni,3,uniform,0.00015755652527896114,0.0018581078375411613,0.08479406958826248,18013
43,False,oni:lag6:exposure,oni,6,exposure,-0.03774031284299244,0.034453703189849805,-1.0953920580041125,18013
43,False,oni:lag6:uniform,oni,6,uniform,-0.0008793435186212805,0.0018644468357660706,-0.47163775429400895,18013
43,False,oni:lag9:exposure,oni,9,exposure,-0.04649231210748788,0.03489888019571072,-1.3322006851441057,18013
43,False,oni:lag9:uniform,oni,9,uniform,8.873853539617817e-06,0.0018886800381673727,0.004698441959617634,18013
43,False,oni:lag12:exposure,oni,12,exposure,-0.022446418835395974,0.035238232766658245,-0.6369904808800274,18013
43,False,oni:lag12:uniform,oni,12,uniform,0.0011713137745053706,0.0019073432050610258,0.6141075037766442,18013
44,False,roni:lag0:exposure,roni,0,exposure,-0.026202822275121062,0.03527159150780181,-0.7428874387288477,17992
44,False,roni:lag0:uniform,roni,0,uniform,0.00010768413745476087,0.0019077520676624214,0.05644556191555164,17992
44,False,roni:lag3:exposure,roni,3,exposure,-0.0041123396280838345,0.03525528098932593,-0.11664464195673005,18013
44,False,roni:lag3:uniform,roni,3,uniform,0.002143879336327709,0.0019075103022650574,1.1239149449321335,18013
44,False,roni:lag6:exposure,roni,6,exposure,0.021873402269539464,0.034953692755140105,0.6257823006790285,18013
44,False,roni:lag6:uniform,roni,6,uniform,0.003182435508384704,0.0018912470335493792,1.6827180436667228,18013
44,False,roni:lag9:exposure,roni,9,exposure,0.034975527918924054,0.03450788564873434,1.0135517508939835,18013
44,False,roni:lag9:uniform,roni,9,uniform,0.0029475646970026424,0.0018668087552235729,1.578932329707033,18013
44,False,roni:lag12:exposure,roni,12,exposure,0.027076127912355894,0.03433655754351735,0.7885510327597705,18013
44,False,roni:lag12:uniform,roni,12,uniform,0.0012519035772306226,0.0018573509232612479,0.6740264112462149,18013
44,False,oni:lag0:exposure,oni,0,exposure,-0.024406998141758326,0.03528352394223915,-0.6917392429881373,17992
44,False,oni:lag0:uniform,oni,0,uniform,0.00131509175499557,0.00190984278020862,0.6885863949764058,17992
44,False,oni:lag3:exposure,oni,3,exposure,0.0017580472407696848,0.03527508015290199,0.049838221008976356,18013
44,False,oni:lag3:uniform,oni,3,uniform,0.003173645427054622,0.0019100086599056249,1.6615869308212636,18013
44,False,oni:lag6:exposure,oni,6,exposure,0.02904216246598863,0.035109501750719516,0.8271881119871903,18013
44,False,oni:lag6:uniform,oni,6,uniform,0.004282333456462232,0.0019011660134090177,2.2524773882231863,18013
44,False,oni:lag9:exposure,oni,9,exposure,0.03671509984297698,0.03487935247483057,1.0526313488609373,18013
44,False,oni:lag9:uniform,oni,9,uniform,0.0034601189448410182,0.0018882242856072657,1.8324724298989834,18013
44,False,oni:lag12:exposure,oni,12,exposure,0.027369068651758473,0.034801366877553155,0.7864366002650169,18013
44,False,oni:lag12:uniform,oni,12,uniform,0.001495670037808782,0.0018836069873897,0.7940457047685301,18013
45,False,roni:lag0:exposure,roni,0,exposure,0.027430691475105823,0.03434701820863875,0.7986338525364808,17992
45,False,roni:lag0:uniform,roni,0,uniform,0.0012277573816551948,0.001857912643475891,0.6608262158969083,17992
45,False,roni:lag3:exposure,roni,3,exposure,0.002021448786852231,0.03427872869859141,0.05897093805976815,18013
45,False,roni:lag3:uniform,roni,3,uniform,0.0020356382246682725,0.0018541328253634756,1.0978923391150337,18013
45,False,roni:lag6:exposure,roni,6,exposure,-0.0002055108356243599,0.03426651826637452,-0.005997423900111444,18013
45,False,roni:lag6:uniform,roni,6,uniform,0.0012841434682201065,0.0018534770189055252,0.6928294524948525,18013
45,False,roni:lag9:exposure,roni,9,exposure,0.001593325442415205,0.03424251814567055,0.0465306154073443,18013
45,False,roni:lag9:uniform,roni,9,uniform,-0.0006932451188394525,0.0018522011574697438,-0.3742817652627327,18013
45,False,roni:lag12:exposure,roni,12,exposure,0.007171238227793047,0.034235137866112694,0.20947011388820563,18013
45,False,roni:lag12:uniform,roni,12,uniform,-0.0028391170332845712,0.0018517689929406984,-1.5331917988193098,18013
45,False,oni:lag0:exposure,oni,0,exposure,0.02783361006866567,0.034812884117983944,0.7995203722373332,17992
45,False,oni:lag0:uniform,oni,0,uniform,0.0014622139054236494,0.0018842324027157579,0.7760263029741713,17992
45,False,oni:lag3:exposure,oni,3,exposure,0.004387953350994748,0.03476170703491771,0.12622951302670787,18013
45,False,oni:lag3:uniform,oni,3,uniform,0.0020970225871051263,0.001881306743383141,1.1146627706941958,18013
45,False,oni:lag6:exposure,oni,6,exposure,0.0010655740432910614,0.03476253941996475,0.03065294023597951,18013
45,False,oni:lag6:uniform,oni,6,uniform,0.0010268067856327634,0.0018813521078757812,0.5457812927916627,18013
45,False,oni:lag9:exposure,oni,9,exposure,0.00297948354090382,0.03476185686171615,0.08571128846069147,18013
45,False,oni:lag9:uniform,oni,9,uniform,-0.0014422071359900786,0.0018813359911114332,-0.7665866930755248,18013
45,False,oni:lag12:exposure,oni,12,exposure,0.012573268424935884,0.03475337028673146,0.36178558572019276,18013
45,False,oni:lag12:uniform,oni,12,uniform,-0.003621795341731542,0.0018808285830673329,-1.9256381864555507,18013
46,False,roni:lag0:exposure,roni,0,exposure,0.007432197570914568,0.03424500571187076,0.2170301162583324,17992
46,False,roni:lag0:uniform,roni,0,uniform,-0.0028566062635280855,0.0018522985366404318,-1.5421953896855072,17992
46,False,roni:lag3:exposure,roni,3,exposure,0.022681858311366283,0.03422009548994429,0.6628227650045989,18013
46,False,roni:lag3:uniform,roni,3,uniform,-0.005497681874114659,0.0018512197909202174,-2.9697618300535953,18013
46,False,roni:lag6:exposure,roni,6,exposure,0.04235414173996617,0.034209153640927845,1.2380938208682737,18013
46,False,roni:lag6:uniform,roni,6,uniform,-0.006061281740478888,0.0018509567189419,-3.274675025326266,18013
46,False,roni:lag9:exposure,roni,9,exposure,0.03289865125564987,0.03425248780978729,0.9604747964102457,18013
46,False,roni:lag9:uniform,roni,9,uniform,-0.005779348456618665,0.0018527104864163543,-3.1194018164152,18013
46,False,roni:lag12:exposure,roni,12,exposure,0.012144756135383131,0.03428892066616031,0.3541889304019061,18013
46,False,roni:lag12:uniform,roni,12,uniform,-0.003423541695446839,0.001854116146628129,-1.8464548198195925,18013
46,False,oni:lag0:exposure,oni,0,exposure,0.012730696874129302,0.03476299846762432,0.36621400441005486,17992
46,False,oni:lag0:uniform,oni,0,uniform,-0.0036331302872512606,0.0018813496328138456,-1.9311297718847504,17992
46,False,oni:lag3:exposure,oni,3,exposure,0.03141326990396752,0.03473890367971687,0.9042677395230784,18013
46,False,oni:lag3:uniform,oni,3,uniform,-0.005821427297580175,0.0018803736522239078,-3.0958885701760415,18013
46,False,oni:lag6:exposure,oni,6,exposure,0.04788871095313214,0.03474042166284791,1.3784723575864155,18013
46,False,oni:lag6:uniform,oni,6,uniform,-0.005841558602290562,0.0018807189682887577,-3.1060241858493733,18013
46,False,oni:lag9:exposure,oni,9,exposure,0.03471224939360916,0.03479353184943058,0.9976638630371539,18013
46,False,oni:lag9:uniform,oni,9,uniform,-0.0055574469770094115,0.0018828051497021782,-2.951684606284664,18013
46,False,oni:lag12:exposure,oni,12,exposure,0.016812968596779197,0.034825908405060585,0.4827718605707953,18013
46,False,oni:lag12:uniform,oni,12,uniform,-0.0024880235321602215,0.0018840184432029733,-1.3205940425563956,18013
47,False,roni:lag0:exposure,roni,0,exposure,0.011732866471385498,0.03430015562933539,0.3420645258341307,17992
47,False,roni:lag0:uniform,roni,0,uniform,-0.0033922311111696255,0.0018547288184744398,-1.8289633920498518,17992
47,False,roni:lag3:exposure,roni,3,exposure,0.021196562725268153,0.03427880857476009,0.6183576269589325,18013
47,False,roni:lag3:uniform,roni,3,uniform,-0.00022895352035075944,0.0018534290559295511,-0.12352969196111598,18013
47,False,roni:lag6:exposure,roni,6,exposure,0.06278129981369898,0.034192311967049596,1.836123274559497,18013
47,False,roni:lag6:uniform,roni,6,uniform,0.0001191438779170697,0.001848951567991619,0.06443861482347371,18013
47,False,roni:lag9:exposure,roni,9,exposure,0.05624512565646843,0.033928778637771884,1.6577409477938716,18013
47,False,roni:lag9:uniform,roni,9,uniform,-0.0018280078712267797,0.0018341144796007395,-0.9966705413201421,18013
47,False,roni:lag12:exposure,roni,12,exposure,0.02380621641941811,0.03366234668184878,0.7072060853159343,18013
47,False,roni:lag12:uniform,roni,12,uniform,-0.001261790084585924,0.0018187953197352136,-0.693750457181526,18013
47,False,oni:lag0:exposure,oni,0,exposure,0.016423006555169546,0.034836894265072416,0.4714256796317032,17992
47,False,oni:lag0:uniform,oni,0,uniform,-0.00245970252509394,0.0018846127591759254,-1.3051500968132472,17992
47,False,oni:lag3:exposure,oni,3,exposure,0.021943663818748065,0.03481467355828272,0.630299284065166,18013
47,False,oni:lag3:uniform,oni,3,uniform,0.0011053139400485205,0.0018833290639681901,0.5868936879886592,18013
47,False,oni:lag6:exposure,oni,6,exposure,0.053080724343839994,0.034734789821357845,1.5281717441457365,18013
47,False,oni:lag6:uniform,oni,6,uniform,0.0011033380854644477,0.0018791878397533544,0.5871356030109594,18013
47,False,oni:lag9:exposure,oni,9,exposure,0.04306135612332836,0.034462366017066544,1.249518274572425,18013
47,False,oni:lag9:uniform,oni,9,uniform,-0.0008705251029777297,0.0018639372493204367,-0.4670356275647745,18013
47,False,oni:lag12:exposure,oni,12,exposure,0.008889274280324672,0.034237136254087724,0.2596383708717268,18013
47,False,oni:lag12:uniform,oni,12,uniform,0.00029998902159671304,0.001850998709715944,0.16206873620281975,18013
48,False,roni:lag0:exposure,roni,0,exposure,0.024313601996175424,0.033673885259548585,0.7220313845216613,17992
48,False,roni:lag0:uniform,roni,0,uniform,-0.0012975977253821879,0.0018194160820882753,-0.7131946002658398,17992
48,False,roni:lag3:exposure,roni,3,exposure,-0.016657359527766195,0.03343349122775383,-0.4982237545667554,18013
48,False,roni:lag3:uniform,roni,3,uniform,0.0018193118383108182,0.0018060931686188252,1.0073189301203669,18013
48,False,roni:lag6:exposure,roni,6,exposure,-0.050258234682599955,0.03333364003308223,-1.5077331678364794,18013
48,False,roni:lag6:uniform,roni,6,uniform,0.004011588006622113,0.0018007554105926788,2.2277250886070017,18013
48,False,roni:lag9:exposure,roni,9,exposure,-0.07410862753304627,0.03338512701347443,-2.219809662642158,18013
48,False,roni:lag9:uniform,roni,9,uniform,0.0027747442966188454,0.0018037833012472316,1.5382913760761838,18013
48,False,roni:lag12:exposure,roni,12,exposure,-0.07949216314259162,0.033325359465518234,-2.3853355047780416,18013
48,False,roni:lag12:uniform,roni,12,uniform,0.0011857986694918097,0.0018006951631511937,0.6585227159807977,18013
48,False,oni:lag0:exposure,oni,0,exposure,0.009555369866939832,0.034250913969589195,0.27898145653642653,17992
48,False,oni:lag0:uniform,oni,0,uniform,0.00025089672511424005,0.0018517507596046456,0.13549162802439313,17992
48,False,oni:lag3:exposure,oni,3,exposure,-0.028392063454716062,0.03409053762857895,-0.8328429361851508,18013
48,False,oni:lag3:uniform,oni,3,uniform,0.0030435463201146013,0.001842901102689367,1.65149736774975,18013
48,False,oni:lag6:exposure,oni,6,exposure,-0.058495980057706704,0.03404524056667725,-1.7181837779393256,18013
48,False,oni:lag6:uniform,oni,6,uniform,0.005233812836878253,0.0018406480313080586,2.8434620567620623,18013
48,False,oni:lag9:exposure,oni,9,exposure,-0.08118253737633176,0.03404375927683432,-2.384652550153997,18013
48,False,oni:lag9:uniform,oni,9,uniform,0.0036694605221210407,0.0018407142362565486,1.993498202949527,18013
48,False,oni:lag12:exposure,oni,12,exposure,-0.08416828152537871,0.03390422665265338,-2.482530641022352,18013
48,False,oni:lag12:uniform,oni,12,uniform,0.0021181231491045386,0.001833057464000245,1.1555137745012098,18013
49,False,roni:lag0:exposure,roni,0,exposure,-0.08034426919653032,0.03334143540778309,-2.4097423585361017,17992
49,False,roni:lag0:uniform,roni,0,uniform,0.0012477180479132878,0.0018015859538385915,0.69256648302281,17992
49,False,roni:lag3:exposure,roni,3,exposure,-0.06921618350092232,0.033228760229942846,-2.08302034207556,18013
49,False,roni:lag3:uniform,roni,3,uniform,-0.0010440995024781732,0.001795381976956833,-0.5815472784504158,18013
49,False,roni:lag6:exposure,roni,6,exposure,-0.045694315619054696,0.033154983217261465,-1.3782035514729165,18013
49,False,roni:lag6:uniform,roni,6,uniform,-0.0003662615556314694,0.0017911483845256832,-0.2044842062197207,18013
49,False,roni:lag9:exposure,roni,9,exposure,-0.012985891695892895,0.0330630876020804,-0.3927610104712603,18013
49,False,roni:lag9:uniform,roni,9,uniform,-0.00018621282642246993,0.0017859685868571184,-0.10426433465448594,18013
49,False,roni:lag12:exposure,roni,12,exposure,0.006065012117134957,0.03305769570623444,0.1834674797369842,18013
49,False,roni:lag12:uniform,roni,12,uniform,0.0016293114524248383,0.001785679101645201,0.912432391085108,18013
49,False,oni:lag0:exposure,oni,0,exposure,-0.08483062903277958,0.03391739686206292,-2.501094921222089,17992
49,False,oni:lag0:uniform,oni,0,uniform,0.0021654942312195626,0.0018337773323330797,1.1808926814819147,17992
49,False,oni:lag3:exposure,oni,3,exposure,-0.07058794156164093,0.033759164566739344,-2.0909267888455547,18013
49,False,oni:lag3:uniform,oni,3,uniform,9.336996308130856e-05,0.001824944251592887,0.051163186491757974,18013
49,False,oni:lag6:exposure,oni,6,exposure,-0.045992493312189645,0.03368211303759277,-1.3654871729946754,18013
49,False,oni:lag6:uniform,oni,6,uniform,0.0005649067480305769,0.0018204203479741,0.3103166522277382,18013
49,False,oni:lag9:exposure,oni,9,exposure,-0.011366611579056616,0.03361159962755579,-0.33817526404598514,18013
49,False,oni:lag9:uniform,oni,9,uniform,0.0005274492403441302,0.0018161526514273354,0.2904212043682571,18013
49,False,oni:lag12:exposure,oni,12,exposure,0.005284602553634948,0.03359246637071714,0.1573151103380008,18013
49,False,oni:lag12:uniform,oni,12,uniform,0.0023083387174244927,0.001814993364070541,1.271816615487514,18013
50,False,roni:lag0:exposure,roni,0,exposure,0.004860684506314135,0.03308212895449584,0.1469278024095717,17992
50,False,roni:lag0:uniform,roni,0,uniform,0.0017206651615909803,0.0017870234006572864,0.9628666087741778,17992
50,False,roni:lag3:exposure,roni,3,exposure,0.03636305023759171,0.033070114310016156,1.0995743739107127,18013
50,False,roni:lag3:uniform,roni,3,uniform,0.00182421592999931,0.001786446455904504,1.0211422368523677,18013
50,False,roni:lag6:exposure,roni,6,exposure,0.05160960620619679,0.033067846176400933,1.5607187093735877,18013
50,False,roni:lag6:uniform,roni,6,uniform,-0.0007455730554881085,0.0017864989937851565,-0.4173375177270157,18013
50,False,roni:lag9:exposure,roni,9,exposure,0.06506530605941449,0.03314313328113538,1.9631609814165876,18013
50,False,roni:lag9:uniform,roni,9,uniform,-0.0010640440425501447,0.00179063232734186,-0.5942280982549255,18013
50,False,roni:lag12:exposure,roni,12,exposure,0.05139111966497612,0.03323633547468353,1.5462330287321022,18013
50,False,roni:lag12:uniform,roni,12,uniform,-0.0007140897969748594,0.0017954721641993728,-0.39771699679525935,18013
50,False,oni:lag0:exposure,oni,0,exposure,0.0045757907546062505,0.03360657837539977,0.13615759103746658,17992
50,False,oni:lag0:uniform,oni,0,uniform,0.0023605584977796803,0.0018157566825948279,1.300041200677999,17992
50,False,oni:lag3:exposure,oni,3,exposure,0.0375241430965605,0.03359008773790781,1.117119532087823,18013
50,False,oni:lag3:uniform,oni,3,uniform,0.002117040747253676,0.0018149155671643633,1.166467898317361,18013
50,False,oni:lag6:exposure,oni,6,exposure,0.04925087762027485,0.03360582035595774,1.465546060134893,18013
50,False,oni:lag6:uniform,oni,6,uniform,-0.0006609496989054259,0.001815976647174872,-0.36396376568700384,18013
50,False,oni:lag9:exposure,oni,9,exposure,0.05913682201723648,0.033785353820636674,1.7503685866718584,18013
50,False,oni:lag9:uniform,oni,9,uniform,-0.0006014051384034784,0.0018258116117327104,-0.32939057597116495,18013
50,False,oni:lag12:exposure,oni,12,exposure,0.047602746550108835,0.03396660659819783,1.4014572345485492,18013
50,False,oni:lag12:uniform,oni,12,uniform,-0.0001183129297498005,0.0018355072476794695,-0.06445789298809744,18013
51,False,roni:lag0:exposure,roni,0,exposure,0.053020723650683284,0.033269536138007705,1.5936718633750795,17992
51,False,roni:lag0:uniform,roni,0,uniform,-0.000827427791304809,0.0017972755282925283,-0.4603789337135709,17992
51,False,roni:lag3:exposure,roni,3,exposure,0.027349623258990756,0.03328881006103336,0.8215860888042137,18013
51,False,roni:lag3:uniform,roni,3,uniform,0.00035819126161274053,0.0017982270491872802,0.19919134337047553,18013
51,False,roni:lag6:exposure,roni,6,exposure,0.020261130068750886,0.03325385099625988,0.6092867280553368,18013
51,False,roni:lag6:uniform,roni,6,uniform,0.00030268371007544597,0.0017963286802229934,0.1685012956748379,18013
51,False,roni:lag9:exposure,roni,9,exposure,0.050607576753958744,0.033196402812199426,1.5244897780117563,18013
51,False,roni:lag9:uniform,roni,9,uniform,0.0018617497123488288,0.0017931645712086495,1.0382481018426273,18013
51,False,roni:lag12:exposure,roni,12,exposure,0.07553814570120287,0.03317029130676787,2.2772831568648453,18013
51,False,roni:lag12:uniform,roni,12,uniform,0.001893639492968017,0.0017920684286607887,1.0566781171314603,18013
51,False,oni:lag0:exposure,oni,0,exposure,0.049759345287588,0.0340176833376002,1.4627493822481537,17992
51,False,oni:lag0:uniform,oni,0,uniform,-0.00026829419691670183,0.0018383196764180064,-0.1459453436518055,17992
51,False,oni:lag3:exposure,oni,3,exposure,0.023713901392189218,0.03405322065339433,0.6963776388012651,18013
51,False,oni:lag3:uniform,oni,3,uniform,0.0010953176793000899,0.0018402606069780484,0.595197047171893,18013
51,False,oni:lag6:exposure,oni,6,exposure,0.01008817122346282,0.034033455818947775,0.2964192433801076,18013
51,False,oni:lag6:uniform,oni,6,uniform,0.000946047227142526,0.0018392264244750697,0.5143723548950944,18013
51,False,oni:lag9:exposure,oni,9,exposure,0.03665440866630243,0.033973552971882266,1.0789100773957594,18013
51,False,oni:lag9:uniform,oni,9,uniform,0.002298929093490089,0.0018359308371367453,1.2521871995327556,18013
51,False,oni:lag12:exposure,oni,12,exposure,0.06417171305086135,0.03396860371633474,1.8891478020923953,18013
51,False,oni:lag12:uniform,oni,12,uniform,0.002177127428303605,0.0018360208905175528,1.1857857606891924,18013
52,False,roni:lag0:exposure,roni,0,exposure,0.07593901397423869,0.03318075140504302,2.2886466025810672,17992
52,False,roni:lag0:uniform,roni,0,uniform,0.0018665573924079029,0.0017926314097639674,1.0412388080680062,17992
52,False,roni:lag3:exposure,roni,3,exposure,0.06900234603821598,0.03316651096206449,2.0804825119271713,18013
52,False,roni:lag3:uniform,roni,3,uniform,-0.0013167776208783857,0.0017920139865882756,-0.7348032050717036,18013
52,False,roni:lag6:exposure,roni,6,exposure,0.04439716579173393,0.03320025302717905,1.3372538382580592,18013
52,False,roni:lag6:uniform,roni,6,uniform,-0.004605022288988664,0.0017935382340218712,-2.567562933220697,18013
52,False,roni:lag9:exposure,roni,9,exposure,0.014658940126821438,0.03340073757333075,0.43888073114068166,18013
52,False,roni:lag9:uniform,roni,9,uniform,-0.004253982023631955,0.001804309175857671,-2.357679094332512,18013
52,False,roni:lag12:exposure,roni,12,exposure,0.001520094036844744,0.03357165109066137,0.04527909672180493,18013
52,False,roni:lag12:uniform,roni,12,uniform,-0.002607807484675685,0.0018138512557143588,-1.437718487919032,18013
52,False,oni:lag0:exposure,oni,0,exposure,0.06493616565429457,0.03398339019026025,1.9108207065493275,17992
52,False,oni:lag0:uniform,oni,0,uniform,0.0021233050526152583,0.0018368302406321117,1.1559615067555515,17992
52,False,oni:lag3:exposure,oni,3,exposure,0.05549106987898945,0.03397145372196359,1.6334617391752289,18013
52,False,oni:lag3:uniform,oni,3,uniform,-0.0015194569765823722,0.0018365294536531144,-0.8273523593972095,18013
52,False,oni:lag6:exposure,oni,6,exposure,0.032239242813872464,0.03404863144679098,0.9468586972211757,18013
52,False,oni:lag6:uniform,oni,6,uniform,-0.004978613845318182,0.0018406016125922572,-2.7048839962203592,18013
52,False,oni:lag9:exposure,oni,9,exposure,0.006094525941612229,0.03435821380753658,0.17738192025207597,18013
52,False,oni:lag9:uniform,oni,9,uniform,-0.00427634464271584,0.0018572055107820154,-2.3025694345022676,18013
52,False,oni:lag12:exposure,oni,12,exposure,-0.0040241650243769645,0.03456796049160464,-0.11641314579013982,18013
52,False,oni:lag12:uniform,oni,12,uniform,-0.002584818181830593,0.0018688134925789314,-1.3831333046849887,18013
53,False,roni:lag0:exposure,roni,0,exposure,0.003675228812274648,0.03362671629602718,0.10929490646426446,17992
53,False,roni:lag0:uniform,roni,0,uniform,-0.002770663505045344,0.0018168358297672763,-1.5249938710203916,17992
53,False,roni:lag3:exposure,roni,3,exposure,-0.009283080841252348,0.033680855610741814,-0.27561891385834336,18013
53,False,roni:lag3:uniform,roni,3,uniform,-1.322312130334679e-05,0.0018198574691246207,-0.007266020294274646,18013
53,False,roni:lag6:exposure,roni,6,exposure,-0.025677703456585148,0.033544847084431395,-0.7654738562961734,18013
53,False,roni:lag6:uniform,roni,6,uniform,-0.0022576575484339026,0.0018124014962897568,-1.2456718630257413,18013
53,False,roni:lag9:exposure,roni,9,exposure,-0.03956554091771151,0.03328459034556267,-1.188704457736737,18013
53,False,roni:lag9:uniform,roni,9,uniform,-0.002807434696518298,0.0017985617839254898,-1.560933142030223,18013
53,False,roni:lag12:exposure,roni,12,exposure,-0.05915527466652727,0.033214446782641,-1.7810103854399835,18013
53,False,roni:lag12:uniform,roni,12,uniform,-0.000959402131412377,0.0017952215342015344,-0.5344199103756255,18013
53,False,oni:lag0:exposure,oni,0,exposure,-0.0019114425421177647,0.03462169442027899,-0.055209387470018634,17992
53,False,oni:lag0:uniform,oni,0,uniform,-0.0027471905616314562,0.0018717568177504433,-1.4677069882043472,17992
53,False,oni:lag3:exposure,oni,3,exposure,-0.011643658264766524,0.03465615090890294,-0.3359766725212217,18013
53,False,oni:lag3:uniform,oni,3,uniform,-0.00011713651498902178,0.0018737965655225334,-0.06251293077610946,18013
53,False,oni:lag6:exposure,oni,6,exposure,-0.03097608663420008,0.03451938337378764,-0.8973534173186254,18013
53,False,oni:lag6:uniform,oni,6,uniform,-0.001895838727612767,0.0018662567675855016,-1.0158509592790588,18013
53,False,oni:lag9:exposure,oni,9,exposure,-0.04288369122997479,0.03431984212383215,-1.2495305507304706,18013
53,False,oni:lag9:uniform,oni,9,uniform,-0.0021513198745351163,0.0018553160083386586,-1.1595436383161024,18013
53,False,oni:lag12:exposure,oni,12,exposure,-0.05561888856195945,0.03428144199711409,-1.622419750214755,18013
53,False,oni:lag12:uniform,oni,12,uniform,-0.00024022877758442037,0.0018533489499586683,-0.1296187518220882,18013
54,False,roni:lag0:exposure,roni,0,exposure,-0.06172358478688462,0.033281337672786675,-1.8546004789150787,17992
54,False,roni:lag0:uniform,roni,0,uniform,-0.0007886105547609756,0.0017989308961988734,-0.4383773475831136,17992
54,False,roni:lag3:exposure,roni,3,exposure,-0.019276770555402032,0.033251194600596355,-0.5797316694016252,18013
54,False,roni:lag3:uniform,roni,3,uniform,0.0014701409694352363,0.0017971919906417263,0.8180211001887955,18013
54,False,roni:lag6:exposure,roni,6,exposure,-0.008109892772780064,0.03324923568026977,-0.24391215638056024,18013
54,False,roni:lag6:uniform,roni,6,uniform,0.003401744500200382,0.00179702625560045,1.8929854194388154,18013
54,False,roni:lag9:exposure,roni,9,exposure,0.008160896572228125,0.03325839744271428,0.24537852692045103,18013
54,False,roni:lag9:uniform,roni,9,uniform,0.004728166399781524,0.0017972149133709007,2.6308297158035807,18013
54,False,roni:lag12:exposure,roni,12,exposure,0.005359039043428934,0.03327499367208508,0.16105304470500073,18013
54,False,roni:lag12:uniform,roni,12,uniform,0.005747379573266566,0.0017977934797828925,3.1969075635765676,18013
54,False,oni:lag0:exposure,oni,0,exposure,-0.058038189899977055,0.034341271637074046,-1.69004195631825,17992
54,False,oni:lag0:uniform,oni,0,uniform,-7.558573966271621e-05,0.0018566452984626904,-0.04071092078023815,17992
54,False,oni:lag3:exposure,oni,3,exposure,-0.015301050223936461,0.034313679583664145,-0.44591691738069666,18013
54,False,oni:lag3:uniform,oni,3,uniform,0.0021301240197032787,0.0018549864399288673,1.1483232296754482,18013
54,False,oni:lag6:exposure,oni,6,exposure,-0.005486555264533142,0.03430105524253697,-0.1599529584655235,18013
54,False,oni:lag6:uniform,oni,6,uniform,0.004677484262232115,0.0018542896287430078,2.522520856357755,18013
54,False,oni:lag9:exposure,oni,9,exposure,0.012022326926104438,0.034329323734383486,0.350205760507398,18013
54,False,oni:lag9:uniform,oni,9,uniform,0.00618440678844131,0.001856024687391242,3.332071405329138,18013
54,False,oni:lag12:exposure,oni,12,exposure,0.001243683157561393,0.03439008137563198,0.03616400740600277,18013
54,False,oni:lag12:uniform,oni,12,uniform,0.0067650645441180764,0.001859448890192434,3.638209460770907,18013
55,False,roni:lag0:exposure,roni,0,exposure,0.005852054140389698,0.03328650478957501,0.1758086100473517,17992
55,False,roni:lag0:uniform,roni,0,uniform,0.005713278856328295,0.0017984124561230925,3.1768456879155695,17992
55,False,roni:lag3:exposure,roni,3,exposure,0.005052538140093357,0.033280780059448775,0.15181549624342072,18013
55,False,roni:lag3:uniform,roni,3,uniform,0.007587069678995792,0.0017977878951274907,4.220225144222452,18013
55,False,roni:lag6:exposure,roni,6,exposure,-0.0012973148931998137,0.033323954958238665,-0.03893039991278344,18013
55,False,roni:lag6:uniform,roni,6,uniform,0.005434493851582111,0.0017999822359846737,3.0191930469853725,18013
55,False,roni:lag9:exposure,roni,9,exposure,-0.015261518102605525,0.0334089730090091,-0.45680895663838833,18013
55,False,roni:lag9:uniform,roni,9,uniform,0.004086178247758603,0.0018047737875811053,2.2640944122062017,18013
55,False,roni:lag12:exposure,roni,12,exposure,-0.005401529674525178,0.0334354139814641,-0.1615511528440974,18013
55,False,roni:lag12:uniform,roni,12,uniform,0.003028020764939829,0.0018064573639173774,1.6762204441811133,18013
55,False,oni:lag0:exposure,oni,0,exposure,0.002430096744297218,0.034413682041689625,0.07061426154148039,17992
55,False,oni:lag0:uniform,oni,0,uniform,0.006683869152410907,0.0018607368263800054,3.592055070686233,17992
55,False,oni:lag3:exposure,oni,3,exposure,-0.0041535232298438775,0.0344313414435135,-0.12063204788747367,18013
55,False,oni:lag3:uniform,oni,3,uniform,0.007888109221515567,0.0018615450983037712,4.237398937422019,18013
55,False,oni:lag6:exposure,oni,6,exposure,-0.010032788553509158,0.034520941631933054,-0.2906290523729076,18013
55,False,oni:lag6:uniform,oni,6,uniform,0.00535960470124465,0.0018662570549326236,2.8718469875727513,18013
55,False,oni:lag9:exposure,oni,9,exposure,-0.024194554049476336,0.034686685269728526,-0.6975170403668178,18013
55,False,oni:lag9:uniform,oni,9,uniform,0.003927269949808421,0.0018754636135678556,2.0940262031195784,18013
55,False,oni:lag12:exposure,oni,12,exposure,-0.0115461491109865,0.03474621248526225,-0.33229950216541865,18013
55,False,oni:lag12:uniform,oni,12,uniform,0.0025290889991907047,0.001878903538329339,1.3460451521846033,18013
56,False,roni:lag0:exposure,roni,0,exposure,-0.0042137611122866755,0.03345888604651739,-0.125938475848489,17992
56,False,roni:lag0:uniform,roni,0,uniform,0.0029445188679611497,0.0018077251481082015,1.6288531865823805,17992
56,False,roni:lag3:exposure,roni,3,exposure,0.0020570054425616633,0.033456785844793786,0.06148245835999079,18013
56,False,roni:lag3:uniform,roni,3,uniform,0.0006508062978516345,0.0018077318375278812,0.3600126325935757,18013
56,False,roni:lag6:exposure,roni,6,exposure,0.021831031020331165,0.03344839139677121,0.6526780544202352,18013
56,False,roni:lag6:uniform,roni,6,uniform,-0.002428184669009838,0.0018075445539052332,-1.3433608946256401,18013
56,False,roni:lag9:exposure,roni,9,exposure,0.03828990038893907,0.03343384322224121,1.1452437619695321,18013
56,False,roni:lag9:uniform,roni,9,uniform,-0.0026187316811644473,0.0018069764804123385,-1.449233960459116,18013
56,False,roni:lag12:exposure,roni,12,exposure,0.04625458571699425,0.03345096731461279,1.382757792381935,18013
56,False,roni:lag12:uniform,roni,12,uniform,-0.002921056995111468,0.0018080922478478142,-1.6155464405029247,18013
56,False,oni:lag0:exposure,oni,0,exposure,-0.010097301579735015,0.03477675387886873,-0.2903462932424639,17992
56,False,oni:lag0:uniform,oni,0,uniform,0.0024253821215272993,0.0018805672363155777,1.2897077406703774,17992
56,False,oni:lag3:exposure,oni,3,exposure,-0.0009409650493835311,0.03477769803667549,-0.027056565054743367,18013
56,False,oni:lag3:uniform,oni,3,uniform,-0.00033698910391482514,0.0018807116229816454,-0.17918169898932662,18013
56,False,oni:lag6:exposure,oni,6,exposure,0.021843979868065556,0.03476335868550428,0.6283621805845279,18013
56,False,oni:lag6:uniform,oni,6,uniform,-0.003242639747359947,0.0018800568790895416,-1.724756194041462,18013
56,False,oni:lag9:exposure,oni,9,exposure,0.035388540169425685,0.03475601397127157,1.0181990431548607,18013
56,False,oni:lag9:uniform,oni,9,uniform,-0.0033446172311661147,0.0018796569110715328,-1.7793764444275388,18013
56,False,oni:lag12:exposure,oni,12,exposure,0.03931962689256465,0.034787463437030076,1.1302815154585326,18013
56,False,oni:lag12:uniform,oni,12,uniform,-0.0031811207293768705,0.0018813588810380213,-1.6908633230156058,18013
57,False,roni:lag0:exposure,roni,0,exposure,0.045735957957271665,0.033463097566514846,1.3667580494113543,17992
57,False,roni:lag0:uniform,roni,0,uniform,-0.0028822245857177456,0.0018087515438071917,-1.593488390147289,17992
57,False,roni:lag3:exposure,roni,3,exposure,0.06955112841401197,0.03345559684401275,2.0789086124601273,18013
57,False,roni:lag3:uniform,roni,3,uniform,-0.0021890016420976844,0.0018084758257414857,-1.210412442864798,18013
57,False,roni:lag6:exposure,roni,6,exposure,0.04746398161197624,0.03347395825056909,1.4179375279339517,18013
57,False,roni:lag6:uniform,roni,6,uniform,-2.804993544307109e-05,0.0018095016162852277,-0.015501470233917514,18013
57,False,roni:lag9:exposure,roni,9,exposure,0.005982839196614908,0.03355365451383076,0.17830663405527977,18013
57,False,roni:lag9:uniform,roni,9,uniform,0.0012302110256608215,0.001814174996385509,0.6781104513687188,18013
57,False,roni:lag12:exposure,roni,12,exposure,0.005982332664595393,0.033569341065884314,0.17820822436920244,18013
57,False,roni:lag12:uniform,roni,12,uniform,-0.00017906326849910295,0.0018154917653522616,-0.09863072469753623,18013
57,False,oni:lag0:exposure,oni,0,exposure,0.038658899722931774,0.034801523248725146,1.1108392999535712,17992
57,False,oni:lag0:uniform,oni,0,uniform,-0.0031323911514138654,0.0018821229920820272,-1.664286109139327,17992
57,False,oni:lag3:exposure,oni,3,exposure,0.06293103289146733,0.0348023676502546,1.808239988839005,18013
57,False,oni:lag3:uniform,oni,3,uniform,-0.0023577851865676644,0.0018822004262350261,-1.252674876545402,18013
57,False,oni:lag6:exposure,oni,6,exposure,0.03703479093431463,0.03484317272895567,1.0628995017878398,18013
57,False,oni:lag6:uniform,oni,6,uniform,-3.811624328202412e-05,0.0018843576303888725,-0.020227711909526495,18013
57,False,oni:lag9:exposure,oni,9,exposure,-0.004464051085351057,0.034927036120118264,-0.1278107615544202,18013
57,False,oni:lag9:uniform,oni,9,uniform,0.0012359325168261948,0.001889104243826174,0.6542426236484169,18013
57,False,oni:lag12:exposure,oni,12,exposure,-0.006601678697652361,0.034932452912451756,-0.18898411497748493,18013
57,False,oni:lag12:uniform,oni,12,uniform,-0.0002461090864724549,0.001889682209982376,-0.13023834651793129,18013
58,False,roni:lag0:exposure,roni,0,exposure,0.0052170712691882405,0.03358451077500083,0.15534158898844674,17992
58,False,roni:lag0:uniform,roni,0,uniform,-0.00012265828497617261,0.0018163184251698066,-0.06753126724720934,17992
58,False,roni:lag3:exposure,roni,3,exposure,0.016685436714989715,0.033573493979001265,0.49698243279134774,18013
58,False,roni:lag3:uniform,roni,3,uniform,-0.0031848828846863667,0.0018158380946072482,-1.7539465077558207,18013
58,False,roni:lag6:exposure,roni,6,exposure,-0.03138584030487905,0.033568324893468934,-0.9349838100198289,18013
58,False,roni:lag6:uniform,roni,6,uniform,-0.0049611056804158594,0.001815618993392623,-2.7324596726902786,18013
58,False,roni:lag9:exposure,roni,9,exposure,-0.031552747322720176,0.033501628359506166,-0.9418272743082057,18013
58,False,roni:lag9:uniform,roni,9,uniform,-0.001761089847317044,0.0018120671353748876,-0.9718678811272093,18013
58,False,roni:lag12:exposure,roni,12,exposure,0.001659091068619702,0.033427147684117045,0.04963304330653439,18013
58,False,roni:lag12:uniform,roni,12,uniform,-0.002573572094468816,0.00180807816648579,-1.4233743552530433,18013
58,False,oni:lag0:exposure,oni,0,exposure,-0.007250714490947193,0.034946014468507536,-0.20748330249451918,17992
58,False,oni:lag0:uniform,oni,0,uniform,-0.0001988488382915759,0.0018904188611720938,-0.10518771388489323,17992
58,False,oni:lag3:exposure,oni,3,exposure,0.005180112372749029,0.03492489650580296,0.14832148097814193,18013
58,False,oni:lag3:uniform,oni,3,uniform,-0.0034570056917131177,0.0018892615900267628,-1.8298184380407303,18013
58,False,oni:lag6:exposure,oni,6,exposure,-0.02980000975951331,0.03494254893755868,-0.8528287336097049,18013
58,False,oni:lag6:uniform,oni,6,uniform,-0.005384649328880354,0.0018902305280322112,-2.848673349110461,18013
58,False,oni:lag9:exposure,oni,9,exposure,-0.028888461288301935,0.03494451392633714,-0.8266951816585191,18013
58,False,oni:lag9:uniform,oni,9,uniform,-0.0019114951071853535,0.0018905114913287133,-1.011099438407482,18013
58,False,oni:lag12:exposure,oni,12,exposure,0.00555873980713147,0.03491855048291718,0.15919159673741073,18013
58,False,oni:lag12:uniform,oni,12,uniform,-0.002269436544908051,0.001889205546713048,-1.201265023203299,18013
59,False,roni:lag0:exposure,roni,0,exposure,0.0017212210853736443,0.03343624348221871,0.051477705211980064,17992
59,False,roni:lag0:uniform,roni,0,uniform,-0.002578319582581046,0.0018085702264040578,-1.4256120912194072,17992
59,False,roni:lag3:exposure,roni,3,exposure,0.0017286343457213668,0.03340997073875442,0.05174007362168115,18013
59,False,roni:lag3:uniform,roni,3,uniform,-0.001460406114925818,0.0018071689595678061,-0.8081181934837359,18013
59,False,roni:lag6:exposure,roni,6,exposure,-0.021020682043193496,0.0334078781847456,-0.6292133228859702,18013
59,False,roni:lag6:uniform,roni,6,uniform,-0.00014296075980278953,0.0018071143453481117,-0.07910996897943966,18013
59,False,roni:lag9:exposure,roni,9,exposure,-0.014755609400286631,0.03332796420639491,-0.4427395957613082,18013
59,False,roni:lag9:uniform,roni,9,uniform,-0.000733103972375005,0.0018028287404419205,-0.4066409392804011,18013
59,False,roni:lag12:exposure,roni,12,exposure,-0.013455136856727721,0.03324047797086635,-0.40478169021878957,18013
59,False,roni:lag12:uniform,roni,12,uniform,-0.00022372618054784845,0.0017981441982612872,-0.12442060028566126,18013
59,False,oni:lag0:exposure,oni,0,exposure,0.006144312277812255,0.034931360692018985,0.17589673451272367,17992
59,False,oni:lag0:uniform,oni,0,uniform,-0.0023131665882141317,0.0018899036825458372,-1.2239600407033064,17992
59,False,oni:lag3:exposure,oni,3,exposure,0.0072238570677159815,0.034910388602806874,0.20692571342890084,18013
59,False,oni:lag3:uniform,oni,3,uniform,-0.0011541506102460267,0.0018887438147301555,-0.6110678437408517,18013
59,False,oni:lag6:exposure,oni,6,exposure,-0.01404033372406584,0.03492134430586967,-0.4020559346481374,18013
59,False,oni:lag6:uniform,oni,6,uniform,-0.00018734415129569135,0.0018894535139985485,-0.09915255914352983,18013
59,False,oni:lag9:exposure,oni,9,exposure,-0.011519363220133798,0.03489110147249228,-0.33015189357709224,18013
59,False,oni:lag9:uniform,oni,9,uniform,-0.0009498713262450164,0.0018880144143544576,-0.503105971555727,18013
59,False,oni:lag12:exposure,oni,12,exposure,-0.009988758857958772,0.03484235317136604,-0.28668439266517975,18013
59,False,oni:lag12:uniform,oni,12,uniform,-0.00014741300730048795,0.0018855252842939416,-0.07818140044496331,18013
60,False,roni:lag0:exposure,roni,0,exposure,-0.013717088496048498,0.03325018690225879,-0.41254169597214063,17992
60,False,roni:lag0:uniform,roni,0,uniform,-0.00020462933886051244,0.0017986701774352768,-0.11376701600306363,17992
60,False,roni:lag3:exposure,roni,3,exposure,-0.033205857725970914,0.03322113143922728,-0.9995402410274825,18013
60,False,roni:lag3:uniform,roni,3,uniform,0.0010636979276757031,0.0017971007895543033,0.5918966447839075,18013
60,False,roni:lag6:exposure,roni,6,exposure,-0.05034439653073771,0.03325880804505974,-1.5137162000072297,18013
60,False,roni:lag6:uniform,roni,6,uniform,0.002699554743927085,0.001799176065251855,1.5004394489592057,18013
60,False,roni:lag9:exposure,roni,9,exposure,-0.028084889095520742,0.03338881521372816,-0.841146620979032,18013
60,False,roni:lag9:uniform,roni,9,uniform,0.0023597665943097925,0.0018062878909287853,1.3064177677105562,18013
60,False,roni:lag12:exposure,roni,12,exposure,0.007925630578825026,0.033617197668321594,0.23576119154909703,18013
60,False,roni:lag12:uniform,roni,12,uniform,-0.0012253765361026807,0.0018188836354902501,-0.673697048119519,18013
60,False,oni:lag0:exposure,oni,0,exposure,-0.010115718443697875,0.03485195849742404,-0.2902482064084158,17992
60,False,oni:lag0:uniform,oni,0,uniform,-0.00013801223353457256,0.0018860453784206386,-0.0731754575545489,17992
60,False,oni:lag3:exposure,oni,3,exposure,-0.029522344305522624,0.034839287701048854,-0.8473865642389078,18013
60,False,oni:lag3:uniform,oni,3,uniform,0.0009361851821657143,0.0018853549971897484,0.4965564488179483,18013
60,False,oni:lag6:exposure,oni,6,exposure,-0.03792116719063744,0.034831267490429724,-1.0887105156611572,18013
60,False,oni:lag6:uniform,oni,6,uniform,0.002419760173445412,0.001884916191242866,1.2837494763360717,18013
60,False,oni:lag9:exposure,oni,9,exposure,-0.01977581317707976,0.034767056008270174,-0.5688089659468323,18013
60,False,oni:lag9:uniform,oni,9,uniform,0.001846658349091263,0.0018813991262131525,0.981534605476396,18013
60,False,oni:lag12:exposure,oni,12,exposure,0.015121975839619958,0.034843983119425014,0.4339910218585107,18013
60,False,oni:lag12:uniform,oni,12,uniform,-0.0014842620657882755,0.0018857361092385527,-0.7870995620843313,18013
